route_id,stop_id,stop_sequence
1,1,1
1,2,2
1,3,3
1,4,4
1,5,5
1,6,6
1,7,7
1,8,8
1,9,9
1,10,10
1,11,11
1,12,12
1,13,13
1,14,14
1,15,15
1,16,16
1,17,17
1,18,18
1,19,19
1,20,20
1,21,21
1,22,22
1,23,23
1,24,24
1,25,25
1,26,26
1,27,27
1,28,28
1,29,29
1,30,30
1,31,31
1,32,32
1,33,33
1,34,34
1,35,35
1,36,36
1,37,37
1,38,38
2,39,1
2,40,2
2,41,3
2,42,4
2,43,5
2,44,6
2,45,7
2,46,8
2,47,9
2,48,10
2,49,11
2,50,12
2,51,13
2,52,14
2,53,15
2,54,16
2,55,17
2,56,18
2,57,19
2,58,20
2,59,21
2,60,22
2,61,23
2,62,24
2,63,25
2,64,26
2,65,27
2,66,28
2,67,29
2,68,30
2,69,31
2,70,32
2,71,33
2,72,34
2,73,35
2,74,36
2,75,37
2,76,38
3,77,0
3,78,1
3,79,2
3,80,3
3,81,4
3,82,5
3,83,6
3,84,7
3,85,8
3,86,9
3,87,10
3,88,11
3,89,12
3,90,13
3,91,14
3,92,15
3,93,16
3,94,17
3,95,18
3,96,19
3,97,20
3,98,21
3,99,22
3,100,23
3,101,24
3,102,25
3,103,26
3,104,27
3,105,28
3,106,29
3,107,30
3,108,31
3,109,32
3,110,33
3,111,34
3,112,35
3,113,36
3,114,37
3,115,38
3,116,39
3,117,40
3,118,41
3,119,42
3,120,43
4,121,0
4,122,1
4,123,2
4,124,3
4,125,4
4,126,5
4,127,6
4,128,7
4,129,8
4,130,9
4,131,10
4,132,11
4,133,12
4,134,13
4,135,14
4,136,15
4,137,16
4,138,17
4,139,18
4,140,19
4,141,20
4,142,21
4,143,22
4,144,23
4,145,24
4,146,25
4,147,26
4,148,27
4,149,28
4,150,29
4,151,30
4,152,31
4,153,32
4,154,33
4,155,34
4,156,35
4,157,36
4,158,37
4,159,38
4,160,39
4,161,40
4,162,41
4,163,42
4,164,43
5,165,0
5,166,1
5,167,2
5,168,3
5,169,4
5,170,5
5,171,6
5,172,7
5,173,8
5,174,9
5,175,10
5,176,11
5,177,12
5,178,13
5,179,14
5,180,15
5,181,16
5,182,17
5,183,18
5,184,19
5,185,20
5,186,21
5,187,22
5,188,23
5,189,24
5,190,25
5,191,26
5,192,27
5,193,28
5,194,29
5,195,30
5,196,31
5,197,32
5,198,33
5,199,34
5,200,35
5,201,36
5,202,37
5,203,38
5,204,39
5,205,40
5,206,41
5,207,42
5,208,43
5,209,44
5,210,45
5,211,46
5,212,47
5,213,48
6,214,0
6,215,1
6,216,2
6,217,3
6,218,4
6,219,5
6,220,6
6,221,7
6,222,8
6,223,9
6,224,10
6,225,11
6,226,12
6,227,13
6,228,14
6,229,15
6,230,16
6,231,17
6,232,18
6,233,19
6,234,20
6,235,21
6,236,22
6,237,23
6,238,24
6,239,25
6,240,26
6,241,27
6,242,28
6,243,29
6,244,30
6,245,31
6,246,32
6,247,33
6,248,34
6,249,35
6,250,36
6,251,37
6,252,38
6,253,39
6,254,40
6,255,41
6,256,42
6,257,43
6,258,44
6,259,45
6,260,46
6,261,47
6,262,48
7,263,0
7,264,1
7,265,2
7,266,3
7,267,4
7,268,5
7,269,6
7,270,7
7,271,8
7,272,9
7,273,10
7,274,11
7,275,12
7,276,13
7,277,14
7,278,15
7,279,16
7,280,17
7,281,18
7,282,19
7,283,20
7,284,21
7,285,22
7,286,23
7,287,24
7,288,25
7,289,26
7,290,27
7,291,28
7,292,29
7,293,30
7,294,31
7,295,32
7,296,33
7,297,34
7,298,35
7,299,36
7,300,37
7,301,38
7,302,39
7,303,40
7,304,41
7,305,42
7,306,43
7,307,44
7,308,45
7,309,46
7,310,47
7,311,48
7,312,49
7,313,50
7,314,51
7,315,52
7,316,53
7,317,54
7,318,55
7,319,56
7,320,57
7,321,58
7,322,59
7,323,60
7,324,61
7,325,62
7,326,63
7,327,64
7,328,65
7,329,66
7,330,67
7,331,68
7,332,69
7,333,70
7,334,71
7,335,72
8,336,0
8,337,1
8,338,2
8,339,3
8,340,4
8,341,5
8,342,6
8,343,7
8,344,8
8,345,9
8,346,10
8,347,11
8,348,12
8,349,13
8,350,14
8,351,15
8,352,16
8,353,17
8,354,18
8,355,19
8,356,20
8,357,21
8,358,22
8,359,23
8,360,24
8,361,25
8,362,26
8,363,27
8,364,28
8,365,29
8,366,30
8,367,31
8,368,32
8,369,33
8,370,34
8,371,35
8,372,36
8,373,37
8,374,38
8,375,39
8,376,40
8,377,41
8,378,42
8,379,43
8,380,44
8,381,45
8,382,46
8,383,47
8,384,48
8,385,49
8,386,50
8,387,51
8,388,52
8,389,53
8,390,54
8,391,55
8,392,56
8,393,57
8,394,58
8,395,59
8,396,60
8,397,61
8,398,62
8,399,63
8,400,64
8,401,65
8,402,66
8,403,67
8,404,68
8,405,69
8,406,70
8,407,71
9,408,0
9,409,1
9,410,2
9,411,3
9,412,4
9,413,5
9,414,6
9,415,7
9,416,8
9,417,9
9,418,10
9,419,11
9,420,12
9,421,13
9,422,14
9,423,15
9,424,16
9,425,17
9,426,18
9,427,19
9,428,20
9,429,21
9,430,22
9,431,23
9,432,24
9,433,25
9,434,26
9,435,27
9,436,28
9,437,29
9,438,30
9,439,31
9,440,32
9,441,33
9,442,34
9,443,35
9,444,36
9,445,37
9,446,38
9,447,39
9,448,40
9,449,41
9,450,42
9,451,43
9,452,44
9,453,45
9,454,46
9,455,47
9,456,48
9,457,49
9,458,50
9,459,51
9,460,52
9,461,53
9,462,54
9,463,55
9,464,56
9,465,57
9,466,58
9,467,59
9,468,60
9,469,61
10,470,0
10,471,1
10,472,2
10,473,3
10,474,4
10,475,5
10,476,6
10,477,7
10,478,8
10,479,9
10,480,10
10,481,11
10,482,12
10,483,13
10,484,14
10,485,15
10,486,16
10,487,17
10,488,18
10,489,19
10,490,20
10,491,21
10,492,22
10,493,23
10,494,24
10,495,25
10,496,26
10,497,27
10,498,28
10,499,29
10,500,30
10,501,31
10,502,32
10,503,33
10,504,34
10,505,35
10,506,36
10,507,37
10,508,38
10,509,39
10,510,40
10,511,41
10,512,42
10,513,43
10,514,44
10,515,45
10,516,46
10,517,47
10,518,48
10,519,49
10,520,50
10,521,51
10,522,52
10,523,53
10,524,54
10,525,55
10,526,56
10,527,57
10,528,58
10,529,59
10,530,60
11,531,0
11,532,1
11,533,2
11,534,3
11,535,4
11,536,5
11,537,6
11,538,7
11,539,8
11,540,9
11,541,10
11,542,11
11,543,12
11,544,13
11,545,14
11,546,15
11,547,16
11,548,17
11,549,18
11,550,19
11,551,20
11,552,21
11,553,22
11,554,23
11,555,24
11,556,25
11,557,26
11,558,27
11,559,28
11,560,29
11,561,30
11,562,31
11,563,32
11,564,33
11,565,34
12,566,0
12,567,1
12,568,2
12,569,3
12,570,4
12,571,5
12,572,6
12,573,7
12,574,8
12,575,9
12,576,10
12,577,11
12,578,12
12,579,13
12,580,14
12,581,15
12,582,16
12,583,17
12,584,18
12,585,19
12,586,20
12,587,21
12,588,22
12,589,23
12,590,24
12,591,25
12,592,26
12,593,27
12,594,28
12,595,29
12,596,30
12,597,31
12,598,32
12,599,33
12,600,34
13,601,0
13,602,1
13,603,2
13,604,3
13,605,4
13,606,5
13,607,6
13,608,7
13,609,8
13,610,9
13,611,10
13,612,11
13,613,12
13,614,13
13,615,14
13,616,15
13,617,16
13,618,17
13,619,18
13,620,19
13,621,20
13,622,21
13,623,22
13,624,23
13,625,24
13,626,25
13,627,26
13,628,27
13,629,28
13,630,29
13,631,30
13,632,31
13,633,32
13,634,33
13,635,34
13,636,35
13,637,36
14,638,0
14,639,1
14,640,2
14,641,3
14,642,4
14,643,5
14,644,6
14,645,7
14,646,8
14,647,9
14,648,10
14,649,11
14,650,12
14,651,13
14,652,14
14,653,15
14,654,16
14,655,17
14,656,18
14,657,19
14,658,20
14,659,21
14,660,22
14,661,23
14,662,24
14,663,25
14,664,26
14,665,27
14,666,28
14,667,29
14,668,30
14,669,31
14,670,32
14,671,33
14,672,34
14,673,35
14,674,36
15,675,0
15,676,1
15,677,2
15,678,3
15,679,4
15,680,5
15,681,6
15,682,7
15,683,8
15,684,9
15,685,10
15,686,11
15,687,12
15,688,13
15,689,14
15,690,15
15,691,16
15,692,17
15,693,18
15,694,19
15,695,20
15,696,21
15,697,22
15,698,23
15,699,24
15,700,25
15,701,26
15,702,27
15,703,28
15,704,29
15,705,30
16,706,0
16,707,1
16,708,2
16,709,3
16,710,4
16,711,5
16,712,6
16,713,7
16,714,8
16,715,9
16,716,10
16,717,11
16,718,12
16,719,13
16,720,14
16,721,15
16,722,16
16,723,17
16,724,18
16,725,19
16,726,20
16,727,21
16,728,22
16,729,23
16,730,24
16,731,25
16,732,26
16,733,27
16,734,28
16,735,29
16,736,30
16,737,31
16,738,32
16,739,33
16,740,34
17,741,0
17,742,1
17,743,2
17,744,3
17,745,4
17,746,5
17,747,6
17,748,7
17,749,8
17,750,9
17,751,10
17,752,11
17,753,12
17,754,13
17,755,14
17,756,15
17,757,16
17,758,17
17,759,18
17,760,19
17,761,20
17,762,21
17,763,22
17,764,23
17,765,24
17,766,25
17,767,26
17,768,27
17,769,28
17,770,29
17,771,30
17,772,31
17,773,32
17,774,33
17,775,34
17,776,35
17,777,36
17,778,37
17,779,38
17,780,39
17,781,40
17,782,41
17,783,42
17,784,43
17,785,44
17,786,45
17,787,46
17,788,47
17,789,48
17,790,49
17,791,50
18,792,0
18,793,1
18,794,2
18,795,3
18,796,4
18,797,5
18,798,6
18,799,7
18,800,8
18,801,9
18,802,10
18,803,11
18,804,12
18,805,13
18,806,14
18,807,15
18,808,16
18,809,17
18,810,18
18,811,19
18,812,20
18,813,21
18,814,22
18,815,23
18,816,24
18,817,25
18,818,26
18,819,27
18,820,28
18,821,29
18,822,30
18,823,31
18,824,32
18,825,33
18,826,34
19,827,0
19,828,1
19,829,2
19,830,3
19,831,4
19,832,5
19,833,6
19,834,7
19,835,8
19,836,9
19,837,10
19,838,11
19,839,12
19,840,13
19,841,14
19,842,15
19,843,16
19,844,17
19,845,18
19,846,19
19,847,20
19,848,21
19,849,22
19,850,23
19,851,24
19,852,25
19,853,26
19,854,27
19,855,28
19,856,29
19,857,30
19,858,31
19,859,32
19,860,33
19,861,34
19,862,35
19,863,36
19,864,37
20,865,0
20,866,1
20,867,2
20,868,3
20,869,4
20,870,5
20,871,6
20,872,7
20,873,8
20,874,9
20,875,10
20,876,11
20,877,12
20,878,13
20,879,14
20,880,15
20,881,16
20,882,17
20,883,18
20,884,19
20,885,20
20,886,21
20,887,22
20,888,23
20,889,24
20,890,25
20,891,26
21,892,0
21,893,1
21,894,2
21,895,3
21,896,4
21,897,5
21,898,6
21,899,7
21,900,8
21,901,9
21,902,10
21,903,11
21,904,12
21,905,13
21,906,14
21,907,15
21,908,16
21,909,17
21,910,18
21,911,19
21,912,20
21,913,21
21,914,22
21,915,23
21,916,24
22,917,0
22,918,1
22,919,2
22,920,3
22,921,4
22,922,5
22,923,6
22,924,7
22,925,8
22,926,9
22,927,10
22,928,11
22,929,12
22,930,13
22,931,14
22,932,15
22,933,16
22,934,17
22,935,18
22,936,19
22,937,20
22,938,21
22,939,22
22,940,23
22,941,24
22,942,25
22,943,26
22,944,27
22,945,28
22,946,29
22,947,30
22,948,31
22,949,32
22,950,33
22,951,34
22,952,35
22,953,36
22,954,37
22,955,38
22,956,39
22,957,40
22,958,41
22,959,42
22,960,43
22,961,44
22,962,45
22,963,46
22,964,47
22,965,48
23,966,0
23,967,1
23,968,2
23,969,3
23,970,4
23,971,5
23,972,6
23,973,7
23,974,8
23,975,9
23,976,10
23,977,11
23,978,12
23,979,13
23,980,14
23,981,15
23,982,16
23,983,17
23,984,18
23,985,19
23,986,20
23,987,21
23,988,22
23,989,23
23,990,24
23,991,25
23,992,26
23,993,27
23,994,28
23,995,29
24,996,0
24,997,1
24,998,2
24,999,3
24,1000,4
24,1001,5
24,1002,6
24,1003,7
24,1004,8
24,1005,9
24,1006,10
24,1007,11
24,1008,12
24,1009,13
24,1010,14
24,1011,15
24,1012,16
24,1013,17
24,1014,18
24,1015,19
24,1016,20
24,1017,21
24,1018,22
24,1019,23
24,1020,24
24,1021,25
24,1022,26
25,1023,0
25,1024,1
25,1025,2
25,1026,3
25,1027,4
25,1028,5
25,1029,6
25,1030,7
25,1031,8
25,1032,9
25,1033,10
25,1034,11
25,1035,12
25,1036,13
25,1037,14
25,1038,15
25,1039,16
25,1040,17
25,1041,18
25,1042,19
25,1043,20
25,1044,21
25,1045,22
25,1046,23
25,1047,24
25,1048,25
25,1049,26
25,1050,27
25,1051,28
25,1052,29
25,1053,30
25,1054,31
25,1055,32
25,1056,33
25,1057,34
25,1058,35
25,1059,36
25,1060,37
25,1061,38
25,1062,39
25,1063,40
25,1064,41
25,1065,42
25,1066,43
25,1067,44
25,1068,45
25,1069,46
25,1070,47
26,1071,0
26,1072,1
26,1073,2
26,1074,3
26,1075,4
26,1076,5
26,1077,6
26,1078,7
26,1079,8
26,1080,9
26,1081,10
26,1082,11
26,1083,12
26,1084,13
26,1085,14
26,1086,15
26,1087,16
26,1088,17
26,1089,18
26,1090,19
26,1091,20
26,1092,21
26,1093,22
26,1094,23
26,1095,24
26,1096,25
26,1097,26
26,1098,27
26,1099,28
26,1100,29
26,1101,30
26,1102,31
27,1103,0
27,1104,1
27,1105,2
27,1106,3
27,1107,4
27,1108,5
27,1109,6
27,1110,7
27,1111,8
27,1112,9
27,1113,10
27,1114,11
27,1115,12
27,1116,13
27,1117,14
27,1118,15
27,1119,16
27,1120,17
27,1121,18
27,1122,19
27,1123,20
27,1124,21
27,1125,22
27,1126,23
27,1127,24
27,1128,25
27,1129,26
27,1130,27
27,1131,28
27,1132,29
27,1133,30
27,1134,31
27,1135,32
27,1136,33
27,1137,34
28,1138,0
28,1139,1
28,1140,2
28,1141,3
28,1142,4
28,1143,5
28,1144,6
28,1145,7
28,1146,8
28,1147,9
28,1148,10
28,1149,11
28,1150,12
28,1151,13
28,1152,14
28,1153,15
28,1154,16
28,1155,17
28,1156,18
28,1157,19
28,1158,20
29,1159,0
29,1160,1
29,1161,2
29,1162,3
29,1163,4
29,1164,5
29,1165,6
29,1166,7
29,1167,8
29,1168,9
29,1169,10
29,1170,11
29,1171,12
29,1172,13
29,1173,14
29,1174,15
29,1175,16
29,1176,17
29,1177,18
29,1178,19
29,1179,20
30,1180,0
30,1181,1
30,1182,2
30,1183,3
30,1184,4
30,1185,5
30,1186,6
30,1187,7
30,1188,8
30,1189,9
30,1190,10
30,1191,11
30,1192,12
30,1193,13
30,1194,14
30,1195,15
30,1196,16
30,1197,17
30,1198,18
30,1199,19
30,1200,20
30,1201,21
30,1202,22
30,1203,23
30,1204,24
30,1205,25
30,1206,26
30,1207,27
30,1208,28
30,1209,29
30,1210,30
31,1211,0
31,1212,1
31,1213,2
31,1214,3
31,1215,4
31,1216,5
31,1217,6
31,1218,7
31,1219,8
31,1220,9
31,1221,10
31,1222,11
31,1223,12
31,1224,13
31,1225,14
31,1226,15
31,1227,16
31,1228,17
31,1229,18
31,1230,19
31,1231,20
31,1232,21
31,1233,22
31,1234,23
31,1235,24
31,1236,25
31,1237,26
31,1238,27
31,1239,28
31,1240,29
31,1241,30
31,1242,31
32,1243,0
32,1244,1
32,1245,2
32,1246,3
32,1247,4
32,1248,5
32,1249,6
32,1250,7
32,1251,8
32,1252,9
32,1253,10
32,1254,11
32,1255,12
32,1256,13
32,1257,14
32,1258,15
32,1259,16
32,1260,17
32,1261,18
32,1262,19
32,1263,20
32,1264,21
32,1265,22
32,1266,23
32,1267,24
32,1268,25
32,1269,26
32,1270,27
32,1271,28
33,1272,0
33,1273,1
33,1274,2
33,1275,3
33,1276,4
33,1277,5
33,1278,6
33,1279,7
33,1280,8
33,1281,9
33,1282,10
33,1283,11
33,1284,12
33,1285,13
33,1286,14
33,1287,15
33,1288,16
33,1289,17
33,1290,18
33,1291,19
33,1292,20
33,1293,21
33,1294,22
33,1295,23
33,1296,24
33,1297,25
33,1298,26
33,1299,27
33,1300,28
34,1301,0
34,1302,1
34,1303,2
34,1304,3
34,1305,4
34,1306,5
34,1307,6
34,1308,7
34,1309,8
34,1310,9
34,1311,10
34,1312,11
34,1313,12
34,1314,13
34,1315,14
34,1316,15
34,1317,16
34,1318,17
34,1319,18
34,1320,19
34,1321,20
34,1322,21
34,1323,22
34,1324,23
34,1325,24
34,1326,25
34,1327,26
34,1328,27
34,1329,28
35,1330,0
35,1331,1
35,1332,2
35,1333,3
35,1334,4
35,1335,5
35,1336,6
35,1337,7
35,1338,8
35,1339,9
35,1340,10
35,1341,11
35,1342,12
35,1343,13
35,1344,14
35,1345,15
35,1346,16
35,1347,17
35,1348,18
35,1349,19
35,1350,20
35,1351,21
35,1352,22
35,1353,23
35,1354,24
35,1355,25
36,1356,0
36,1357,1
36,1358,2
36,1359,3
36,1360,4
36,1361,5
36,1362,6
36,1363,7
36,1364,8
36,1365,9
36,1366,10
36,1367,11
36,1368,12
36,1369,13
36,1370,14
36,1371,15
36,1372,16
36,1373,17
36,1374,18
36,1375,19
36,1376,20
36,1377,21
36,1378,22
36,1379,23
36,1380,24
36,1381,25
37,1382,0
37,1383,1
37,1384,2
37,1385,3
37,1386,4
37,1387,5
37,1388,6
37,1389,7
37,1390,8
37,1391,9
37,1392,10
37,1393,11
37,1394,12
37,1395,13
37,1396,14
37,1397,15
37,1398,16
37,1399,17
37,1400,18
37,1401,19
37,1402,20
37,1403,21
37,1404,22
37,1405,23
37,1406,24
37,1407,25
38,1408,1
38,1409,2
38,1410,3
38,1411,4
38,1412,5
38,1413,6
38,1414,7
38,1415,8
38,1416,9
38,1417,10
38,1418,11
38,1419,12
38,1420,13
38,1421,14
38,1422,15
38,1423,16
38,1424,17
38,1425,18
38,1426,19
38,1427,20
38,1428,21
38,1429,22
38,1430,23
38,1431,24
38,1432,25
38,1433,26
38,1434,27
38,1435,28
38,1436,29
38,1437,30
38,1438,31
38,1439,32
38,1440,33
38,1441,34
38,1442,35
38,1443,36
38,1444,37
38,1445,38
38,1446,39
38,1447,40
38,1448,41
38,1449,42
38,1450,43
38,1451,44
38,1452,45
38,1453,46
38,1454,47
38,1455,48
38,1456,49
39,1457,1
39,1458,2
39,1459,3
39,1460,4
39,1461,5
39,1462,6
39,1463,7
39,1464,8
39,1465,9
39,1466,10
39,1467,11
39,1468,12
39,1469,13
39,1470,14
39,1471,15
39,1472,16
39,1473,17
39,1474,18
39,1475,19
39,1476,20
39,1477,21
39,1478,22
39,1479,23
39,1480,24
39,1481,25
39,1482,26
39,1483,27
39,1484,28
39,1485,29
39,1486,30
39,1487,31
39,1488,32
39,1489,33
39,1490,34
39,1491,35
39,1492,36
39,1493,37
39,1494,38
39,1495,39
39,1496,40
39,1497,41
39,1498,42
39,1499,43
39,1500,44
39,1501,45
39,1502,46
39,1503,47
39,1504,48
39,1505,49
39,1506,50
39,1507,51
40,1508,0
40,1509,1
40,1510,2
40,1511,3
40,1512,4
40,1513,5
40,1514,6
40,1515,7
40,1516,8
40,1517,9
40,1518,10
40,1519,11
40,1520,12
40,1521,13
40,1522,14
40,1523,15
40,1524,16
40,1525,17
40,1526,18
40,1527,19
40,1528,20
40,1529,21
40,1530,22
40,1531,23
40,1532,24
40,1533,25
41,1534,0
41,1535,1
41,1536,2
41,1537,3
41,1538,4
41,1539,5
41,1540,6
41,1541,7
41,1542,8
41,1543,9
41,1544,10
41,1545,11
41,1546,12
41,1547,13
41,1548,14
41,1549,15
41,1550,16
41,1551,17
41,1552,18
41,1553,19
41,1554,20
41,1555,21
41,1556,22
41,1557,23
41,1558,24
41,1559,25
42,27504,0
42,1560,1
42,1561,2
42,1562,3
42,1563,4
42,1564,5
42,1565,6
42,1566,7
42,1567,8
42,1568,9
42,1569,10
42,1570,11
42,1571,12
42,1572,13
42,1573,14
42,1574,15
42,1575,16
42,1576,17
42,1577,18
42,1578,19
42,1579,20
42,1580,21
42,1581,22
42,1582,23
42,1583,24
42,1584,25
42,1585,26
42,1586,27
42,1587,28
42,1588,29
42,1589,30
42,1590,31
43,1591,0
43,1592,1
43,1593,2
43,1594,3
43,1595,4
43,1596,5
43,1597,6
43,1598,7
43,1599,8
43,1600,9
43,1601,10
43,1602,11
43,1603,12
43,1604,13
43,1605,14
43,1606,15
43,1607,16
43,1608,17
43,1609,18
43,1610,19
43,1611,20
43,1612,21
43,1613,22
43,1614,23
43,1615,24
43,1616,25
43,1617,26
43,1618,27
44,1619,0
44,1620,1
44,1621,2
44,1622,3
44,1623,4
44,1624,5
44,1625,6
44,1626,7
44,1627,8
44,1628,9
44,1629,10
44,1630,11
44,1631,12
44,1632,13
44,1633,14
44,1634,15
44,1635,16
44,1636,17
44,1637,18
44,1638,19
44,1639,20
44,1640,21
44,1641,22
44,1642,23
44,1643,24
45,1644,0
45,1645,1
45,1646,2
45,1647,3
45,1648,4
45,1649,5
45,1650,6
45,1651,7
45,1652,8
45,1653,9
45,1654,10
45,1655,11
45,1656,12
45,1657,13
45,1658,14
45,1659,15
45,1660,16
45,1661,17
45,1662,18
45,1663,19
45,1664,20
45,1665,21
45,1666,22
45,1667,23
45,1668,24
45,1669,25
45,1670,26
45,1671,27
45,1672,28
46,1673,0
46,1674,1
46,1675,2
46,1676,3
46,1677,4
46,1678,5
46,1679,6
46,1680,7
46,1681,8
46,1682,9
46,1683,10
46,1684,11
46,1685,12
46,1686,13
46,1687,14
46,1688,15
46,1689,16
46,1690,17
46,1691,18
46,1692,19
46,1693,20
46,1694,21
46,1695,22
46,1696,23
46,1697,24
46,1698,25
47,1699,0
47,1700,1
47,1701,2
47,1702,3
47,1703,4
47,1704,5
47,1705,6
47,1706,7
47,1707,8
47,1708,9
47,1709,10
47,1710,11
47,1711,12
47,1712,13
47,1713,14
47,1714,15
47,1715,16
47,1716,17
47,1717,18
47,1718,19
47,1719,20
47,1720,21
47,1721,22
48,1722,0
48,1723,1
48,1724,2
48,1725,3
48,1726,4
48,1727,5
48,1728,6
48,1729,7
48,1730,8
48,1731,9
48,1732,10
48,1733,11
48,1734,12
48,1735,13
48,1736,14
48,1737,15
48,1738,16
48,1739,17
48,1740,18
48,1741,19
49,1742,0
49,1743,1
49,1744,2
49,1745,3
49,1746,4
49,1747,5
49,1748,6
49,1749,7
49,1750,8
49,1751,9
49,1752,10
49,1753,11
49,1754,12
49,1755,13
49,1756,14
49,1757,15
49,1758,16
50,1759,0
50,1760,1
50,1761,2
50,1762,3
50,1763,4
50,1764,5
50,1765,6
50,1766,7
50,1767,8
50,1768,9
50,1769,10
50,1770,11
50,1771,12
50,1772,13
50,1773,14
50,1774,15
50,1775,16
50,1776,17
50,1777,18
50,1778,19
50,1779,20
50,1780,21
50,1781,22
50,1782,23
50,1783,24
50,1784,25
51,1785,0
51,1786,1
51,1787,2
51,1788,3
51,1789,4
51,1790,5
51,1791,6
51,1792,7
51,1793,8
51,1794,9
51,1795,10
51,1796,11
51,1797,12
51,1798,13
51,1799,14
51,1800,15
51,1801,16
51,1802,17
51,1803,18
51,1804,19
51,1805,20
51,1806,21
51,1807,22
52,1808,0
52,1809,1
52,1810,2
52,1811,3
52,1812,4
52,1813,5
52,1814,6
52,1815,7
52,1816,8
52,1817,9
52,1818,10
52,1819,11
52,1820,12
52,1821,13
52,1822,14
52,1823,15
52,1824,16
52,1825,17
52,1826,18
52,1827,19
52,1828,20
52,1829,21
52,1830,22
52,1831,23
52,1832,24
52,1833,25
53,1834,0
53,1835,1
53,1836,2
53,1837,3
53,1838,4
53,1839,5
53,1840,6
53,1841,7
53,1842,8
53,1843,9
53,1844,10
53,1845,11
53,1846,12
53,1847,13
53,1848,14
53,1849,15
53,1850,16
53,1851,17
53,1852,18
53,1853,19
53,1854,20
53,1855,21
53,1856,22
53,1857,23
53,1858,24
53,1859,25
54,1860,0
54,1861,1
54,1862,2
54,1863,3
54,1864,4
54,1865,5
54,1866,6
54,1867,7
54,1868,8
54,1869,9
54,1870,10
54,1871,11
54,1872,12
54,1873,13
54,1874,14
54,1875,15
54,1876,16
54,1877,17
54,1878,18
54,1879,19
54,1880,20
54,1881,21
54,1882,22
54,1883,23
54,1884,24
54,1885,25
54,1886,26
54,1887,27
54,1888,28
54,1889,29
54,1890,30
54,1891,31
54,1892,32
54,1893,33
54,1894,34
54,1895,35
54,1896,36
54,1897,37
54,1898,38
54,1899,39
54,1900,40
54,1901,41
54,1902,42
54,1903,43
54,1904,44
54,1905,45
54,1906,46
54,1907,47
54,1908,48
55,1909,0
55,1910,1
55,1911,2
55,1912,3
55,1913,4
55,1914,5
55,1915,6
55,1916,7
55,1917,8
55,1918,9
55,1919,10
55,1920,11
55,1921,12
55,1922,13
55,1923,14
55,1924,15
55,1925,16
55,1926,17
55,1927,18
55,1928,19
55,1929,20
55,1930,21
55,1931,22
55,1932,23
55,1933,24
55,1934,25
55,1935,26
55,1936,27
55,1937,28
55,1938,29
55,1939,30
55,1940,31
55,1941,32
55,1942,33
55,1943,34
55,1944,35
55,1945,36
55,1946,37
55,1947,38
55,1948,39
55,1949,40
55,1950,41
55,1951,42
55,1952,43
55,1953,44
55,1954,45
55,1955,46
55,1956,47
56,1957,0
56,1958,1
56,1959,2
56,1960,3
56,1961,4
56,1962,5
56,1963,6
56,1964,7
56,1965,8
56,1966,9
56,1967,10
56,1968,11
56,1969,12
56,1970,13
56,1971,14
56,1972,15
56,1973,16
56,1974,17
56,1975,18
56,1976,19
56,1977,20
56,1978,21
56,1979,22
56,1980,23
56,1981,24
56,1982,25
56,1983,26
56,1984,27
56,1985,28
56,1986,29
56,1987,30
56,1988,31
56,1989,32
56,1990,33
56,1991,34
56,1992,35
56,1993,36
56,1994,37
56,1995,38
57,1996,0
57,1997,1
57,1998,2
57,1999,3
57,2000,4
57,2001,5
57,2002,6
57,2003,7
57,2004,8
57,2005,9
57,2006,10
57,2007,11
57,2008,12
57,2009,13
57,2010,14
57,2011,15
57,2012,16
57,2013,17
57,2014,18
57,2015,19
57,2016,20
57,2017,21
57,2018,22
57,2019,23
57,2020,24
57,2021,25
57,2022,26
57,2023,27
57,2024,28
57,2025,29
57,2026,30
57,2027,31
57,2028,32
57,2029,33
57,2030,34
57,2031,35
57,2032,36
57,2033,37
57,2034,38
57,2035,39
57,2036,40
57,2037,41
57,2038,42
57,2039,43
57,2040,44
57,2041,45
57,2042,46
58,2043,0
58,2044,1
58,2045,2
58,2046,3
58,2047,4
58,2048,5
58,2049,6
58,2050,7
58,2051,8
58,2052,9
58,2053,10
58,2054,11
58,2055,12
58,2056,13
58,2057,14
58,2058,15
58,2059,16
58,2060,17
58,2061,18
58,2062,19
58,2063,20
58,2064,21
58,2065,22
58,2066,23
58,2067,24
58,2068,25
58,2069,26
58,2070,27
58,2071,28
58,2072,29
58,2073,30
58,2074,31
58,2075,32
58,2076,33
58,2077,34
58,2078,35
58,2079,36
58,2080,37
58,2081,38
58,2082,39
58,2083,40
58,2084,41
58,2085,42
58,2086,43
58,2087,44
58,2088,45
58,2089,46
58,2090,47
58,2091,48
58,2092,49
59,2093,0
59,2094,1
59,2095,2
59,2096,3
59,2097,4
59,2098,5
59,2099,6
59,2100,7
59,2101,8
59,2102,9
59,2103,10
59,2104,11
59,2105,12
59,2106,13
59,2107,14
59,2108,15
59,2109,16
59,2110,17
59,2111,18
59,2112,19
59,2113,20
59,2114,21
59,2115,22
59,2116,23
59,2117,24
59,2118,25
59,2119,26
59,2120,27
59,2121,28
59,2122,29
59,2123,30
59,2124,31
59,2125,32
59,2126,33
59,2127,34
59,2128,35
59,2129,36
59,2130,37
59,2131,38
60,2132,0
60,2133,1
60,2134,2
60,2135,3
60,2136,4
60,2137,5
60,2138,6
60,2139,7
60,2140,8
60,2141,9
60,2142,10
60,2143,11
60,2144,12
60,2145,13
60,2146,14
60,2147,15
60,2148,16
60,2149,17
60,2150,18
60,2151,19
60,2152,20
60,2153,21
60,2154,22
60,2155,23
60,2156,24
60,2157,25
60,2158,26
60,2159,27
60,2160,28
60,2161,29
60,2162,30
60,2163,31
60,2164,32
60,2165,33
60,2166,34
60,2167,35
60,2168,36
60,2169,37
60,2170,38
60,2171,39
60,2172,40
60,2173,41
60,2174,42
60,2175,43
60,2176,44
60,2177,45
60,2178,46
60,2179,47
60,2180,48
60,2181,49
60,2182,50
60,2183,51
60,2184,52
60,2185,53
60,2186,54
60,2187,55
60,2188,56
60,2189,57
60,2190,58
60,2191,59
60,2192,60
60,2193,61
60,2194,62
60,2195,63
60,2196,64
61,2197,0
61,2198,1
61,2199,2
61,2200,3
61,2201,4
61,2202,5
61,2203,6
61,2204,7
61,2205,8
61,2206,9
61,2207,10
61,2208,11
61,2209,12
61,2210,13
61,2211,14
61,2212,15
61,2213,16
61,2214,17
61,2215,18
61,2216,19
61,2217,20
61,2218,21
61,2219,22
61,2220,23
61,2221,24
61,2222,25
61,2223,26
61,2224,27
61,2225,28
61,2226,29
61,2227,30
61,2228,31
61,2229,32
61,2230,33
61,2231,34
61,2232,35
61,2233,36
61,2234,37
61,2235,38
61,2236,39
61,2237,40
61,2238,41
61,2239,42
61,2240,43
61,2241,44
61,2242,45
61,2243,46
61,2244,47
61,2245,48
61,2246,49
61,2247,50
61,2248,51
61,2249,52
61,2250,53
61,2251,54
61,2252,55
61,2253,56
61,2254,57
61,2255,58
61,2256,59
61,2257,60
61,2258,61
61,2259,62
61,2260,63
61,2261,64
62,2262,0
62,2263,1
62,2264,2
62,2265,3
62,2266,4
62,2267,5
62,2268,6
62,2269,7
62,2270,8
62,2271,9
62,2272,10
62,2273,11
62,2274,12
62,2275,13
62,2276,14
62,2277,15
62,2278,16
62,2279,17
62,2280,18
62,2281,19
62,2282,20
62,2283,21
62,2284,22
62,2285,23
62,2286,24
62,2287,25
62,2288,26
62,2289,27
62,2290,28
62,2291,29
63,2292,0
63,2293,1
63,2294,2
63,2295,3
63,2296,4
63,2297,5
63,2298,6
63,2299,7
63,2300,8
63,2301,9
63,2302,10
63,2303,11
63,2304,12
63,2305,13
63,2306,14
63,2307,15
63,2308,16
63,2309,17
63,2310,18
63,2311,19
63,2312,20
63,2313,21
63,2314,22
63,2315,23
63,2316,24
63,2317,25
63,2318,26
63,2319,27
63,2320,28
63,2321,29
64,2322,0
64,2323,1
64,2324,2
64,2325,3
64,2326,4
64,2327,5
64,2328,6
64,2329,7
64,2330,8
64,2331,9
64,2332,10
64,2333,11
64,2334,12
64,2335,13
64,2336,14
64,2337,15
64,2338,16
64,2339,17
64,2340,18
64,2341,19
64,2342,20
64,2343,21
64,2344,22
64,2345,23
64,2346,24
64,2347,25
64,2348,26
64,2349,27
64,2350,28
64,2351,29
64,2352,30
64,2353,31
64,2354,32
64,2355,33
64,2356,34
65,2357,0
65,2358,1
65,2359,2
65,2360,3
65,2361,4
65,2362,5
65,2363,6
65,2364,7
65,2365,8
65,2366,9
65,2367,10
65,2368,11
65,2369,12
65,2370,13
65,2371,14
65,2372,15
65,2373,16
65,2374,17
65,2375,18
65,2376,19
65,2377,20
65,2378,21
65,2379,22
65,2380,23
65,2381,24
65,2382,25
65,2383,26
65,2384,27
65,2385,28
65,2386,29
65,2387,30
65,2388,31
65,2389,32
65,2390,33
65,2391,34
66,2392,0
66,2393,1
66,2394,2
66,2395,3
66,2396,4
66,2397,5
66,2398,6
66,2399,7
66,2400,8
66,2401,9
66,2402,10
66,2403,11
66,2404,12
66,2405,13
66,2406,14
66,2407,15
66,2408,16
66,2409,17
66,2410,18
66,2411,19
66,2412,20
66,2413,21
66,2414,22
66,2415,23
66,2416,24
66,2417,25
66,2418,26
66,2419,27
66,2420,28
66,2421,29
66,2422,30
66,2423,31
66,2424,32
66,2425,33
66,2426,34
66,2427,35
66,2428,36
66,2429,37
67,2430,0
67,2431,1
67,2432,2
67,2433,3
67,2434,4
67,2435,5
67,2436,6
67,2437,7
67,2438,8
67,2439,9
67,2440,10
67,2441,11
67,2442,12
67,2443,13
67,2444,14
67,2445,15
67,2446,16
67,2447,17
67,2448,18
67,2449,19
67,2450,20
67,2451,21
67,2452,22
67,2453,23
67,2454,24
67,2455,25
67,2456,26
67,2457,27
67,2458,28
67,2459,29
67,2460,30
67,2461,31
67,2462,32
67,2463,33
67,2464,34
67,2465,35
67,2466,36
68,2467,0
68,2468,1
68,2469,2
68,2470,3
68,2471,4
68,2472,5
68,2473,6
68,2474,7
68,2475,8
68,2476,9
68,2477,10
68,2478,11
68,2479,12
68,2480,13
68,2481,14
68,2482,15
68,2483,16
68,2484,17
68,2485,18
68,2486,19
68,2487,20
68,2488,21
68,2489,22
68,2490,23
68,2491,24
68,2492,25
68,2493,26
68,2494,27
68,2495,28
68,2496,29
68,2497,30
68,2498,31
69,2499,0
69,2500,1
69,2501,2
69,2502,3
69,2503,4
69,2504,5
69,2505,6
69,2506,7
69,2507,8
69,2508,9
69,2509,10
69,2510,11
69,2511,12
69,2512,13
69,2513,14
69,2514,15
69,2515,16
69,2516,17
69,2517,18
69,2518,19
69,2519,20
69,2520,21
69,2521,22
69,2522,23
69,2523,24
69,2524,25
69,2525,26
69,2526,27
69,2527,28
69,2528,29
69,2529,30
69,2530,31
70,2531,0
70,2532,1
70,2533,2
70,2534,3
70,2535,4
70,2536,5
70,2537,6
70,2538,7
70,2539,8
70,2540,9
70,2541,10
70,2542,11
70,2543,12
70,2544,13
70,2545,14
70,2546,15
70,2547,16
70,2548,17
70,2549,18
70,2550,19
70,2551,20
70,2552,21
70,2553,22
70,2554,23
70,2555,24
70,2556,25
70,2557,26
70,2558,27
70,2559,28
70,2560,29
70,2561,30
70,2562,31
71,2563,0
71,2564,1
71,2565,2
71,2566,3
71,2567,4
71,2568,5
71,2569,6
71,2570,7
71,2571,8
71,2572,9
71,2573,10
71,2574,11
71,2575,12
71,2576,13
71,2577,14
71,2578,15
71,2579,16
71,2580,17
71,2581,18
71,2582,19
71,2583,20
71,2584,21
71,2585,22
71,2586,23
71,2587,24
71,2588,25
71,2589,26
71,2590,27
71,2591,28
71,2592,29
71,2593,30
71,2594,31
72,2595,0
72,2596,1
72,2597,2
72,2598,3
72,2599,4
72,2600,5
72,2601,6
72,2602,7
72,2603,8
72,2604,9
72,2605,10
72,2606,11
72,2607,12
72,2608,13
72,2609,14
72,2610,15
72,2611,16
72,2612,17
72,2613,18
72,2614,19
72,2615,20
72,2616,21
72,2617,22
72,2618,23
72,2619,24
72,2620,25
72,2621,26
72,2622,27
72,2623,28
72,2624,29
72,2625,30
72,2626,31
72,2627,32
72,2628,33
72,2629,34
72,2630,35
72,2631,36
73,2632,0
73,2633,1
73,2634,2
73,2635,3
73,2636,4
73,2637,5
73,2638,6
73,2639,7
73,2640,8
73,2641,9
73,2642,10
73,2643,11
73,2644,12
73,2645,13
73,2646,14
73,2647,15
73,2648,16
73,2649,17
73,2650,18
73,2651,19
73,2652,20
73,2653,21
73,2654,22
73,2655,23
73,2656,24
73,2657,25
73,2658,26
73,2659,27
73,2660,28
73,2661,29
73,2662,30
73,2663,31
73,2664,32
73,2665,33
73,2666,34
73,2667,35
73,2668,36
74,2669,0
74,2670,1
74,2671,2
74,2672,3
74,2673,4
74,2674,5
74,2675,6
74,2676,7
74,2677,8
74,2678,9
74,2679,10
74,2680,11
74,2681,12
74,2682,13
74,2683,14
74,2684,15
74,2685,16
74,2686,17
74,2687,18
74,2688,19
74,2689,20
74,2690,21
74,2691,22
74,2692,23
74,2693,24
74,2694,25
74,2695,26
74,2696,27
74,2697,28
74,2698,29
74,2699,30
74,2700,31
74,2701,32
74,2702,33
74,2703,34
74,2704,35
75,2705,0
75,2706,1
75,2707,2
75,2708,3
75,2709,4
75,2710,5
75,2711,6
75,2712,7
75,2713,8
75,2714,9
75,2715,10
75,2716,11
75,2717,12
75,2718,13
75,2719,14
75,2720,15
75,2721,16
75,2722,17
75,2723,18
75,2724,19
75,2725,20
75,2726,21
75,2727,22
75,2728,23
75,2729,24
75,2730,25
75,2731,26
75,2732,27
75,2733,28
75,2734,29
75,2735,30
75,2736,31
75,2737,32
75,2738,33
75,2739,34
76,2740,0
76,2741,1
76,2742,2
76,2743,3
76,2744,4
76,2745,5
76,2746,6
76,2747,7
76,2748,8
76,2749,9
76,2750,10
76,2751,11
76,2752,12
76,2753,13
76,2754,14
76,2755,15
76,2756,16
76,2757,17
76,2758,18
76,2759,19
76,2760,20
76,2761,21
76,2762,22
76,2763,23
76,2764,24
76,2765,25
76,2766,26
76,2767,27
76,2768,28
76,2769,29
76,2770,30
76,2771,31
76,2772,32
76,2773,33
76,2774,34
76,2775,35
76,2776,36
76,2777,37
76,2778,38
76,2779,39
76,2780,40
76,2781,41
76,2782,42
76,2783,43
76,2784,44
76,2785,45
76,2786,46
76,2787,47
76,2788,48
76,2789,49
76,2790,50
76,2791,51
76,2792,52
76,2793,53
76,2794,54
76,2795,55
76,2796,56
76,2797,57
76,2798,58
76,2799,59
76,2800,60
76,2801,61
77,2802,0
77,2803,1
77,2804,2
77,2805,3
77,2806,4
77,2807,5
77,2808,6
77,2809,7
77,2810,8
77,2811,9
77,2812,10
77,2813,11
77,2814,12
77,2815,13
77,2816,14
77,2817,15
77,2818,16
77,2819,17
77,2820,18
77,2821,19
77,2822,20
77,2823,21
77,2824,22
77,2825,23
77,2826,24
77,2827,25
77,2828,26
77,2829,27
77,2830,28
77,2831,29
77,2832,30
77,2833,31
77,2834,32
77,2835,33
77,2836,34
77,2837,35
77,2838,36
77,2839,37
77,2840,38
77,2841,39
77,2842,40
77,2843,41
77,2844,42
77,2845,43
78,2846,0
78,2847,1
78,2848,2
78,2849,3
78,2850,4
78,2851,5
78,2852,6
78,2853,7
78,2854,8
78,2855,9
78,2856,10
78,2857,11
78,2858,12
78,2859,13
78,2860,14
78,2861,15
78,2862,16
78,2863,17
78,2864,18
78,2865,19
78,2866,20
78,2867,21
78,2868,22
78,2869,23
78,2870,24
78,2871,25
78,2872,26
78,2873,27
78,2874,28
78,2875,29
78,2876,30
78,2877,31
78,2878,32
78,2879,33
78,2880,34
78,2881,35
78,2882,36
78,2883,37
78,2884,38
78,2885,39
78,2886,40
78,2887,41
78,2888,42
78,2889,43
79,2890,0
79,2891,1
79,2892,2
79,2893,3
79,2894,4
79,2895,5
79,2896,6
79,2897,7
79,2898,8
79,2899,9
79,2900,10
79,2901,11
79,2902,12
79,2903,13
79,2904,14
79,2905,15
79,2906,16
79,2907,17
79,2908,18
79,2909,19
79,2910,20
79,2911,21
79,2912,22
79,2913,23
79,2914,24
79,2915,25
79,2916,26
79,2917,27
79,2918,28
79,2919,29
79,2920,30
79,2921,31
79,2922,32
79,2923,33
79,2924,34
79,2925,35
79,2926,36
79,2927,37
79,2928,38
79,2929,39
79,2930,40
79,2931,41
79,2932,42
79,2933,43
79,2934,44
79,2935,45
79,2936,46
79,2937,47
79,2938,48
79,2939,49
79,2940,50
79,2941,51
79,2942,52
79,2943,53
79,2944,54
79,2945,55
79,2946,56
79,2947,57
79,2948,58
79,2949,59
79,2950,60
80,2951,0
80,2952,1
80,2953,2
80,2954,3
80,2955,4
80,2956,5
80,2957,6
80,2958,7
80,2959,8
80,2960,9
80,2961,10
80,2962,11
80,2963,12
80,2964,13
80,2965,14
80,2966,15
80,2967,16
80,2968,17
80,2969,18
80,2970,19
80,2971,20
80,2972,21
80,2973,22
80,2974,23
80,2975,24
80,2976,25
80,2977,26
80,2978,27
80,2979,28
80,2980,29
80,2981,30
81,2982,0
81,2983,1
81,2984,2
81,2985,3
81,2986,4
81,2987,5
81,2988,6
81,2989,7
81,2990,8
81,2991,9
81,2992,10
81,2993,11
81,2994,12
81,2995,13
81,2996,14
81,2997,15
81,2998,16
81,2999,17
81,3000,18
81,3001,19
81,3002,20
81,3003,21
81,3004,22
81,3005,23
81,3006,24
81,3007,25
81,3008,26
81,3009,27
81,3010,28
81,3011,29
81,3012,30
82,3013,1
82,3014,2
82,3015,3
82,3016,4
82,3017,5
82,3018,6
82,3019,7
82,3020,8
82,3021,9
82,3022,10
82,3023,11
82,3024,12
82,3025,13
82,3026,14
82,3027,15
82,3028,16
82,3029,17
82,3030,18
82,3031,19
82,3032,20
82,3033,21
82,3034,22
82,3035,23
82,3036,24
82,3037,25
83,3038,1
83,3039,2
83,3040,3
83,3041,4
83,3042,5
83,3043,6
83,3044,7
83,3045,8
83,3046,9
83,3047,10
83,3048,11
83,3049,12
83,3050,13
83,3051,14
83,3052,15
83,3053,16
83,3054,17
83,3055,18
83,3056,19
83,3057,20
83,3058,21
83,3059,22
84,3060,1
84,3061,2
84,3062,3
84,3063,4
84,3064,5
84,3065,6
84,3066,7
84,3067,8
84,3068,9
84,3069,10
84,3070,11
84,3071,12
84,3072,13
84,3073,14
84,3074,15
84,3075,16
84,3076,17
84,3077,18
84,3078,19
84,3079,20
84,3080,21
84,3081,22
85,3082,1
85,3083,2
85,3084,3
85,3085,4
85,3086,5
85,3087,6
85,3088,7
85,3089,8
85,3090,9
85,3091,10
85,3092,11
85,3093,12
85,3094,13
85,3095,14
85,3096,15
85,3097,16
85,3098,17
85,3099,18
85,3100,19
86,3101,1
86,3102,2
86,3103,3
86,3104,4
86,3105,5
86,3106,6
86,3107,7
86,3108,8
86,3109,9
86,3110,10
86,3111,11
86,3112,12
86,3113,13
86,3114,14
86,3115,15
86,3116,16
86,3117,17
86,3118,18
86,3119,19
86,3120,20
86,3121,21
86,3122,22
86,3123,23
86,3124,24
86,3125,25
86,3126,26
86,3127,27
86,3128,28
86,3129,29
86,3130,30
87,3131,1
87,3132,2
87,3133,3
87,3134,4
87,3135,5
87,3136,6
87,3137,7
87,3138,8
87,3139,9
87,3140,10
87,3141,11
87,3142,12
87,3143,13
87,3144,14
87,3145,15
87,3146,16
87,3147,17
87,3148,18
87,3149,19
87,3150,20
87,3151,21
87,3152,22
87,3153,23
87,3154,24
87,3155,25
87,3156,26
87,3157,27
88,3158,1
88,3159,2
88,3160,3
88,3161,4
88,3162,5
88,3163,6
88,3164,7
88,3165,8
88,3166,9
88,3167,10
88,3168,11
88,3169,12
88,3170,13
88,3171,14
88,3172,15
88,3173,16
88,3174,17
88,3175,18
88,3176,19
88,3177,20
88,3178,21
88,3179,22
88,3180,23
88,3181,24
88,3182,25
88,3183,26
88,3184,27
88,3185,28
88,3186,29
88,3187,30
89,3188,1
89,3189,2
89,3190,3
89,3191,4
89,3192,5
89,3193,6
89,3194,7
89,3195,8
89,3196,9
89,3197,10
89,3198,11
89,3199,12
89,3200,13
89,3201,14
89,3202,15
89,3203,16
89,3204,17
89,3205,18
89,3206,19
89,3207,20
89,3208,21
89,3209,22
89,3210,23
89,3211,24
89,3212,25
89,3213,26
89,3214,27
89,3215,28
90,3216,1
90,3217,2
90,3218,3
90,3219,4
90,3220,5
90,3221,6
90,3222,7
90,3223,8
90,3224,9
90,3225,10
90,3226,11
90,3227,12
90,3228,13
90,3229,14
90,3230,15
90,3231,16
90,3232,17
90,3233,18
90,3234,19
90,3235,20
90,3236,21
90,3237,22
90,3238,23
90,3239,24
90,3240,25
90,3241,26
91,3242,1
91,3243,2
91,3244,3
91,3245,4
91,3246,5
91,3247,6
91,3248,7
91,3249,8
91,3250,9
91,3251,10
91,3252,11
91,3253,12
91,3254,13
91,3255,14
91,3256,15
91,3257,16
91,3258,17
91,3259,18
91,3260,19
91,3261,20
91,3262,21
91,3263,22
91,3264,23
92,3265,0
92,3266,1
92,3267,2
92,3268,3
92,3269,4
92,3270,5
92,3271,6
92,3272,7
92,3273,8
92,3274,9
92,3275,10
92,3276,11
92,3277,12
92,3278,13
92,3279,14
92,3280,15
92,3281,16
92,3282,17
92,3283,18
92,3284,19
92,3285,20
92,3286,21
93,3287,0
93,3288,1
93,3289,2
93,3290,3
93,3291,4
93,3292,5
93,3293,6
93,3294,7
93,3295,8
93,3296,9
93,3297,10
93,3298,11
93,3299,12
93,3300,13
93,3301,14
93,3302,15
93,3303,16
93,3304,17
93,3305,18
94,3306,0
94,3307,1
94,3308,2
94,3309,3
94,3310,4
94,3311,5
94,3312,6
94,3313,7
94,3314,8
94,3315,9
94,3316,10
94,3317,11
94,3318,12
94,3319,13
94,3320,14
94,3321,15
94,3322,16
94,3323,17
94,3324,18
94,3325,19
94,3326,20
94,3327,21
94,3328,22
94,3329,23
94,3330,24
94,3331,25
94,3332,26
94,3333,27
94,3334,28
94,3335,29
94,3336,30
94,3337,31
94,3338,32
94,3339,33
94,3340,34
94,3341,35
94,3342,36
94,3343,37
94,3344,38
94,3345,39
95,3346,0
95,3347,1
95,3348,2
95,3349,3
95,3350,4
95,3351,5
95,3352,6
95,3353,7
95,3354,8
95,3355,9
95,3356,10
95,3357,11
95,3358,12
95,3359,13
95,3360,14
95,3361,15
95,3362,16
95,3363,17
95,3364,18
95,3365,19
95,3366,20
95,3367,21
95,3368,22
95,3369,23
95,3370,24
95,3371,25
95,3372,26
95,3373,27
96,3374,0
96,3375,1
96,3376,2
96,3377,3
96,3378,4
96,3379,5
96,3380,6
96,3381,7
96,3382,8
96,3383,9
96,3384,10
96,3385,11
96,3386,12
96,3387,13
96,3388,14
96,3389,15
96,3390,16
96,3391,17
96,3392,18
96,3393,19
96,3394,20
96,3395,21
96,3396,22
96,3397,23
96,3398,24
97,3399,0
97,3400,1
97,3401,2
97,3402,3
97,3403,4
97,3404,5
97,3405,6
97,3406,7
97,3407,8
97,3408,9
97,3409,10
97,3410,11
97,3411,12
97,3412,13
97,3413,14
97,3414,15
97,3415,16
97,3416,17
97,3417,18
97,3418,19
97,3419,20
97,3420,21
97,3421,22
97,3422,23
97,3423,24
97,3424,25
97,3425,26
97,3426,27
97,3427,28
97,3428,29
97,3429,30
97,3430,31
97,3431,32
97,3432,33
97,3433,34
97,3434,35
97,3435,36
98,3436,0
98,3437,1
98,3438,2
98,3439,3
98,3440,4
98,3441,5
98,3442,6
98,3443,7
98,3444,8
98,3445,9
98,3446,10
98,3447,11
98,3448,12
98,3449,13
98,3450,14
98,3451,15
98,3452,16
98,3453,17
98,3454,18
98,3455,19
98,3456,20
98,3457,21
98,3458,22
98,3459,23
98,3460,24
98,3461,25
98,3462,26
98,3463,27
98,3464,28
98,3465,29
98,3466,30
98,3467,31
98,3468,32
98,3469,33
98,3470,34
98,3471,35
98,3472,36
99,3473,0
99,3474,1
99,3475,2
99,3476,3
99,3477,4
99,3478,5
99,3479,6
99,3480,7
99,3481,8
99,3482,9
99,3483,10
99,3484,11
99,3485,12
99,3486,13
99,3487,14
99,3488,15
99,3489,16
99,3490,17
99,3491,18
99,3492,19
99,3493,20
99,3494,21
99,3495,22
99,3496,23
99,3497,24
99,3498,25
99,3499,26
99,3500,27
99,3501,28
99,3502,29
99,3503,30
99,3504,31
99,3505,32
99,3506,33
100,3507,0
100,3508,1
100,3509,2
100,3510,3
100,3511,4
100,3512,5
100,3513,6
100,3514,7
100,3515,8
100,3516,9
100,3517,10
100,3518,11
100,3519,12
100,3520,13
100,3521,14
100,3522,15
100,3523,16
100,3524,17
100,3525,18
100,3526,19
100,3527,20
100,3528,21
100,3529,22
100,3530,23
100,3531,24
100,3532,25
100,3533,26
100,3534,27
100,3535,28
100,3536,29
100,3537,30
100,3538,31
100,3539,32
100,3540,33
100,3541,34
100,3542,35
100,3543,36
100,3544,37
100,3545,38
100,3546,39
100,3547,40
100,3548,41
100,3549,42
100,3550,43
100,3551,44
100,3552,45
100,3553,46
100,3554,47
100,3555,48
100,3556,49
100,3557,50
100,3558,51
100,3559,52
100,3560,53
100,3561,54
100,3562,55
100,3563,56
100,3564,57
101,3565,0
101,3566,1
101,3567,2
101,3568,3
101,3569,4
101,3570,5
101,3571,6
101,3572,7
101,3573,8
101,3574,9
101,3575,10
101,3576,11
101,3577,12
101,3578,13
101,3579,14
101,3580,15
101,3581,16
101,3582,17
101,3583,18
101,3584,19
101,3585,20
101,3586,21
101,3587,22
101,3588,23
101,3589,24
101,3590,25
101,3591,26
101,3592,27
101,3593,28
101,3594,29
101,3595,30
101,3596,31
101,3597,32
101,3598,33
101,3599,34
101,3600,35
101,3601,36
101,3602,37
101,3603,38
101,3604,39
101,3605,40
101,3606,41
101,3607,42
101,3608,43
101,3609,44
101,3610,45
101,3611,46
101,3612,47
101,3613,48
101,3614,49
101,3615,50
101,3616,51
101,3617,52
101,3618,53
101,3619,54
101,3620,55
101,3621,56
101,3622,57
101,3623,58
102,3624,0
102,3625,1
102,3626,2
102,3627,3
102,3628,4
102,3629,5
102,3630,6
102,3631,7
102,3632,8
102,3633,9
102,3634,10
102,3635,11
102,3636,12
102,3637,13
102,3638,14
102,3639,15
102,3640,16
102,3641,17
102,3642,18
102,3643,19
102,3644,20
102,3645,21
102,3646,22
102,3647,23
102,3648,24
102,3649,25
102,3650,26
102,3651,27
102,3652,28
102,3653,29
102,3654,30
102,3655,31
102,3656,32
102,3657,33
102,3658,34
102,3659,35
102,3660,36
102,3661,37
102,3662,38
102,3663,39
102,3664,40
102,3665,41
102,3666,42
102,3667,43
102,3668,44
102,3669,45
102,3670,46
102,3671,47
102,3672,48
102,3673,49
102,3674,50
102,3675,51
102,3676,52
102,3677,53
102,3678,54
102,3679,55
102,3680,56
102,3681,57
102,3682,58
103,3683,0
103,3684,1
103,3685,2
103,3686,3
103,3687,4
103,3688,5
103,3689,6
103,3690,7
103,3691,8
103,3692,9
103,3693,10
103,3694,11
103,3695,12
103,3696,13
103,3697,14
103,3698,15
103,3699,16
103,3700,17
103,3701,18
103,3702,19
103,3703,20
103,3704,21
103,3705,22
103,3706,23
103,3707,24
103,3708,25
103,3709,26
103,3710,27
103,3711,28
103,3712,29
103,3713,30
103,3714,31
103,3715,32
103,3716,33
103,3717,34
103,3718,35
103,3719,36
103,3720,37
103,3721,38
103,3722,39
103,3723,40
103,3724,41
103,3725,42
103,3726,43
103,3727,44
103,3728,45
103,3729,46
103,3730,47
103,3731,48
103,3732,49
103,3733,50
103,3734,51
103,3735,52
104,3736,0
104,3737,1
104,3738,2
104,3739,3
104,3740,4
104,3741,5
104,3742,6
104,3743,7
104,3744,8
104,3745,9
104,3746,10
104,3747,11
104,3748,12
104,3749,13
104,3750,14
104,3751,15
104,3752,16
104,3753,17
104,3754,18
104,3755,19
104,3756,20
104,3757,21
104,3758,22
104,3759,23
104,3760,24
104,3761,25
104,3762,26
104,3763,27
104,3764,28
104,3765,29
104,3766,30
104,3767,31
104,3768,32
104,3769,33
104,3770,34
104,3771,35
104,3772,36
104,3773,37
104,3774,38
104,3775,39
104,3776,40
104,3777,41
104,3778,42
104,3779,43
104,3780,44
104,3781,45
104,3782,46
104,3783,47
104,3784,48
104,3785,49
104,3786,50
104,3787,51
104,3788,52
104,3789,53
105,3790,0
105,3791,1
105,3792,2
105,3793,3
105,3794,4
105,3795,5
105,3796,6
105,3797,7
105,3798,8
105,3799,9
105,3800,10
105,3801,11
105,3802,12
105,3803,13
105,3804,14
105,3805,15
105,3806,16
105,3807,17
105,3808,18
105,3809,19
105,3810,20
105,3811,21
105,3812,22
105,3813,23
105,3814,24
105,3815,25
105,3816,26
105,3817,27
105,3818,28
105,3819,29
105,3820,30
105,3821,31
105,3822,32
105,3823,33
105,3824,34
105,3825,35
105,3826,36
105,3827,37
105,3828,38
105,3829,39
105,3830,40
105,3831,41
105,3832,42
105,3833,43
105,3834,44
105,3835,45
105,3836,46
105,3837,47
105,3838,48
105,3839,49
105,3840,50
105,3841,51
105,3842,52
105,3843,53
105,3844,54
105,3845,55
105,3846,56
105,3847,57
105,3848,58
105,3849,59
106,3850,0
106,3851,1
106,3852,2
106,3853,3
106,3854,4
106,3855,5
106,3856,6
106,3857,7
106,3858,8
106,3859,9
106,3860,10
106,3861,11
106,3862,12
106,3863,13
106,3864,14
106,3865,15
106,3866,16
106,3867,17
106,3868,18
106,3869,19
106,3870,20
106,3871,21
106,3872,22
106,3873,23
106,3874,24
107,3875,0
107,3876,1
107,3877,2
107,3878,3
107,3879,4
107,3880,5
107,3881,6
107,3882,7
107,3883,8
107,3884,9
107,3885,10
107,3886,11
107,3887,12
107,3888,13
107,3889,14
107,3890,15
107,3891,16
107,3892,17
107,3893,18
107,3894,19
107,3895,20
107,3896,21
107,3897,22
107,3898,23
107,3899,24
108,3900,0
108,3901,1
108,3902,2
108,3903,3
108,3904,4
108,3905,5
108,3906,6
108,3907,7
108,3908,8
108,3909,9
108,3910,10
108,3911,11
108,3912,12
108,3913,13
108,3914,14
108,3915,15
108,3916,16
108,3917,17
108,3918,18
108,3919,19
108,3920,20
108,3921,21
108,3922,22
108,3923,23
108,3924,24
108,3925,25
108,3926,26
108,3927,27
109,3928,0
109,3929,1
109,3930,2
109,3931,3
109,3932,4
109,3933,5
109,3934,6
109,3935,7
109,3936,8
109,3937,9
109,3938,10
109,3939,11
109,3940,12
109,3941,13
109,3942,14
109,3943,15
109,3944,16
109,3945,17
109,3946,18
109,3947,19
109,3948,20
109,3949,21
109,3950,22
109,3951,23
109,3952,24
109,3953,25
110,3954,0
110,3955,1
110,3956,2
110,3957,3
110,3958,4
110,3959,5
110,3960,6
110,3961,7
110,3962,8
110,3963,9
110,3964,10
110,3965,11
110,3966,12
110,3967,13
110,3968,14
110,3969,15
110,3970,16
110,3971,17
110,3972,18
110,3973,19
110,3974,20
110,3975,21
110,3976,22
110,3977,23
110,3978,24
110,3979,25
110,3980,26
110,3981,27
110,3982,28
111,3983,0
111,3984,1
111,3985,2
111,3986,3
111,3987,4
111,3988,5
111,3989,6
111,3990,7
111,3991,8
111,3992,9
111,3993,10
111,3994,11
111,3995,12
111,3996,13
111,3997,14
111,3998,15
111,3999,16
111,4000,17
111,4001,18
111,4002,19
111,4003,20
111,4004,21
111,4005,22
111,4006,23
111,4007,24
111,4008,25
112,4009,0
112,4010,1
112,4011,2
112,4012,3
112,4013,4
112,4014,5
112,4015,6
112,4016,7
112,4017,8
112,4018,9
112,4019,10
112,4020,11
112,4021,12
112,4022,13
112,4023,14
112,4024,15
112,4025,16
112,4026,17
112,4027,18
112,4028,19
112,4029,20
112,4030,21
112,4031,22
112,4032,23
112,4033,24
112,4034,25
112,4035,26
112,4036,27
112,4037,28
112,4038,29
112,4039,30
112,4040,31
112,4041,32
112,4042,33
112,4043,34
112,4044,35
112,4045,36
112,4046,37
112,4047,38
112,4048,39
112,4049,40
112,4050,41
112,4051,42
112,4052,43
112,4053,44
112,4054,45
112,4055,46
112,4056,47
112,4057,48
112,4058,49
112,4059,50
112,4060,51
112,4061,52
112,4062,53
113,4063,0
113,4064,1
113,4065,2
113,4066,3
113,4067,4
113,4068,5
113,4069,6
113,4070,7
113,4071,8
113,4072,9
113,4073,10
113,4074,11
113,4075,12
113,4076,13
113,4077,14
113,4078,15
113,4079,16
113,4080,17
113,4081,18
113,4082,19
113,4083,20
113,4084,21
113,4085,22
113,4086,23
113,4087,24
113,4088,25
113,4089,26
113,4090,27
113,4091,28
113,4092,29
113,4093,30
113,4094,31
113,4095,32
113,4096,33
113,4097,34
113,4098,35
113,4099,36
113,4100,37
113,4101,38
113,4102,39
113,4103,40
113,4104,41
113,4105,42
113,4106,43
113,4107,44
113,4108,45
113,4109,46
113,4110,47
113,4111,48
113,4112,49
113,4113,50
113,4114,51
113,4115,52
113,4116,53
113,4117,54
113,4118,55
114,4119,0
114,4120,1
114,4121,2
114,4122,3
114,4123,4
114,4124,5
114,4125,6
114,4126,7
114,4127,8
114,4128,9
114,4129,10
114,4130,11
114,4131,12
114,4132,13
114,4133,14
114,4134,15
114,4135,16
114,4136,17
114,4137,18
114,4138,19
114,4139,20
114,4140,21
114,4141,22
114,4142,23
114,4143,24
114,4144,25
114,4145,26
114,4146,27
114,4147,28
114,4148,29
114,4149,30
114,4150,31
114,4151,32
114,4152,33
114,4153,34
114,4154,35
115,4155,0
115,4156,1
115,4157,2
115,4158,3
115,4159,4
115,4160,5
115,4161,6
115,4162,7
115,4163,8
115,4164,9
115,4165,10
115,4166,11
115,4167,12
115,4168,13
115,4169,14
115,4170,15
115,4171,16
115,4172,17
115,4173,18
115,4174,19
115,4175,20
115,4176,21
115,4177,22
115,4178,23
115,4179,24
115,4180,25
115,4181,26
115,4182,27
115,4183,28
115,4184,29
115,4185,30
115,4186,31
115,4187,32
116,4188,0
116,4189,1
116,4190,2
116,4191,3
116,4192,4
116,4193,5
116,4194,6
116,4195,7
116,4196,8
116,4197,9
116,4198,10
116,4199,11
116,4200,12
116,4201,13
116,4202,14
116,4203,15
116,4204,16
116,4205,17
116,4206,18
116,4207,19
116,4208,20
116,4209,21
116,4210,22
116,4211,23
116,4212,24
116,4213,25
116,4214,26
116,4215,27
116,4216,28
116,4217,29
116,4218,30
116,4219,31
116,4220,32
116,4221,33
116,4222,34
116,4223,35
116,4224,36
117,4225,0
117,4226,1
117,4227,2
117,4228,3
117,4229,4
117,4230,5
117,4231,6
117,4232,7
117,4233,8
117,4234,9
117,4235,10
117,4236,11
117,4237,12
117,4238,13
117,4239,14
117,4240,15
117,4241,16
117,4242,17
117,4243,18
117,4244,19
117,4245,20
117,4246,21
117,4247,22
117,4248,23
117,4249,24
117,4250,25
117,4251,26
117,4252,27
117,4253,28
117,4254,29
117,4255,30
117,4256,31
117,4257,32
118,4258,1
118,4259,2
118,4260,3
118,4261,4
118,4262,5
118,4263,6
118,4264,7
118,4265,8
118,4266,9
118,4267,10
118,4268,11
118,4269,12
118,4270,13
118,4271,14
118,4272,15
118,4273,16
118,4274,17
118,4275,18
118,4276,19
118,4277,20
118,4278,21
118,4279,22
118,4280,23
118,4281,24
118,4282,25
118,4283,26
118,4284,27
118,4285,28
118,4286,29
118,4287,30
118,4288,31
118,4289,32
118,4290,33
118,4291,34
118,4292,35
118,4293,36
118,4294,37
118,4295,38
118,4296,39
118,4297,40
118,4298,41
118,4299,42
118,4300,43
118,4301,44
118,4302,45
118,4303,46
118,4304,47
118,4305,48
118,4306,49
118,4307,50
118,4308,51
118,4309,52
118,4310,53
118,4311,54
119,4312,1
119,4313,2
119,4314,3
119,4315,4
119,4316,5
119,4317,6
119,4318,7
119,4319,8
119,4320,9
119,4321,10
119,4322,11
119,4323,12
119,4324,13
119,4325,14
119,4326,15
119,4327,16
119,4328,17
119,4329,18
119,4330,19
119,4331,20
119,4332,21
119,4333,22
119,4334,23
119,4335,24
119,4336,25
119,4337,26
119,4338,27
119,4339,28
119,4340,29
119,4341,30
119,4342,31
119,4343,32
119,4344,33
119,4345,34
119,4346,35
119,4347,36
119,4348,37
119,4349,38
119,4350,39
119,4351,40
119,4352,41
119,4353,42
119,4354,43
119,4355,44
119,4356,45
119,4357,46
119,4358,47
119,4359,48
119,4360,49
119,4361,50
119,4362,51
119,4363,52
119,4364,53
120,4365,0
120,4366,1
120,4367,2
120,4368,3
120,4369,4
120,4370,5
120,4371,6
120,4372,7
120,4373,8
120,4374,9
120,4375,10
120,4376,11
120,4377,12
120,4378,13
120,4379,14
120,4380,15
120,4381,16
120,4382,17
120,4383,18
120,4384,19
120,4385,20
120,4386,21
120,4387,22
120,4388,23
121,4389,0
121,4390,1
121,4391,2
121,4392,3
121,4393,4
121,4394,5
121,4395,6
121,4396,7
121,4397,8
121,4398,9
121,4399,10
121,4400,11
121,4401,12
121,4402,13
121,4403,14
121,4404,15
121,4405,16
121,4406,17
121,4407,18
121,4408,19
121,4409,20
121,4410,21
122,4411,0
122,4412,1
122,4413,2
122,4414,3
122,4415,4
122,4416,5
122,4417,6
122,4418,7
122,4419,8
122,4420,9
122,4421,10
122,4422,11
122,4423,12
122,4424,13
122,4425,14
122,4426,15
122,4427,16
122,4428,17
122,4429,18
122,4430,19
122,4431,20
122,4432,21
122,4433,22
122,4434,23
122,4435,24
122,4436,25
122,4437,26
122,4438,27
122,4439,28
122,4440,29
122,4441,30
123,4442,0
123,4443,1
123,4444,2
123,4445,3
123,4446,4
123,4447,5
123,4448,6
123,4449,7
123,4450,8
123,4451,9
123,4452,10
123,4453,11
123,4454,12
123,4455,13
123,4456,14
123,4457,15
123,4458,16
123,4459,17
123,4460,18
123,4461,19
123,4462,20
123,4463,21
123,4464,22
123,4465,23
123,4466,24
123,4467,25
123,4468,26
123,4469,27
123,4470,28
123,4471,29
123,4472,30
123,4473,31
124,4474,0
124,4475,1
124,4476,2
124,4477,3
124,4478,4
124,4479,5
124,4480,6
124,4481,7
124,4482,8
124,4483,9
124,4484,10
124,4485,11
124,4486,12
124,4487,13
124,4488,14
124,4489,15
124,4490,16
124,4491,17
124,4492,18
124,4493,19
124,4494,20
124,4495,21
124,4496,22
124,4497,23
124,4498,24
124,4499,25
124,4500,26
124,4501,27
124,4502,28
124,4503,29
124,4504,30
124,4505,31
124,4506,32
124,4507,33
124,4508,34
124,4509,35
124,4510,36
124,4511,37
124,4512,38
124,4513,39
124,4514,40
125,4515,0
125,4516,1
125,4517,2
125,4518,3
125,4519,4
125,4520,5
125,4521,6
125,4522,7
125,4523,8
125,4524,9
125,4525,10
125,4526,11
125,4527,12
125,4528,13
125,4529,14
125,4530,15
125,4531,16
125,4532,17
125,4533,18
125,4534,19
125,4535,20
125,4536,21
125,4537,22
125,4538,23
125,4539,24
125,4540,25
125,4541,26
125,4542,27
125,4543,28
125,4544,29
125,4545,30
125,4546,31
125,4547,32
125,4548,33
125,4549,34
125,4550,35
125,4551,36
125,4552,37
125,4553,38
125,4554,39
125,4555,40
125,4556,41
125,4557,42
126,4558,0
126,4559,1
126,4560,2
126,4561,3
126,4562,4
126,4563,5
126,4564,6
126,4565,7
126,4566,8
126,4567,9
126,4568,10
126,4569,11
126,4570,12
126,4571,13
126,4572,14
126,4573,15
126,4574,16
126,4575,17
126,4576,18
127,4577,0
127,4578,1
127,4579,2
127,4580,3
127,4581,4
127,4582,5
127,4583,6
127,4584,7
127,4585,8
127,4586,9
127,4587,10
127,4588,11
127,4589,12
127,4590,13
127,4591,14
127,4592,15
127,4593,16
128,4594,0
128,4595,1
128,4596,2
128,4597,3
128,4598,4
128,4599,5
128,4600,6
128,4601,7
128,4602,8
128,4603,9
128,4604,10
128,4605,11
128,4606,12
128,4607,13
128,4608,14
128,4609,15
128,4610,16
128,4611,17
128,4612,18
128,4613,19
128,4614,20
128,4615,21
128,4616,22
128,4617,23
128,4618,24
128,4619,25
128,4620,26
128,4621,27
128,4622,28
128,4623,29
128,4624,30
128,4625,31
128,4626,32
128,4627,33
128,4628,34
128,4629,35
128,4630,36
128,4631,37
128,4632,38
128,4633,39
128,4634,40
128,4635,41
128,4636,42
128,4637,43
128,4638,44
128,4639,45
128,4640,46
128,4641,47
128,4642,48
128,4643,49
128,4644,50
128,4645,51
128,4646,52
128,4647,53
128,4648,54
128,4649,55
128,4650,56
128,4651,57
128,4652,58
128,4653,59
128,4654,60
129,4655,0
129,4656,1
129,4657,2
129,4658,3
129,4659,4
129,4660,5
129,4661,6
129,4662,7
129,4663,8
129,4664,9
129,4665,10
129,4666,11
129,4667,12
129,4668,13
129,4669,14
129,4670,15
129,4671,16
129,4672,17
129,4673,18
129,4674,19
129,4675,20
129,4676,21
129,4677,22
129,4678,23
129,4679,24
129,4680,25
129,4681,26
129,4682,27
129,4683,28
129,4684,29
129,4685,30
129,4686,31
129,4687,32
129,4688,33
129,4689,34
129,4690,35
129,4691,36
129,4692,37
129,4693,38
129,4694,39
129,4695,40
129,4696,41
129,4697,42
129,4698,43
129,4699,44
129,4700,45
129,4701,46
129,4702,47
129,4703,48
129,4704,49
129,4705,50
129,4706,51
129,4707,52
129,4708,53
129,4709,54
129,4710,55
129,4711,56
130,4712,0
130,4713,1
130,4714,2
130,4715,3
130,4716,4
130,4717,5
130,4718,6
130,4719,7
130,4720,8
130,4721,9
130,4722,10
130,4723,11
130,4724,12
130,4725,13
130,4726,14
130,4727,15
130,4728,16
130,4729,17
130,4730,18
130,4731,19
130,4732,20
130,4733,21
130,4734,22
130,4735,23
130,4736,24
130,4737,25
130,4738,26
130,4739,27
130,4740,28
130,4741,29
130,4742,30
130,4743,31
130,4744,32
130,4745,33
130,4746,34
130,4747,35
130,4748,36
130,4749,37
130,4750,38
130,4751,39
130,4752,40
130,4753,41
130,4754,42
130,4755,43
130,4756,44
130,4757,45
130,4758,46
130,4759,47
130,4760,48
130,4761,49
130,4762,50
130,4763,51
130,4764,52
130,4765,53
130,4766,54
130,4767,55
130,4768,56
130,4769,57
130,4770,58
130,4771,59
131,4772,0
131,4773,1
131,4774,2
131,4775,3
131,4776,4
131,4777,5
131,4778,6
131,4779,7
131,4780,8
131,4781,9
131,4782,10
131,4783,11
131,4784,12
131,4785,13
131,4786,14
131,4787,15
131,4788,16
131,4789,17
131,4790,18
131,4791,19
131,4792,20
131,4793,21
131,4794,22
131,4795,23
131,4796,24
131,4797,25
131,4798,26
131,4799,27
131,4800,28
131,4801,29
131,4802,30
131,4803,31
131,4804,32
131,4805,33
131,4806,34
131,4807,35
131,4808,36
131,4809,37
131,4810,38
131,4811,39
131,4812,40
131,4813,41
131,4814,42
131,4815,43
131,4816,44
131,4817,45
131,4818,46
131,4819,47
131,4820,48
131,4821,49
131,4822,50
131,4823,51
131,4824,52
131,4825,53
131,4826,54
131,4827,55
131,4828,56
131,4829,57
131,4830,58
131,4831,59
131,4832,60
132,4833,0
132,4834,1
132,4835,2
132,4836,3
132,4837,4
132,4838,5
132,4839,6
132,4840,7
132,4841,8
132,4842,9
132,4843,10
132,4844,11
132,4845,12
132,4846,13
132,4847,14
132,4848,15
132,4849,16
132,4850,17
132,4851,18
132,4852,19
132,4853,20
132,4854,21
132,4855,22
132,4856,23
132,4857,24
132,4858,25
132,4859,26
132,4860,27
132,4861,28
132,4862,29
132,4863,30
132,4864,31
132,4865,32
132,4866,33
132,4867,34
132,4868,35
132,4869,36
132,4870,37
132,4871,38
132,4872,39
132,4873,40
132,4874,41
132,4875,42
132,4876,43
132,4877,44
132,4878,45
132,4879,46
132,4880,47
132,4881,48
133,4882,0
133,4883,1
133,4884,2
133,4885,3
133,4886,4
133,4887,5
133,4888,6
133,4889,7
133,4890,8
133,4891,9
133,4892,10
133,4893,11
133,4894,12
133,4895,13
133,4896,14
133,4897,15
133,4898,16
133,4899,17
133,4900,18
133,4901,19
133,4902,20
133,4903,21
133,4904,22
133,4905,23
133,4906,24
133,4907,25
133,4908,26
133,4909,27
133,4910,28
133,4911,29
133,4912,30
133,4913,31
133,4914,32
133,4915,33
133,4916,34
133,4917,35
133,4918,36
133,4919,37
133,4920,38
133,4921,39
133,4922,40
133,4923,41
133,4924,42
133,4925,43
133,4926,44
133,4927,45
133,4928,46
133,4929,47
133,4930,48
133,4931,49
134,4932,1
134,4933,2
134,4934,3
134,4935,4
134,4936,5
134,4937,6
134,4938,7
134,4939,8
134,4940,9
134,4941,10
134,4942,11
134,4943,12
134,4944,13
134,4945,14
134,4946,15
134,4947,16
134,4948,17
134,4949,18
134,4950,19
134,4951,20
134,4952,21
134,4953,22
134,4954,23
134,4955,24
134,4956,25
134,4957,26
134,4958,27
134,4959,28
134,4960,29
134,4961,30
134,4962,31
134,4963,32
134,4964,33
134,4965,34
134,4966,35
134,4967,36
134,4968,37
134,4969,38
134,4970,39
134,4971,40
134,4972,41
134,4973,42
134,4974,43
134,4975,44
134,4976,45
134,4977,46
134,4978,47
134,4979,48
134,4980,49
134,4981,50
134,4982,51
134,4983,52
134,4984,53
134,4985,54
134,4986,55
134,4987,56
134,4988,57
134,4989,58
134,4990,59
134,4991,60
134,4992,61
134,4993,62
134,4994,63
134,4995,64
134,4996,65
134,4997,66
134,4998,67
134,4999,68
134,5000,69
134,5001,70
134,5002,71
134,5003,72
134,5004,73
134,5005,74
134,5006,75
134,5007,76
134,5008,77
134,5009,78
134,5010,79
134,5011,80
134,5012,81
134,5013,82
134,5014,83
134,5015,84
134,5016,85
134,5017,86
135,5018,1
135,5019,2
135,5020,3
135,5021,4
135,5022,5
135,5023,6
135,5024,7
135,5025,8
135,5026,9
135,5027,10
135,5028,11
135,5029,12
135,5030,13
135,5031,14
135,5032,15
135,5033,16
135,5034,17
135,5035,18
135,5036,19
135,5037,20
135,5038,21
135,5039,22
135,5040,23
135,5041,24
135,5042,25
135,5043,26
135,5044,27
135,5045,28
135,5046,29
135,5047,30
135,5048,31
135,5049,32
135,5050,33
135,5051,34
135,5052,35
135,5053,36
135,5054,37
135,5055,38
135,5056,39
135,5057,40
135,5058,41
135,5059,42
135,5060,43
135,5061,44
135,5062,45
135,5063,46
135,5064,47
135,5065,48
135,5066,49
135,5067,50
135,5068,51
135,5069,52
135,5070,53
135,5071,54
135,5072,55
135,5073,56
135,5074,57
135,5075,58
135,5076,59
135,5077,60
135,5078,61
135,5079,62
135,5080,63
135,5081,64
135,5082,65
135,5083,66
135,5084,67
135,5085,68
135,5086,69
135,5087,70
135,5088,71
135,5089,72
135,5090,73
135,5091,74
135,5092,75
135,5093,76
135,5094,77
135,5095,78
135,5096,79
135,5097,80
135,5098,81
135,5099,82
135,5100,83
136,5101,1
136,5102,2
136,5103,3
136,5104,4
136,5105,5
136,5106,6
136,5107,7
136,5108,8
136,5109,9
136,5110,10
136,5111,11
136,5112,12
136,5113,13
136,5114,14
136,5115,15
136,5116,16
136,5117,17
136,5118,18
136,5119,19
136,5120,20
136,5121,21
136,5122,22
136,5123,23
136,5124,24
136,5125,25
136,5126,26
136,5127,27
136,5128,28
136,5129,29
136,5130,30
136,5131,31
136,5132,32
136,5133,33
136,5134,34
136,5135,35
136,5136,36
136,5137,37
136,5138,38
136,5139,39
136,5140,40
136,5141,41
136,5142,42
136,5143,43
136,5144,44
136,5145,45
136,5146,46
136,5147,47
136,5148,48
136,5149,49
136,5150,50
136,5151,51
136,5152,52
136,5153,53
136,5154,54
136,5155,55
136,5156,56
136,5157,57
136,5158,58
136,5159,59
136,5160,60
136,5161,61
136,5162,62
136,5163,63
136,5164,64
136,5165,65
136,5166,66
136,5167,67
136,5168,68
136,5169,69
136,5170,70
137,5171,1
137,5172,2
137,5173,3
137,5174,4
137,5175,5
137,5176,6
137,5177,7
137,5178,8
137,5179,9
137,5180,10
137,5181,11
137,5182,12
137,5183,13
137,5184,14
137,5185,15
137,5186,16
137,5187,17
137,5188,18
137,5189,19
137,5190,20
137,5191,21
137,5192,22
137,5193,23
137,5194,24
137,5195,25
137,5196,26
137,5197,27
137,5198,28
137,5199,29
137,5200,30
137,5201,31
137,5202,32
137,5203,33
137,5204,34
137,5205,35
137,5206,36
137,5207,37
137,5208,38
137,5209,39
137,5210,40
137,5211,41
137,5212,42
137,5213,43
137,5214,44
137,5215,45
137,5216,46
137,5217,47
137,5218,48
137,5219,49
137,5220,50
137,5221,51
137,5222,52
137,5223,53
137,5224,54
137,5225,55
137,5226,56
137,5227,57
137,5228,58
137,5229,59
137,5230,60
137,5231,61
137,5232,62
137,5233,63
137,5234,64
137,5235,65
137,5236,66
137,5237,67
137,5238,68
137,5239,69
137,5240,70
138,5241,1
138,5242,2
138,5243,3
138,5244,4
138,5245,5
138,5246,6
138,5247,7
138,5248,8
138,5249,9
138,5250,10
138,5251,11
138,5252,12
138,5253,13
138,5254,14
138,5255,15
138,5256,16
138,5257,17
138,5258,18
138,5259,19
138,5260,20
138,5261,21
138,5262,22
138,5263,23
138,5264,24
138,5265,25
138,5266,26
138,5267,27
138,5268,28
138,5269,29
138,5270,30
138,5271,31
138,5272,32
138,5273,33
138,5274,34
138,5275,35
138,5276,36
138,5277,37
138,5278,38
138,5279,39
138,5280,40
138,5281,41
138,5282,42
138,5283,43
138,5284,44
138,5285,45
138,5286,46
138,5287,47
138,5288,48
138,5289,49
138,5290,50
138,5291,51
138,5292,52
138,5293,53
138,5294,54
138,5295,55
138,5296,56
138,5297,57
138,5298,58
138,5299,59
138,5300,60
138,5301,61
138,5302,62
138,5303,63
138,5304,64
138,5305,65
138,5306,66
138,5307,67
139,5308,1
139,5309,2
139,5310,3
139,5311,4
139,5312,5
139,5313,6
139,5314,7
139,5315,8
139,5316,9
139,5317,10
139,5318,11
139,5319,12
139,5320,13
139,5321,14
139,5322,15
139,5323,16
139,5324,17
139,5325,18
139,5326,19
139,5327,20
139,5328,21
139,5329,22
139,5330,23
139,5331,24
139,5332,25
139,5333,26
139,5334,27
139,5335,28
139,5336,29
139,5337,30
139,5338,31
139,5339,32
139,5340,33
139,5341,34
139,5342,35
139,5343,36
139,5344,37
139,5345,38
139,5346,39
139,5347,40
139,5348,41
139,5349,42
139,5350,43
139,5351,44
139,5352,45
139,5353,46
139,5354,47
139,5355,48
139,5356,49
139,5357,50
139,5358,51
139,5359,52
139,5360,53
139,5361,54
139,5362,55
139,5363,56
139,5364,57
139,5365,58
139,5366,59
139,5367,60
139,5368,61
139,5369,62
139,5370,63
139,5371,64
139,5372,65
139,5373,66
140,5374,0
140,5375,1
140,5376,2
140,5377,3
140,5378,4
140,5379,5
140,5380,6
140,5381,7
140,5382,8
140,5383,9
140,5384,10
140,5385,11
140,5386,12
140,5387,13
140,5388,14
140,5389,15
140,5390,16
140,5391,17
140,5392,18
140,5393,19
140,5394,20
140,5395,21
140,5396,22
140,5397,23
140,5398,24
140,5399,25
140,5400,26
140,5401,27
140,5402,28
140,5403,29
140,5404,30
140,5405,31
140,5406,32
140,5407,33
140,5408,34
140,5409,35
140,5410,36
140,5411,37
140,5412,38
140,5413,39
140,5414,40
140,5415,41
140,5416,42
140,5417,43
140,5418,44
140,5419,45
140,5420,46
141,5421,0
141,5422,1
141,5423,2
141,5424,3
141,5425,4
141,5426,5
141,5427,6
141,5428,7
141,5429,8
141,5430,9
141,5431,10
141,5432,11
141,5433,12
141,5434,13
141,5435,14
141,5436,15
141,5437,16
141,5438,17
141,5439,18
141,5440,19
141,5441,20
141,5442,21
141,5443,22
141,5444,23
141,5445,24
141,5446,25
141,5447,26
141,5448,27
141,5449,28
141,5450,29
141,5451,30
141,5452,31
141,5453,32
141,5454,33
141,5455,34
141,5456,35
141,5457,36
141,5458,37
141,5459,38
141,5460,39
141,5461,40
141,5462,41
141,5463,42
142,5464,0
142,5465,1
142,5466,2
142,5467,3
142,5468,4
142,5469,5
142,5470,6
142,5471,7
142,5472,8
142,5473,9
142,5474,10
142,5475,11
142,5476,12
142,5477,13
142,5478,14
142,5479,15
142,5480,16
142,5481,17
142,5482,18
142,5483,19
142,5484,20
142,5485,21
142,5486,22
142,5487,23
142,5488,24
142,5489,25
142,5490,26
142,5491,27
142,5492,28
142,5493,29
142,5494,30
143,5495,0
143,5496,1
143,5497,2
143,5498,3
143,5499,4
143,5500,5
143,5501,6
143,5502,7
143,5503,8
143,5504,9
143,5505,10
143,5506,11
143,5507,12
143,5508,13
143,5509,14
143,5510,15
143,5511,16
143,5512,17
143,5513,18
143,5514,19
143,5515,20
143,5516,21
143,5517,22
143,5518,23
143,5519,24
143,5520,25
143,5521,26
143,5522,27
143,5523,28
143,5524,29
143,5525,30
144,5526,1
144,5527,2
144,5528,3
144,5529,4
144,5530,5
144,5531,6
144,5532,7
144,5533,8
144,5534,9
144,5535,10
144,5536,11
144,5537,12
144,5538,13
144,5539,14
144,5540,15
144,5541,16
144,5542,17
144,5543,18
144,5544,19
144,5545,20
145,5546,1
145,5547,2
145,5548,3
145,5549,4
145,5550,5
145,5551,6
145,5552,7
145,5553,8
145,5554,9
145,5555,10
145,5556,11
145,5557,12
145,5558,13
145,5559,14
145,5560,15
145,5561,16
146,5562,0
146,5563,1
146,5564,2
146,5565,3
146,5566,4
146,5567,5
146,5568,6
146,5569,7
146,5570,8
146,5571,9
146,5572,10
146,5573,11
146,5574,12
146,5575,13
146,5576,14
146,5577,15
146,5578,16
146,5579,17
146,5580,18
146,5581,19
146,5582,20
146,5583,21
146,5584,22
146,5585,23
146,5586,24
146,5587,25
146,5588,26
146,5589,27
146,5590,28
146,5591,29
146,5592,30
146,5593,31
147,5594,0
147,5595,1
147,5596,2
147,5597,3
147,5598,4
147,5599,5
147,5600,6
147,5601,7
147,5602,8
147,5603,9
147,5604,10
147,5605,11
147,5606,12
147,5607,13
147,5608,14
147,5609,15
147,5610,16
147,5611,17
147,5612,18
147,5613,19
147,5614,20
147,5615,21
147,5616,22
147,5617,23
147,5618,24
147,5619,25
147,5620,26
147,5621,27
148,5622,0
148,5623,1
148,5624,2
148,5625,3
148,5626,4
148,5627,5
148,5628,6
148,5629,7
148,5630,8
148,5631,9
148,5632,10
148,5633,11
148,5634,12
148,5635,13
148,5636,14
148,5637,15
148,5638,16
148,5639,17
148,5640,18
148,5641,19
148,5642,20
148,5643,21
148,5644,22
148,5645,23
148,5646,24
149,5647,0
149,5648,1
149,5649,2
149,5650,3
149,5651,4
149,5652,5
149,5653,6
149,5654,7
149,5655,8
149,5656,9
149,5657,10
149,5658,11
149,5659,12
149,5660,13
149,5661,14
149,5662,15
149,5663,16
149,5664,17
149,5665,18
149,5666,19
149,5667,20
149,5668,21
149,5669,22
150,5670,1
150,5671,2
150,5672,3
150,5673,4
150,5674,5
150,5675,6
150,5676,7
150,5677,8
150,5678,9
150,5679,10
150,5680,11
150,5681,12
150,5682,13
150,5683,14
150,5684,15
150,5685,16
150,5686,17
150,5687,18
150,5688,19
150,5689,20
150,5690,21
150,5691,22
150,5692,23
150,5693,24
150,5694,25
150,5695,26
150,5696,27
150,5697,28
150,5698,29
150,5699,30
150,5700,31
150,5701,32
150,5702,33
150,5703,34
150,5704,35
150,5705,36
150,5706,37
150,5707,38
150,5708,39
150,5709,40
150,5710,41
150,5711,42
150,5712,43
150,5713,44
150,5714,45
150,5715,46
150,5716,47
150,5717,48
150,5718,49
150,5719,50
150,5720,51
150,5721,52
150,5722,53
150,5723,54
150,5724,55
150,5725,56
150,5726,57
150,5727,58
150,5728,59
150,5729,60
150,5730,61
150,5731,62
150,5732,63
150,5733,64
151,5734,1
151,5735,2
151,5736,3
151,5737,4
151,5738,5
151,5739,6
151,5740,7
151,5741,8
151,5742,9
151,5743,10
151,5744,11
151,5745,12
151,5746,13
151,5747,14
151,5748,15
151,5749,16
151,5750,17
151,5751,18
151,5752,19
151,5753,20
151,5754,21
151,5755,22
151,5756,23
151,5757,24
151,5758,25
151,5759,26
151,5760,27
151,5761,28
151,5762,29
151,5763,30
151,5764,31
151,5765,32
151,5766,33
151,5767,34
151,5768,35
151,5769,36
151,5770,37
151,5771,38
151,5772,39
151,5773,40
151,5774,41
151,5775,42
151,5776,43
151,5777,44
151,5778,45
152,5779,1
152,5780,2
152,5781,3
152,5782,4
152,5783,5
152,5784,6
152,5785,7
152,5786,8
152,5787,9
152,5788,10
152,5789,11
152,5790,12
152,5791,13
152,5792,14
152,5793,15
152,5794,16
152,5795,17
152,5796,18
152,5797,19
152,5798,20
152,5799,21
152,5800,22
152,5801,23
152,5802,24
152,5803,25
152,5804,26
152,5805,27
152,5806,28
152,5807,29
152,5808,30
152,5809,31
152,5810,32
152,5811,33
152,5812,34
152,5813,35
152,5814,36
152,5815,37
152,5816,38
152,5817,39
152,5818,40
152,5819,41
152,5820,42
153,5821,1
153,5822,2
153,5823,3
153,5824,4
153,5825,5
153,5826,6
153,5827,7
153,5828,8
153,5829,9
153,5830,10
153,5831,11
153,5832,12
153,5833,13
153,5834,14
153,5835,15
153,5836,16
153,5837,17
153,5838,18
153,5839,19
153,5840,20
153,5841,21
153,5842,22
153,5843,23
153,5844,24
153,5845,25
153,5846,26
153,5847,27
153,5848,28
153,5849,29
153,5850,30
153,5851,31
153,5852,32
153,5853,33
153,5854,34
153,5855,35
153,5856,36
153,5857,37
153,5858,38
153,5859,39
153,5860,40
153,5861,41
153,5862,42
153,5863,43
153,5864,44
153,5865,45
153,5866,46
153,5867,47
153,5868,48
153,5869,49
153,5870,50
153,5871,51
153,5872,52
153,5873,53
153,5874,54
153,5875,55
153,5876,56
153,5877,57
153,5878,58
154,5879,1
154,5880,2
154,5881,3
154,5882,4
154,5883,5
154,5884,6
154,5885,7
154,5886,8
154,5887,9
154,5888,10
154,5889,11
154,5890,12
154,5891,13
154,5892,14
154,5893,15
154,5894,16
154,5895,17
154,5896,18
154,5897,19
154,5898,20
154,5899,21
154,5900,22
154,5901,23
154,5902,24
154,5903,25
154,5904,26
154,5905,27
154,5906,28
154,5907,29
154,5908,30
154,5909,31
154,5910,32
154,5911,33
154,5912,34
154,5913,35
154,5914,36
154,5915,37
154,5916,38
154,5917,39
154,5918,40
154,5919,41
154,5920,42
154,5921,43
154,5922,44
154,5923,45
154,5924,46
154,5925,47
154,5926,48
154,5927,49
154,5928,50
154,5929,51
154,5930,52
154,5931,53
154,5932,54
154,5933,55
155,5934,1
155,5935,2
155,5936,3
155,5937,4
155,5938,5
155,5939,6
155,5940,7
155,5941,8
155,5942,9
155,5943,10
155,5944,11
155,5945,12
155,5946,13
155,5947,14
155,5948,15
155,5949,16
155,5950,17
155,5951,18
155,5952,19
155,5953,20
155,5954,21
155,5955,22
155,5956,23
155,5957,24
155,5958,25
155,5959,26
155,5960,27
155,5961,28
155,5962,29
155,5963,30
155,5964,31
155,5965,32
155,5966,33
155,5967,34
155,5968,35
155,5969,36
155,5970,37
155,5971,38
155,5972,39
155,5973,40
155,5974,41
155,5975,42
155,5976,43
155,5977,44
155,5978,45
155,5979,46
155,5980,47
155,5981,48
155,5982,49
155,5983,50
155,5984,51
155,5985,52
155,5986,53
155,5987,54
155,5988,55
155,5989,56
155,5990,57
155,5991,58
155,5992,59
155,5993,60
155,5994,61
156,5995,0
156,5996,1
156,5997,2
156,5998,3
156,5999,4
156,6000,5
156,6001,6
156,6002,7
156,6003,8
156,6004,9
156,6005,10
156,6006,11
156,6007,12
156,6008,13
156,6009,14
156,6010,15
156,6011,16
156,6012,17
156,6013,18
156,6014,19
157,6015,0
157,6016,1
157,6017,2
157,6018,3
157,6019,4
157,6020,5
157,6021,6
157,6022,7
157,6023,8
157,6024,9
157,6025,10
157,6026,11
157,6027,12
157,6028,13
157,6029,14
157,6030,15
157,6031,16
157,6032,17
157,6033,18
157,6034,19
158,6035,1
158,6036,2
158,6037,3
158,6038,4
158,6039,5
158,6040,6
158,6041,7
158,6042,8
158,6043,9
158,6044,10
158,6045,11
158,6046,12
158,6047,13
158,6048,14
158,6049,15
158,6050,16
158,6051,17
158,6052,18
158,6053,19
158,6054,20
158,6055,21
158,6056,22
158,6057,23
158,6058,24
158,6059,25
158,6060,26
158,6061,27
158,6062,28
158,6063,29
158,6064,30
158,6065,31
158,6066,32
158,6067,33
158,6068,34
158,6069,35
158,6070,36
158,6071,37
158,6072,38
158,6073,39
158,6074,40
158,6075,41
158,6076,42
158,6077,43
158,6078,44
158,6079,45
158,6080,46
158,6081,47
159,6082,1
159,6083,2
159,6084,3
159,6085,4
159,6086,5
159,6087,6
159,6088,7
159,6089,8
159,6090,9
159,6091,10
159,6092,11
159,6093,12
159,6094,13
159,6095,14
159,6096,15
159,6097,16
159,6098,17
159,6099,18
159,6100,19
159,6101,20
159,6102,21
159,6103,22
159,6104,23
159,6105,24
159,6106,25
159,6107,26
159,6108,27
159,6109,28
159,6110,29
159,6111,30
159,6112,31
159,6113,32
159,6114,33
159,6115,34
159,6116,35
159,6117,36
159,6118,37
159,6119,38
159,6120,39
159,6121,40
159,6122,41
159,6123,42
159,6124,43
159,6125,44
159,6126,45
159,6127,46
160,6128,0
160,6129,1
160,6130,2
160,6131,3
160,6132,4
160,6133,5
160,6134,6
160,6135,7
160,6136,8
160,6137,9
160,6138,10
160,6139,11
160,6140,12
160,6141,13
160,6142,14
160,6143,15
160,6144,16
160,6145,17
160,6146,18
160,6147,19
160,6148,20
160,6149,21
160,6150,22
160,6151,23
160,6152,24
160,6153,25
160,6154,26
160,6155,27
160,6156,28
160,6157,29
160,6158,30
160,6159,31
160,6160,32
160,6161,33
160,6162,34
160,6163,35
160,6164,36
160,6165,37
160,6166,38
160,6167,39
160,6168,40
160,6169,41
160,6170,42
160,6171,43
160,6172,44
160,6173,45
160,6174,46
160,6175,47
160,6176,48
160,6177,49
160,6178,50
160,6179,51
160,6180,52
160,6181,53
160,6182,54
160,6183,55
160,6184,56
160,6185,57
160,6186,58
160,6187,59
160,6188,60
160,6189,61
160,6190,62
160,6191,63
161,6192,0
161,6193,1
161,6194,2
161,6195,3
161,6196,4
161,6197,5
161,6198,6
161,6199,7
161,6200,8
161,6201,9
161,6202,10
161,6203,11
161,6204,12
161,6205,13
161,6206,14
161,6207,15
161,6208,16
161,6209,17
161,6210,18
161,6211,19
161,6212,20
161,6213,21
161,6214,22
161,6215,23
161,6216,24
161,6217,25
161,6218,26
161,6219,27
161,6220,28
161,6221,29
161,6222,30
161,6223,31
161,6224,32
161,6225,33
161,6226,34
161,6227,35
161,6228,36
161,6229,37
161,6230,38
161,6231,39
161,6232,40
161,6233,41
161,6234,42
161,6235,43
161,6236,44
161,6237,45
161,6238,46
161,6239,47
161,6240,48
161,6241,49
161,6242,50
161,6243,51
161,6244,52
161,6245,53
161,6246,54
161,6247,55
161,6248,56
161,6249,57
161,6250,58
161,6251,59
162,6252,1
162,6253,2
162,6254,3
162,6255,4
162,6256,5
162,6257,6
162,6258,7
162,6259,8
162,6260,9
162,6261,10
162,6262,11
162,6263,12
162,6264,13
162,6265,14
162,6266,15
162,6267,16
162,6268,17
162,6269,18
162,6270,19
162,6271,20
162,6272,21
162,6273,22
162,6274,23
162,6275,24
162,6276,25
163,6277,1
163,6278,2
163,6279,3
163,6280,4
163,6281,5
163,6282,6
163,6283,7
163,6284,8
163,6285,9
163,6286,10
163,6287,11
163,6288,12
163,6289,13
163,6290,14
163,6291,15
163,6292,16
163,6293,17
163,6294,18
163,6295,19
163,6296,20
163,6297,21
164,6298,1
164,6299,2
164,6300,3
164,6301,4
164,6302,5
164,6303,6
164,6304,7
164,6305,8
164,6306,9
164,6307,10
164,6308,11
164,6309,12
164,6310,13
164,6311,14
164,6312,15
164,6313,16
164,6314,17
164,6315,18
164,6316,19
164,6317,20
164,6318,21
164,6319,22
164,6320,23
164,6321,24
164,6322,25
164,6323,26
164,6324,27
164,6325,28
164,6326,29
164,6327,30
164,6328,31
164,6329,32
165,6330,1
165,6331,2
165,6332,3
165,6333,4
165,6334,5
165,6335,6
165,6336,7
165,6337,8
165,6338,9
165,6339,10
165,6340,11
165,6341,12
165,6342,13
165,6343,14
165,6344,15
165,6345,16
165,6346,17
165,6347,18
165,6348,19
165,6349,20
165,6350,21
165,6351,22
165,6352,23
165,6353,24
165,6354,25
165,6355,26
165,6356,27
165,6357,28
165,6358,29
165,6359,30
165,6360,31
165,6361,32
166,6362,1
166,6363,2
166,6364,3
166,6365,4
166,6366,5
166,6367,6
166,6368,7
166,6369,8
166,6370,9
166,6371,10
166,6372,11
166,6373,12
166,6374,13
166,6375,14
166,6376,15
166,6377,16
166,6378,17
166,6379,18
166,6380,19
166,6381,20
166,6382,21
166,6383,22
167,6384,1
167,6385,2
167,6386,3
167,6387,4
167,6388,5
167,6389,6
167,6390,7
167,6391,8
167,6392,9
167,6393,10
167,6394,11
167,6395,12
167,6396,13
167,6397,14
167,6398,15
167,6399,16
167,6400,17
167,6401,18
167,6402,19
168,6403,1
168,6404,2
168,6405,3
168,6406,4
168,6407,5
168,6408,6
168,6409,7
168,6410,8
168,6411,9
168,6412,10
168,6413,11
168,6414,12
168,6415,13
168,6416,14
168,6417,15
168,6418,16
168,6419,17
168,6420,18
168,6421,19
168,6422,20
168,6423,21
168,6424,22
168,6425,23
168,6426,24
169,6427,1
169,6428,2
169,6429,3
169,6430,4
169,6431,5
169,6432,6
169,6433,7
169,6434,8
169,6435,9
169,6436,10
169,6437,11
169,6438,12
169,6439,13
169,6440,14
169,6441,15
169,6442,16
169,6443,17
169,6444,18
169,6445,19
169,6446,20
170,6447,0
170,6448,1
170,6449,2
170,6450,3
170,6451,4
170,6452,5
170,6453,6
170,6454,7
170,6455,8
170,6456,9
170,6457,10
170,6458,11
170,6459,12
170,6460,13
170,6461,14
170,6462,15
170,6463,16
170,6464,17
170,6465,18
170,6466,19
170,6467,20
170,6468,21
170,6469,22
170,6470,23
171,6471,0
171,6472,1
171,6473,2
171,6474,3
171,6475,4
171,6476,5
171,6477,6
171,6478,7
171,6479,8
171,6480,9
171,6481,10
171,6482,11
171,6483,12
171,6484,13
171,6485,14
171,6486,15
171,6487,16
171,6488,17
171,6489,18
171,6490,19
171,6491,20
171,6492,21
171,6493,22
171,6494,23
172,6495,0
172,6496,1
172,6497,2
172,6498,3
172,6499,4
172,6500,5
172,6501,6
172,6502,7
172,6503,8
172,6504,9
172,6505,10
172,6506,11
172,6507,12
172,6508,13
172,6509,14
172,6510,15
172,6511,16
172,6512,17
172,6513,18
172,6514,19
172,6515,20
172,6516,21
172,6517,22
173,6518,0
173,6519,1
173,6520,2
173,6521,3
173,6522,4
173,6523,5
173,6524,6
173,6525,7
173,6526,8
173,6527,9
173,6528,10
173,6529,11
173,6530,12
173,6531,13
173,6532,14
173,6533,15
173,6534,16
173,6535,17
173,6536,18
173,6537,19
173,6538,20
173,6539,21
173,6540,22
174,6541,0
174,6542,1
174,6543,2
174,6544,3
174,6545,4
174,6546,5
174,6547,6
174,6548,7
174,6549,8
174,6550,9
174,6551,10
174,6552,11
174,6553,12
174,6554,13
174,6555,14
174,6556,15
174,6557,16
174,6558,17
174,6559,18
174,6560,19
174,6561,20
174,6562,21
174,6563,22
174,6564,23
175,6565,0
175,6566,1
175,6567,2
175,6568,3
175,6569,4
175,6570,5
175,6571,6
175,6572,7
175,6573,8
175,6574,9
175,6575,10
175,6576,11
175,6577,12
175,6578,13
175,6579,14
175,6580,15
175,6581,16
175,6582,17
175,6583,18
175,6584,19
175,6585,20
175,6586,21
175,6587,22
176,6588,0
176,6589,1
176,6590,2
176,6591,3
176,6592,4
176,6593,5
176,6594,6
176,6595,7
176,6596,8
176,6597,9
176,6598,10
176,6599,11
176,6600,12
176,6601,13
176,6602,14
176,6603,15
176,6604,16
176,6605,17
176,6606,18
176,6607,19
176,6608,20
176,6609,21
176,6610,22
176,6611,23
176,6612,24
177,6613,0
177,6614,1
177,6615,2
177,6616,3
177,6617,4
177,6618,5
177,6619,6
177,6620,7
177,6621,8
177,6622,9
177,6623,10
177,6624,11
177,6625,12
177,6626,13
177,6627,14
177,6628,15
177,6629,16
177,6630,17
177,6631,18
177,6632,19
177,6633,20
177,6634,21
177,6635,22
177,6636,23
178,6637,0
178,6638,1
178,6639,2
178,6640,3
178,6641,4
178,6642,5
178,6643,6
178,6644,7
178,6645,8
178,6646,9
178,6647,10
178,6648,11
178,6649,12
178,6650,13
178,6651,14
178,6652,15
178,6653,16
178,6654,17
178,6655,18
178,6656,19
178,6657,20
178,6658,21
178,6659,22
178,6660,23
178,6661,24
178,6662,25
178,6663,26
178,6664,27
178,6665,28
178,6666,29
178,6667,30
178,6668,31
178,6669,32
178,6670,33
178,6671,34
178,6672,35
178,6673,36
178,6674,37
178,6675,38
178,6676,39
178,6677,40
178,6678,41
178,6679,42
178,6680,43
178,6681,44
178,6682,45
178,6683,46
178,6684,47
178,6685,48
178,6686,49
178,6687,50
178,6688,51
178,6689,52
178,6690,53
178,6691,54
178,6692,55
179,6693,0
179,6694,1
179,6695,2
179,6696,3
179,6697,4
179,6698,5
179,6699,6
179,6700,7
179,6701,8
179,6702,9
179,6703,10
179,6704,11
179,6705,12
179,6706,13
179,6707,14
179,6708,15
179,6709,16
179,6710,17
179,6711,18
179,6712,19
179,6713,20
179,6714,21
179,6715,22
179,6716,23
179,6717,24
179,6718,25
179,6719,26
179,6720,27
179,6721,28
179,6722,29
179,6723,30
179,6724,31
179,6725,32
179,6726,33
179,6727,34
179,6728,35
179,6729,36
179,6730,37
179,6731,38
179,6732,39
179,6733,40
179,6734,41
179,6735,42
179,6736,43
179,6737,44
179,6738,45
179,6739,46
180,6740,0
180,6741,1
180,6742,2
180,6743,3
180,6744,4
180,6745,5
180,6746,6
180,6747,7
180,6748,8
180,6749,9
180,6750,10
180,6751,11
180,6752,12
180,6753,13
180,6754,14
180,6755,15
180,6756,16
180,6757,17
180,6758,18
180,6759,19
180,6760,20
180,6761,21
180,6762,22
180,6763,23
180,6764,24
180,6765,25
180,6766,26
180,6767,27
180,6768,28
180,6769,29
180,6770,30
180,6771,31
180,6772,32
180,6773,33
180,6774,34
180,6775,35
180,6776,36
180,6777,37
180,6778,38
180,6779,39
180,6780,40
180,6781,41
180,6782,42
180,6783,43
180,6784,44
181,6785,0
181,6786,1
181,6787,2
181,6788,3
181,6789,4
181,6790,5
181,6791,6
181,6792,7
181,6793,8
181,6794,9
181,6795,10
181,6796,11
181,6797,12
181,6798,13
181,6799,14
181,6800,15
181,6801,16
181,6802,17
181,6803,18
181,6804,19
181,6805,20
181,6806,21
181,6807,22
181,6808,23
181,6809,24
181,6810,25
181,6811,26
181,6812,27
181,6813,28
181,6814,29
181,6815,30
181,6816,31
181,6817,32
181,6818,33
181,6819,34
181,6820,35
181,6821,36
181,6822,37
181,6823,38
181,6824,39
181,6825,40
181,6826,41
181,6827,42
181,6828,43
181,6829,44
181,6830,45
181,6831,46
181,6832,47
181,6833,48
181,6834,49
181,6835,50
181,6836,51
181,6837,52
181,6838,53
182,6839,0
182,6840,1
182,6841,2
182,6842,3
182,6843,4
182,6844,5
182,6845,6
182,6846,7
182,6847,8
182,6848,9
182,6849,10
182,6850,11
182,6851,12
182,6852,13
182,6853,14
182,6854,15
182,6855,16
182,6856,17
182,6857,18
182,6858,19
182,6859,20
182,6860,21
182,6861,22
182,6862,23
182,6863,24
183,6864,0
183,6865,1
183,6866,2
183,6867,3
183,6868,4
183,6869,5
183,6870,6
183,6871,7
183,6872,8
183,6873,9
183,6874,10
183,6875,11
183,6876,12
183,6877,13
183,6878,14
183,6879,15
183,6880,16
183,6881,17
183,6882,18
183,6883,19
183,6884,20
183,6885,21
183,6886,22
183,6887,23
183,6888,24
184,6889,0
184,6890,1
184,6891,2
184,6892,3
184,6893,4
184,6894,5
184,6895,6
184,6896,7
184,6897,8
184,6898,9
184,6899,10
184,6900,11
184,6901,12
184,6902,13
184,6903,14
184,6904,15
184,6905,16
184,6906,17
184,6907,18
184,6908,19
184,6909,20
184,6910,21
184,6911,22
184,6912,23
184,6913,24
184,6914,25
184,6915,26
185,6916,0
185,6917,1
185,6918,2
185,6919,3
185,6920,4
185,6921,5
185,6922,6
185,6923,7
185,6924,8
185,6925,9
185,6926,10
185,6927,11
185,6928,12
185,6929,13
185,6930,14
185,6931,15
185,6932,16
185,6933,17
185,6934,18
185,6935,19
185,6936,20
185,6937,21
185,6938,22
185,6939,23
185,6940,24
185,6941,25
185,6942,26
186,6943,0
186,6944,1
186,6945,2
186,6946,3
186,6947,4
186,6948,5
186,6949,6
186,6950,7
186,6951,8
186,6952,9
186,6953,10
186,6954,11
186,6955,12
186,6956,13
186,6957,14
186,6958,15
186,6959,16
186,6960,17
186,6961,18
186,6962,19
186,6963,20
186,6964,21
186,6965,22
186,6966,23
186,6967,24
186,6968,25
186,6969,26
186,6970,27
186,6971,28
186,6972,29
186,6973,30
186,6974,31
186,6975,32
186,6976,33
186,6977,34
186,6978,35
186,6979,36
187,6980,0
187,6981,1
187,6982,2
187,6983,3
187,6984,4
187,6985,5
187,6986,6
187,6987,7
187,6988,8
187,6989,9
187,6990,10
187,6991,11
187,6992,12
187,6993,13
187,6994,14
187,6995,15
187,6996,16
187,6997,17
187,6998,18
187,6999,19
187,7000,20
187,7001,21
187,7002,22
187,7003,23
187,7004,24
187,7005,25
187,7006,26
187,7007,27
187,7008,28
187,7009,29
187,7010,30
187,7011,31
187,7012,32
187,7013,33
187,7014,34
187,7015,35
187,7016,36
188,7017,0
188,7018,1
188,7019,2
188,7020,3
188,7021,4
188,7022,5
188,7023,6
188,7024,7
188,7025,8
188,7026,9
188,7027,10
188,7028,11
188,7029,12
188,7030,13
188,7031,14
188,7032,15
188,7033,16
188,7034,17
188,7035,18
189,7036,0
189,7037,1
189,7038,2
189,7039,3
189,7040,4
189,7041,5
189,7042,6
189,7043,7
189,7044,8
189,7045,9
189,7046,10
189,7047,11
189,7048,12
189,7049,13
189,7050,14
189,7051,15
189,7052,16
189,7053,17
189,7054,18
190,7055,0
190,7056,1
190,7057,2
190,7058,3
190,7059,4
190,7060,5
190,7061,6
190,7062,7
190,7063,8
190,7064,9
190,7065,10
190,7066,11
190,7067,12
190,7068,13
190,7069,14
190,7070,15
190,7071,16
190,7072,17
191,7073,0
191,7074,1
191,7075,2
191,7076,3
191,7077,4
191,7078,5
191,7079,6
191,7080,7
191,7081,8
191,7082,9
191,7083,10
191,7084,11
191,7085,12
191,7086,13
191,7087,14
191,7088,15
191,7089,16
191,7090,17
191,7091,18
191,7092,19
191,7093,20
191,7094,21
191,7095,22
191,7096,23
191,7097,24
191,7098,25
191,7099,26
191,7100,27
191,7101,28
192,7102,0
192,7103,1
192,7104,2
192,7105,3
192,7106,4
192,7107,5
192,7108,6
192,7109,7
192,7110,8
192,7111,9
192,7112,10
192,7113,11
192,7114,12
192,7115,13
192,7116,14
192,7117,15
192,7118,16
192,7119,17
192,7120,18
192,7121,19
192,7122,20
192,7123,21
192,7124,22
192,7125,23
192,7126,24
192,7127,25
192,7128,26
193,7129,0
193,7130,1
193,7131,2
193,7132,3
193,7133,4
193,7134,5
193,7135,6
193,7136,7
193,7137,8
193,7138,9
193,7139,10
193,7140,11
193,7141,12
193,7142,13
193,7143,14
193,7144,15
193,7145,16
193,7146,17
194,7147,0
194,7148,1
194,7149,2
194,7150,3
194,7151,4
194,7152,5
194,7153,6
194,7154,7
194,7155,8
194,7156,9
194,7157,10
194,7158,11
194,7159,12
194,7160,13
194,7161,14
194,7162,15
194,7163,16
194,7164,17
194,7165,18
194,7166,19
194,7167,20
194,7168,21
194,7169,22
194,7170,23
194,7171,24
194,7172,25
194,7173,26
194,7174,27
194,7175,28
195,7176,0
195,7177,1
195,7178,2
195,7179,3
195,7180,4
195,7181,5
195,7182,6
195,7183,7
195,7184,8
195,7185,9
195,7186,10
195,7187,11
195,7188,12
195,7189,13
195,7190,14
195,7191,15
195,7192,16
195,7193,17
195,7194,18
195,7195,19
195,7196,20
195,7197,21
195,7198,22
195,7199,23
195,7200,24
195,7201,25
195,7202,26
195,7203,27
195,7204,28
196,7205,0
196,7206,1
196,7207,2
196,7208,3
196,7209,4
196,7210,5
196,7211,6
196,7212,7
196,7213,8
196,7214,9
196,7215,10
196,7216,11
196,7217,12
196,7218,13
196,7219,14
196,7220,15
196,7221,16
196,7222,17
196,7223,18
196,7224,19
196,7225,20
196,7226,21
196,7227,22
196,7228,23
196,7229,24
196,7230,25
196,7231,26
196,7232,27
196,7233,28
196,7234,29
196,7235,30
196,7236,31
196,7237,32
196,7238,33
196,7239,34
197,7240,0
197,7241,1
197,7242,2
197,7243,3
197,7244,4
197,7245,5
197,7246,6
197,7247,7
197,7248,8
197,7249,9
197,7250,10
197,7251,11
197,7252,12
197,7253,13
197,7254,14
197,7255,15
197,7256,16
197,7257,17
197,7258,18
197,7259,19
197,7260,20
197,7261,21
197,7262,22
197,7263,23
197,7264,24
197,7265,25
197,7266,26
197,7267,27
197,7268,28
197,7269,29
197,7270,30
197,7271,31
197,7272,32
197,7273,33
197,7274,34
197,7275,35
198,7276,0
198,7277,1
198,7278,2
198,7279,3
198,7280,4
198,7281,5
198,7282,6
198,7283,7
198,7284,8
198,7285,9
198,7286,10
198,7287,11
198,7288,12
198,7289,13
198,7290,14
198,7291,15
198,7292,16
198,7293,17
198,7294,18
198,7295,19
198,7296,20
198,7297,21
198,7298,22
198,7299,23
198,7300,24
198,7301,25
198,7302,26
198,7303,27
198,7304,28
198,7305,29
198,7306,30
198,7307,31
199,7308,0
199,7309,1
199,7310,2
199,7311,3
199,7312,4
199,7313,5
199,7314,6
199,7315,7
199,7316,8
199,7317,9
199,7318,10
199,7319,11
199,7320,12
199,7321,13
199,7322,14
199,7323,15
199,7324,16
199,7325,17
199,7326,18
199,7327,19
199,7328,20
199,7329,21
199,7330,22
199,7331,23
199,7332,24
199,7333,25
199,7334,26
199,7335,27
199,7336,28
199,7337,29
199,7338,30
199,7339,31
200,7340,0
200,7341,1
200,7342,2
200,7343,3
200,7344,4
200,7345,5
200,7346,6
200,7347,7
200,7348,8
200,7349,9
200,7350,10
200,7351,11
200,7352,12
200,7353,13
200,7354,14
200,7355,15
200,7356,16
200,7357,17
200,7358,18
200,7359,19
200,7360,20
200,7361,21
200,7362,22
200,7363,23
200,7364,24
200,7365,25
200,7366,26
200,7367,27
200,7368,28
201,7369,0
201,7370,1
201,7371,2
201,7372,3
201,7373,4
201,7374,5
201,7375,6
201,7376,7
201,7377,8
201,7378,9
201,7379,10
201,7380,11
201,7381,12
201,7382,13
201,7383,14
201,7384,15
201,7385,16
201,7386,17
201,7387,18
201,7388,19
201,7389,20
201,7390,21
201,7391,22
201,7392,23
201,7393,24
201,7394,25
201,7395,26
201,7396,27
202,7397,0
202,7398,1
202,7399,2
202,7400,3
202,7401,4
202,7402,5
202,7403,6
202,7404,7
202,7405,8
202,7406,9
202,7407,10
202,7408,11
202,7409,12
202,7410,13
202,7411,14
202,7412,15
202,7413,16
202,7414,17
202,7415,18
202,7416,19
202,7417,20
202,7418,21
202,7419,22
202,7420,23
202,7421,24
202,7422,25
202,7423,26
202,7424,27
202,7425,28
202,7426,29
203,7427,0
203,7428,1
203,7429,2
203,7430,3
203,7431,4
203,7432,5
203,7433,6
203,7434,7
203,7435,8
203,7436,9
203,7437,10
203,7438,11
203,7439,12
203,7440,13
203,7441,14
203,7442,15
203,7443,16
203,7444,17
203,7445,18
203,7446,19
203,7447,20
203,7448,21
203,7449,22
203,7450,23
203,7451,24
203,7452,25
203,7453,26
203,7454,27
203,7455,28
203,7456,29
204,7457,0
204,7458,1
204,7459,2
204,7460,3
204,7461,4
204,7462,5
204,7463,6
204,7464,7
204,7465,8
204,7466,9
204,7467,10
204,7468,11
204,7469,12
204,7470,13
204,7471,14
204,7472,15
204,7473,16
204,7474,17
204,7475,18
204,7476,19
204,7477,20
204,7478,21
205,7479,0
205,7480,1
205,7481,2
205,7482,3
205,7483,4
205,7484,5
205,7485,6
205,7486,7
205,7487,8
205,7488,9
205,7489,10
205,7490,11
205,7491,12
205,7492,13
205,7493,14
205,7494,15
206,7495,0
206,7496,1
206,7497,2
206,7498,3
206,7499,4
206,7500,5
206,7501,6
206,7502,7
206,7503,8
206,7504,9
206,7505,10
206,7506,11
206,7507,12
206,7508,13
206,7509,14
206,7510,15
207,7511,0
207,7512,1
207,7513,2
207,7514,3
207,7515,4
207,7516,5
207,7517,6
207,7518,7
207,7519,8
207,7520,9
207,7521,10
207,7522,11
207,7523,12
207,7524,13
207,7525,14
207,7526,15
207,7527,16
207,7528,17
207,7529,18
207,7530,19
207,7531,20
207,7532,21
208,7533,0
208,7534,1
208,7535,2
208,7536,3
208,7537,4
208,7538,5
208,7539,6
208,7540,7
208,7541,8
208,7542,9
208,7543,10
208,7544,11
208,7545,12
208,7546,13
208,7547,14
208,7548,15
208,7549,16
208,7550,17
208,7551,18
208,7552,19
208,7553,20
208,7554,21
208,7555,22
208,7556,23
208,7557,24
208,7558,25
208,7559,26
208,7560,27
208,7561,28
208,7562,29
208,7563,30
208,7564,31
208,7565,32
208,7566,33
208,7567,34
208,7568,35
208,7569,36
208,7570,37
208,7571,38
209,7572,0
209,7573,1
209,7574,2
209,7575,3
209,7576,4
209,7577,5
209,7578,6
209,7579,7
209,7580,8
209,7581,9
209,7582,10
209,7583,11
209,7584,12
209,7585,13
209,7586,14
209,7587,15
209,7588,16
209,7589,17
209,7590,18
209,7591,19
209,7592,20
209,7593,21
209,7594,22
209,7595,23
209,7596,24
209,7597,25
209,7598,26
209,7599,27
209,7600,28
209,7601,29
209,7602,30
209,7603,31
209,7604,32
209,7605,33
209,7606,34
209,7607,35
209,7608,36
209,7609,37
209,7610,38
210,7611,0
210,7612,1
210,7613,2
210,7614,3
210,7615,4
210,7616,5
210,7617,6
210,7618,7
210,7619,8
210,7620,9
210,7621,10
210,7622,11
210,7623,12
210,7624,13
210,7625,14
210,7626,15
210,7627,16
210,7628,17
210,7629,18
210,7630,19
210,7631,20
210,7632,21
210,7633,22
210,7634,23
210,7635,24
210,7636,25
210,7637,26
211,7638,0
211,7639,1
211,7640,2
211,7641,3
211,7642,4
211,7643,5
211,7644,6
211,7645,7
211,7646,8
211,7647,9
211,7648,10
211,7649,11
211,7650,12
211,7651,13
211,7652,14
211,7653,15
211,7654,16
211,7655,17
211,7656,18
211,7657,19
211,7658,20
211,7659,21
211,7660,22
211,7661,23
211,7662,24
211,7663,25
211,7664,26
212,7665,0
212,7666,1
212,7667,2
212,7668,3
212,7669,4
212,7670,5
212,7671,6
212,7672,7
212,7673,8
212,7674,9
212,7675,10
212,7676,11
212,7677,12
212,7678,13
212,7679,14
212,7680,15
212,7681,16
212,7682,17
212,7683,18
212,7684,19
212,7685,20
212,7686,21
212,7687,22
212,7688,23
212,7689,24
212,7690,25
212,7691,26
213,7692,0
213,7693,1
213,7694,2
213,7695,3
213,7696,4
213,7697,5
213,7698,6
213,7699,7
213,7700,8
213,7701,9
213,7702,10
213,7703,11
213,7704,12
213,7705,13
213,7706,14
213,7707,15
213,7708,16
213,7709,17
213,7710,18
213,7711,19
213,7712,20
213,7713,21
213,7714,22
213,7715,23
213,7716,24
213,7717,25
213,7718,26
214,7719,0
214,7720,1
214,7721,2
214,7722,3
214,7723,4
214,7724,5
214,7725,6
214,7726,7
214,7727,8
214,7728,9
214,7729,10
214,7730,11
214,7731,12
214,7732,13
214,7733,14
214,7734,15
214,7735,16
214,7736,17
214,7737,18
214,7738,19
214,7739,20
214,7740,21
214,7741,22
214,7742,23
214,7743,24
214,7744,25
215,7745,0
215,7746,1
215,7747,2
215,7748,3
215,7749,4
215,7750,5
215,7751,6
215,7752,7
215,7753,8
215,7754,9
215,7755,10
215,7756,11
215,7757,12
215,7758,13
215,7759,14
215,7760,15
215,7761,16
215,7762,17
215,7763,18
215,7764,19
215,7765,20
215,7766,21
215,7767,22
215,7768,23
215,7769,24
215,7770,25
215,7771,26
216,7772,0
216,7773,1
216,7774,2
216,7775,3
216,7776,4
216,7777,5
216,7778,6
216,7779,7
216,7780,8
216,7781,9
216,7782,10
216,7783,11
216,7784,12
216,7785,13
216,7786,14
216,7787,15
216,7788,16
216,7789,17
216,7790,18
216,7791,19
216,7792,20
216,7793,21
216,7794,22
216,7795,23
216,7796,24
216,7797,25
216,7798,26
216,7799,27
216,7800,28
217,7801,0
217,7802,1
217,7803,2
217,7804,3
217,7805,4
217,7806,5
217,7807,6
217,7808,7
217,7809,8
217,7810,9
217,7811,10
217,7812,11
217,7813,12
217,7814,13
217,7815,14
217,7816,15
217,7817,16
217,7818,17
217,7819,18
217,7820,19
217,7821,20
217,7822,21
217,7823,22
217,7824,23
217,7825,24
217,7826,25
217,7827,26
217,7828,27
217,7829,28
218,7830,0
218,7831,1
218,7832,2
218,7833,3
218,7834,4
218,7835,5
218,7836,6
218,7837,7
218,7838,8
218,7839,9
218,7840,10
218,7841,11
218,7842,12
218,7843,13
218,7844,14
218,7845,15
218,7846,16
218,7847,17
218,7848,18
218,7849,19
218,7850,20
218,7851,21
218,7852,22
218,7853,23
218,7854,24
218,7855,25
218,7856,26
218,7857,27
218,7858,28
218,7859,29
218,7860,30
218,7861,31
218,7862,32
218,7863,33
218,7864,34
219,7865,0
219,7866,1
219,7867,2
219,7868,3
219,7869,4
219,7870,5
219,7871,6
219,7872,7
219,7873,8
219,7874,9
219,7875,10
219,7876,11
219,7877,12
219,7878,13
219,7879,14
219,7880,15
219,7881,16
219,7882,17
219,7883,18
219,7884,19
219,7885,20
219,7886,21
219,7887,22
219,7888,23
219,7889,24
219,7890,25
219,7891,26
219,7892,27
219,7893,28
219,7894,29
219,7895,30
219,7896,31
219,7897,32
219,7898,33
219,7899,34
220,7900,0
220,7901,1
220,7902,2
220,7903,3
220,7904,4
220,7905,5
220,7906,6
220,7907,7
220,7908,8
220,7909,9
220,7910,10
220,7911,11
220,7912,12
220,7913,13
220,7914,14
220,7915,15
221,7916,0
221,7917,1
221,7918,2
221,7919,3
221,7920,4
221,7921,5
221,7922,6
221,7923,7
221,7924,8
221,7925,9
221,7926,10
221,7927,11
221,7928,12
221,7929,13
221,7930,14
221,7931,15
222,7932,0
222,7933,1
222,7934,2
222,7935,3
222,7936,4
222,7937,5
222,7938,6
222,7939,7
222,7940,8
222,7941,9
222,7942,10
222,7943,11
222,7944,12
222,7945,13
222,7946,14
222,7947,15
222,7948,16
222,7949,17
222,7950,18
223,7951,0
223,7952,1
223,7953,2
223,7954,3
223,7955,4
223,7956,5
223,7957,6
223,7958,7
223,7959,8
223,7960,9
223,7961,10
223,7962,11
223,7963,12
223,7964,13
223,7965,14
223,7966,15
224,7967,0
224,7968,1
224,7969,2
224,7970,3
224,7971,4
224,7972,5
224,7973,6
224,7974,7
224,7975,8
224,7976,9
224,7977,10
224,7978,11
224,7979,12
224,7980,13
224,7981,14
224,7982,15
225,7983,0
225,7984,1
225,7985,2
225,7986,3
225,7987,4
225,7988,5
225,7989,6
225,7990,7
225,7991,8
225,7992,9
225,7993,10
225,7994,11
225,7995,12
225,7996,13
225,7997,14
225,7998,15
226,7999,0
226,8000,1
226,8001,2
226,8002,3
226,8003,4
226,8004,5
226,8005,6
226,8006,7
226,8007,8
226,8008,9
226,8009,10
226,8010,11
226,8011,12
226,8012,13
226,8013,14
226,8014,15
226,8015,16
226,8016,17
226,8017,18
226,8018,19
226,8019,20
226,8020,21
226,8021,22
226,8022,23
226,8023,24
226,8024,25
226,8025,26
226,8026,27
226,8027,28
226,8028,29
226,8029,30
227,8030,0
227,8031,1
227,8032,2
227,8033,3
227,8034,4
227,8035,5
227,8036,6
227,8037,7
227,8038,8
227,8039,9
227,8040,10
227,8041,11
227,8042,12
227,8043,13
227,8044,14
227,8045,15
227,8046,16
227,8047,17
227,8048,18
227,8049,19
227,8050,20
227,8051,21
227,8052,22
227,8053,23
227,8054,24
227,8055,25
227,8056,26
227,8057,27
227,8058,28
227,8059,29
228,8060,0
228,8061,1
228,8062,2
228,8063,3
228,8064,4
228,8065,5
228,8066,6
228,8067,7
228,8068,8
228,8069,9
228,8070,10
228,8071,11
228,8072,12
228,8073,13
228,8074,14
228,8075,15
228,8076,16
228,8077,17
229,8078,0
229,8079,1
229,8080,2
229,8081,3
229,8082,4
229,8083,5
229,8084,6
229,8085,7
229,8086,8
229,8087,9
229,8088,10
229,8089,11
229,8090,12
229,8091,13
229,8092,14
229,8093,15
229,8094,16
229,8095,17
230,8096,0
230,8097,1
230,8098,2
230,8099,3
230,8100,4
230,8101,5
230,8102,6
230,8103,7
230,8104,8
230,8105,9
230,8106,10
230,8107,11
230,8108,12
230,8109,13
230,8110,14
230,8111,15
230,8112,16
230,8113,17
230,8114,18
230,8115,19
230,8116,20
230,8117,21
230,8118,22
230,8119,23
230,8120,24
230,8121,25
230,8122,26
230,8123,27
230,8124,28
230,8125,29
230,8126,30
230,8127,31
230,8128,32
230,8129,33
230,8130,34
230,8131,35
230,8132,36
230,8133,37
230,8134,38
231,8135,0
231,8136,1
231,8137,2
231,8138,3
231,8139,4
231,8140,5
231,8141,6
231,8142,7
231,8143,8
231,8144,9
231,8145,10
231,8146,11
231,8147,12
231,8148,13
231,8149,14
231,8150,15
231,8151,16
231,8152,17
231,8153,18
231,8154,19
231,8155,20
231,8156,21
231,8157,22
231,8158,23
231,8159,24
231,8160,25
231,8161,26
231,8162,27
231,8163,28
231,8164,29
231,8165,30
231,8166,31
231,8167,32
231,8168,33
231,8169,34
231,8170,35
231,8171,36
231,8172,37
231,8173,38
232,8174,0
232,8175,1
232,8176,2
232,8177,3
232,8178,4
232,8179,5
232,8180,6
232,8181,7
232,8182,8
232,8183,9
232,8184,10
232,8185,11
232,8186,12
232,8187,13
232,8188,14
232,8189,15
232,8190,16
232,8191,17
233,8192,0
233,8193,1
233,8194,2
233,8195,3
233,8196,4
233,8197,5
233,8198,6
233,8199,7
233,8200,8
233,8201,9
233,8202,10
233,8203,11
233,8204,12
233,8205,13
233,8206,14
233,8207,15
233,8208,16
233,8209,17
234,8210,0
234,8211,1
234,8212,2
234,8213,3
234,8214,4
234,8215,5
234,8216,6
234,8217,7
234,8218,8
234,8219,9
234,8220,10
234,8221,11
234,8222,12
234,8223,13
234,8224,14
234,8225,15
234,8226,16
234,8227,17
234,8228,18
234,8229,19
234,8230,20
234,8231,21
234,8232,22
234,8233,23
234,8234,24
235,8235,0
235,8236,1
235,8237,2
235,8238,3
235,8239,4
235,8240,5
235,8241,6
235,8242,7
235,8243,8
235,8244,9
235,8245,10
235,8246,11
235,8247,12
235,8248,13
235,8249,14
235,8250,15
235,8251,16
235,8252,17
235,8253,18
235,8254,19
235,8255,20
235,8256,21
235,8257,22
235,8258,23
235,8259,24
236,8260,0
236,8261,1
236,8262,2
236,8263,3
236,8264,4
236,8265,5
236,8266,6
236,8267,7
236,8268,8
236,8269,9
236,8270,10
236,8271,11
236,8272,12
236,8273,13
236,8274,14
236,8275,15
236,8276,16
236,8277,17
236,8278,18
236,8279,19
236,8280,20
236,8281,21
236,8282,22
236,8283,23
237,8284,0
237,8285,1
237,8286,2
237,8287,3
237,8288,4
237,8289,5
237,8290,6
237,8291,7
237,8292,8
237,8293,9
237,8294,10
237,8295,11
237,8296,12
237,8297,13
237,8298,14
237,8299,15
237,8300,16
237,8301,17
237,8302,18
237,8303,19
237,8304,20
237,8305,21
237,8306,22
238,8307,0
238,8308,1
238,8309,2
238,8310,3
238,8311,4
238,8312,5
238,8313,6
238,8314,7
238,8315,8
238,8316,9
238,8317,10
238,8318,11
238,8319,12
238,8320,13
238,8321,14
238,8322,15
238,8323,16
238,8324,17
238,8325,18
238,8326,19
238,8327,20
238,8328,21
238,8329,22
238,8330,23
238,8331,24
238,8332,25
238,8333,26
238,8334,27
238,8335,28
238,8336,29
238,8337,30
238,8338,31
238,8339,32
238,8340,33
238,8341,34
238,8342,35
238,8343,36
238,8344,37
239,8345,0
239,8346,1
239,8347,2
239,8348,3
239,8349,4
239,8350,5
239,8351,6
239,8352,7
239,8353,8
239,8354,9
239,8355,10
239,8356,11
239,8357,12
239,8358,13
239,8359,14
239,8360,15
239,8361,16
239,8362,17
239,8363,18
239,8364,19
239,8365,20
239,8366,21
239,8367,22
239,8368,23
239,8369,24
239,8370,25
239,8371,26
239,8372,27
239,8373,28
239,8374,29
239,8375,30
239,8376,31
239,8377,32
239,8378,33
239,8379,34
239,8380,35
239,8381,36
239,8382,37
239,8383,38
239,8384,39
239,8385,40
240,8386,0
240,8387,1
240,8388,2
240,8389,3
240,8390,4
240,8391,5
240,8392,6
240,8393,7
240,8394,8
240,8395,9
240,8396,10
240,8397,11
240,8398,12
240,8399,13
240,8400,14
240,8401,15
240,8402,16
240,8403,17
240,8404,18
240,8405,19
240,8406,20
240,8407,21
240,8408,22
240,8409,23
241,8410,0
241,8411,1
241,8412,2
241,8413,3
241,8414,4
241,8415,5
241,8416,6
241,8417,7
241,8418,8
241,8419,9
241,8420,10
241,8421,11
241,8422,12
241,8423,13
241,8424,14
241,8425,15
241,8426,16
241,8427,17
241,8428,18
241,8429,19
241,8430,20
241,8431,21
241,8432,22
241,8433,23
242,8434,0
242,8435,1
242,8436,2
242,8437,3
242,8438,4
242,8439,5
242,8440,6
242,8441,7
242,8442,8
242,8443,9
242,8444,10
242,8445,11
242,8446,12
242,8447,13
242,8448,14
242,8449,15
242,8450,16
242,8451,17
242,8452,18
242,8453,19
242,8454,20
242,8455,21
242,8456,22
242,8457,23
242,8458,24
242,8459,25
242,8460,26
242,8461,27
242,8462,28
242,8463,29
242,8464,30
242,8465,31
242,8466,32
242,8467,33
242,8468,34
242,8469,35
243,8470,0
243,8471,1
243,8472,2
243,8473,3
243,8474,4
243,8475,5
243,8476,6
243,8477,7
243,8478,8
243,8479,9
243,8480,10
243,8481,11
243,8482,12
243,8483,13
243,8484,14
243,8485,15
243,8486,16
243,8487,17
243,8488,18
243,8489,19
243,8490,20
243,8491,21
243,8492,22
243,8493,23
243,8494,24
243,8495,25
243,8496,26
243,8497,27
243,8498,28
243,8499,29
243,8500,30
243,8501,31
243,8502,32
243,8503,33
243,8504,34
243,8505,35
244,8506,0
244,8507,1
244,8508,2
244,8509,3
244,8510,4
244,8511,5
244,8512,6
244,8513,7
244,8514,8
244,8515,9
244,8516,10
244,8517,11
244,8518,12
244,8519,13
244,8520,14
244,8521,15
244,8522,16
244,8523,17
244,8524,18
244,8525,19
244,8526,20
244,8527,21
245,8528,0
245,8529,1
245,8530,2
245,8531,3
245,8532,4
245,8533,5
245,8534,6
245,8535,7
245,8536,8
245,8537,9
245,8538,10
245,8539,11
245,8540,12
245,8541,13
245,8542,14
245,8543,15
245,8544,16
245,8545,17
245,8546,18
245,8547,19
245,8548,20
245,8549,21
246,8550,0
246,8551,1
246,8552,2
246,8553,3
246,8554,4
246,8555,5
246,8556,6
246,8557,7
246,8558,8
246,8559,9
246,8560,10
246,8561,11
246,8562,12
246,8563,13
246,8564,14
246,8565,15
246,8566,16
246,8567,17
246,8568,18
246,8569,19
246,8570,20
246,8571,21
246,8572,22
246,8573,23
246,8574,24
246,8575,25
246,8576,26
246,8577,27
246,8578,28
246,8579,29
246,8580,30
246,8581,31
246,8582,32
246,8583,33
246,8584,34
246,8585,35
246,8586,36
246,8587,37
246,8588,38
246,8589,39
246,8590,40
246,8591,41
246,8592,42
246,8593,43
246,8594,44
246,8595,45
246,8596,46
246,8597,47
246,8598,48
246,8599,49
246,8600,50
246,8601,51
246,8602,52
246,8603,53
246,8604,54
246,8605,55
246,8606,56
246,8607,57
246,8608,58
246,8609,59
246,8610,60
246,8611,61
246,8612,62
246,8613,63
247,8614,0
247,8615,1
247,8616,2
247,8617,3
247,8618,4
247,8619,5
247,8620,6
247,8621,7
247,8622,8
247,8623,9
247,8624,10
247,8625,11
247,8626,12
247,8627,13
247,8628,14
247,8629,15
247,8630,16
247,8631,17
247,8632,18
247,8633,19
247,8634,20
247,8635,21
247,8636,22
247,8637,23
247,8638,24
247,8639,25
247,8640,26
247,8641,27
247,8642,28
247,8643,29
247,8644,30
247,8645,31
247,8646,32
247,8647,33
247,8648,34
247,8649,35
247,8650,36
247,8651,37
247,8652,38
247,8653,39
247,8654,40
247,8655,41
247,8656,42
247,8657,43
247,8658,44
247,8659,45
247,8660,46
247,8661,47
247,8662,48
247,8663,49
247,8664,50
247,8665,51
247,8666,52
247,8667,53
247,8668,54
247,8669,55
247,8670,56
247,8671,57
247,8672,58
247,8673,59
247,8674,60
247,8675,61
247,8676,62
247,8677,63
247,8678,64
248,8679,0
248,8680,1
248,8681,2
248,8682,3
248,8683,4
248,8684,5
248,8685,6
248,8686,7
248,8687,8
248,8688,9
248,8689,10
248,8690,11
248,8691,12
248,8692,13
248,8693,14
248,8694,15
248,8695,16
248,8696,17
248,8697,18
248,8698,19
248,8699,20
248,8700,21
248,8701,22
248,8702,23
248,8703,24
248,8704,25
248,8705,26
248,8706,27
248,8707,28
248,8708,29
248,8709,30
248,8710,31
248,8711,32
248,8712,33
248,8713,34
248,8714,35
248,8715,36
248,8716,37
248,8717,38
248,8718,39
249,8719,0
249,8720,1
249,8721,2
249,8722,3
249,8723,4
249,8724,5
249,8725,6
249,8726,7
249,8727,8
249,8728,9
249,8729,10
249,8730,11
249,8731,12
249,8732,13
249,8733,14
249,8734,15
249,8735,16
249,8736,17
249,8737,18
249,8738,19
249,8739,20
249,8740,21
249,8741,22
249,8742,23
249,8743,24
249,8744,25
249,8745,26
249,8746,27
249,8747,28
249,8748,29
249,8749,30
249,8750,31
249,8751,32
249,8752,33
249,8753,34
249,8754,35
249,8755,36
249,8756,37
249,8757,38
249,8758,39
249,8759,40
249,8760,41
249,8761,42
250,8762,0
250,8763,1
250,8764,2
250,8765,3
250,8766,4
250,8767,5
250,8768,6
250,8769,7
250,8770,8
250,8771,9
250,8772,10
250,8773,11
250,8774,12
250,8775,13
250,8776,14
250,8777,15
250,8778,16
250,8779,17
250,8780,18
250,8781,19
250,8782,20
251,8783,0
251,8784,1
251,8785,2
251,8786,3
251,8787,4
251,8788,5
251,8789,6
251,8790,7
251,8791,8
251,8792,9
251,8793,10
251,8794,11
251,8795,12
251,8796,13
251,8797,14
252,8798,0
252,8799,1
252,8800,2
252,8801,3
252,8802,4
252,8803,5
252,8804,6
252,8805,7
252,8806,8
252,8807,9
252,8808,10
252,8809,11
252,8810,12
252,8811,13
252,8812,14
252,8813,15
253,8814,0
253,8815,1
253,8816,2
253,8817,3
253,8818,4
253,8819,5
253,8820,6
253,8821,7
253,8822,8
253,8823,9
253,8824,10
253,8825,11
253,8826,12
253,8827,13
253,8828,14
253,8829,15
253,8830,16
253,8831,17
253,8832,18
253,8833,19
253,8834,20
253,8835,21
254,8836,0
254,8837,1
254,8838,2
254,8839,3
254,8840,4
254,8841,5
254,8842,6
254,8843,7
254,8844,8
254,8845,9
254,8846,10
254,8847,11
254,8848,12
254,8849,13
254,8850,14
254,8851,15
254,8852,16
254,8853,17
254,8854,18
254,8855,19
254,8856,20
254,8857,21
254,8858,22
255,8859,0
255,8860,1
255,8861,2
255,8862,3
255,8863,4
255,8864,5
255,8865,6
255,8866,7
255,8867,8
255,8868,9
255,8869,10
255,8870,11
255,8871,12
255,8872,13
255,8873,14
255,8874,15
255,8875,16
255,8876,17
255,8877,18
255,8878,19
255,8879,20
255,8880,21
256,8881,1
256,8882,2
256,8883,3
256,8884,4
256,8885,5
256,8886,6
256,8887,7
256,8888,8
256,8889,9
256,8890,10
256,8891,11
256,8892,12
256,8893,13
256,8894,14
256,8895,15
256,8896,16
256,8897,17
256,8898,18
256,8899,19
256,8900,20
256,8901,21
256,8902,22
256,8903,23
256,8904,24
256,8905,25
256,8906,26
256,8907,27
256,8908,28
256,8909,29
256,8910,30
256,8911,31
256,8912,32
256,8913,33
256,8914,34
256,8915,35
256,8916,36
256,8917,37
256,8918,38
256,8919,39
256,8920,40
256,8921,41
256,8922,42
256,8923,43
256,8924,44
256,8925,45
256,8926,46
256,8927,47
256,8928,48
256,8929,49
256,8930,50
256,8931,51
256,8932,52
256,8933,53
256,8934,54
257,8935,1
257,8936,2
257,8937,3
257,8938,4
257,8939,5
257,8940,6
257,8941,7
257,8942,8
257,8943,9
257,8944,10
257,8945,11
257,8946,12
257,8947,13
257,8948,14
257,8949,15
257,8950,16
257,8951,17
257,8952,18
257,8953,19
257,8954,20
257,8955,21
257,8956,22
257,8957,23
257,8958,24
257,8959,25
257,8960,26
257,8961,27
257,8962,28
257,8963,29
257,8964,30
257,8965,31
257,8966,32
257,8967,33
257,8968,34
257,8969,35
257,8970,36
257,8971,37
257,8972,38
257,8973,39
257,8974,40
257,8975,41
257,8976,42
257,8977,43
257,8978,44
257,8979,45
257,8980,46
257,8981,47
257,8982,48
257,8983,49
257,8984,50
257,8985,51
257,8986,52
257,8987,53
257,8988,54
257,8989,55
257,8990,56
258,8991,0
258,8992,1
258,8993,2
258,8994,3
258,8995,4
258,8996,5
258,8997,6
258,8998,7
258,8999,8
258,9000,9
258,9001,10
258,9002,11
258,9003,12
258,9004,13
258,9005,14
258,9006,15
258,9007,16
258,9008,17
258,9009,18
258,9010,19
258,9011,20
258,9012,21
258,9013,22
258,9014,23
258,9015,24
258,9016,25
258,9017,26
258,9018,27
258,9019,28
258,9020,29
258,9021,30
258,9022,31
258,9023,32
258,9024,33
258,9025,34
258,9026,35
258,9027,36
258,9028,37
258,9029,38
258,9030,39
258,9031,40
258,9032,41
258,9033,42
258,9034,43
258,9035,44
258,9036,45
258,9037,46
258,9038,47
258,9039,48
258,9040,49
258,9041,50
258,9042,51
258,9043,52
258,9044,53
259,9045,0
259,9046,1
259,9047,2
259,9048,3
259,9049,4
259,9050,5
259,9051,6
259,9052,7
259,9053,8
259,9054,9
259,9055,10
259,9056,11
259,9057,12
259,9058,13
259,9059,14
259,9060,15
259,9061,16
259,9062,17
259,9063,18
259,9064,19
259,9065,20
259,9066,21
259,9067,22
259,9068,23
259,9069,24
259,9070,25
259,9071,26
259,9072,27
259,9073,28
259,9074,29
259,9075,30
259,9076,31
259,9077,32
259,9078,33
259,9079,34
259,9080,35
259,9081,36
259,9082,37
259,9083,38
259,9084,39
259,9085,40
259,9086,41
259,9087,42
259,9088,43
259,9089,44
259,9090,45
259,9091,46
259,9092,47
259,9093,48
259,9094,49
260,9095,0
260,9096,1
260,9097,2
260,9098,3
260,9099,4
260,9100,5
260,9101,6
260,9102,7
260,9103,8
260,9104,9
260,9105,10
260,9106,11
260,9107,12
260,9108,13
260,9109,14
260,9110,15
260,9111,16
260,9112,17
260,9113,18
260,9114,19
260,9115,20
260,9116,21
260,9117,22
260,9118,23
260,9119,24
260,9120,25
260,9121,26
260,9122,27
260,9123,28
260,9124,29
260,9125,30
260,9126,31
260,9127,32
260,9128,33
260,9129,34
260,9130,35
260,9131,36
260,9132,37
260,9133,38
260,9134,39
260,9135,40
260,9136,41
260,9137,42
261,9138,0
261,9139,1
261,9140,2
261,9141,3
261,9142,4
261,9143,5
261,9144,6
261,9145,7
261,9146,8
261,9147,9
261,9148,10
261,9149,11
261,9150,12
261,9151,13
261,9152,14
261,9153,15
261,9154,16
261,9155,17
261,9156,18
261,9157,19
261,9158,20
261,9159,21
261,9160,22
261,9161,23
261,9162,24
261,9163,25
261,9164,26
261,9165,27
261,9166,28
261,9167,29
261,9168,30
261,9169,31
261,9170,32
261,9171,33
261,9172,34
261,9173,35
261,9174,36
261,9175,37
261,9176,38
261,9177,39
261,9178,40
261,9179,41
261,9180,42
262,9181,0
262,9182,1
262,9183,2
262,9184,3
262,9185,4
262,9186,5
262,9187,6
262,9188,7
262,9189,8
262,9190,9
262,9191,10
262,9192,11
262,9193,12
262,9194,13
262,9195,14
262,9196,15
262,9197,16
262,9198,17
262,9199,18
262,9200,19
262,9201,20
262,9202,21
262,9203,22
262,9204,23
262,9205,24
262,9206,25
262,9207,26
262,9208,27
262,9209,28
262,9210,29
262,9211,30
262,9212,31
262,9213,32
262,9214,33
263,9215,0
263,9216,1
263,9217,2
263,9218,3
263,9219,4
263,9220,5
263,9221,6
263,9222,7
263,9223,8
263,9224,9
263,9225,10
263,9226,11
263,9227,12
263,9228,13
263,9229,14
263,9230,15
263,9231,16
263,9232,17
263,9233,18
263,9234,19
263,9235,20
263,9236,21
263,9237,22
263,9238,23
263,9239,24
263,9240,25
263,9241,26
263,9242,27
263,9243,28
263,9244,29
263,9245,30
263,9246,31
263,9247,32
263,9248,33
264,9249,0
264,9250,1
264,9251,2
264,9252,3
264,9253,4
264,9254,5
264,9255,6
264,9256,7
264,9257,8
264,9258,9
264,9259,10
264,9260,11
264,9261,12
264,9262,13
264,9263,14
264,9264,15
264,9265,16
264,9266,17
264,9267,18
264,9268,19
264,9269,20
264,9270,21
264,9271,22
264,9272,23
264,9273,24
264,9274,25
264,9275,26
264,9276,27
264,9277,28
264,9278,29
264,9279,30
264,9280,31
264,9281,32
264,9282,33
264,9283,34
264,9284,35
264,9285,36
264,9286,37
264,9287,38
264,9288,39
264,9289,40
264,9290,41
264,9291,42
264,9292,43
264,9293,44
264,9294,45
264,9295,46
264,9296,47
264,9297,48
265,9298,0
265,9299,1
265,9300,2
265,9301,3
265,9302,4
265,9303,5
265,9304,6
265,9305,7
265,9306,8
265,9307,9
265,9308,10
265,9309,11
265,9310,12
265,9311,13
265,9312,14
265,9313,15
265,9314,16
265,9315,17
265,9316,18
265,9317,19
265,9318,20
265,9319,21
265,9320,22
265,9321,23
265,9322,24
265,9323,25
265,9324,26
265,9325,27
265,9326,28
265,9327,29
265,9328,30
265,9329,31
265,9330,32
265,9331,33
265,9332,34
265,9333,35
265,9334,36
265,9335,37
265,9336,38
265,9337,39
265,9338,40
265,9339,41
265,9340,42
265,9341,43
265,9342,44
265,9343,45
265,9344,46
265,9345,47
265,9346,48
266,9347,0
266,9348,1
266,9349,2
266,9350,3
266,9351,4
266,9352,5
266,9353,6
266,9354,7
266,9355,8
266,9356,9
266,9357,10
266,9358,11
266,9359,12
266,9360,13
266,9361,14
266,9362,15
266,9363,16
266,9364,17
266,9365,18
266,9366,19
266,9367,20
266,9368,21
266,9369,22
266,9370,23
266,9371,24
266,9372,25
266,9373,26
266,9374,27
266,9375,28
266,9376,29
266,9377,30
266,9378,31
266,9379,32
266,9380,33
266,9381,34
266,9382,35
266,9383,36
266,9384,37
266,9385,38
266,9386,39
266,9387,40
266,9388,41
266,9389,42
266,9390,43
266,9391,44
266,9392,45
266,9393,46
266,9394,47
266,9395,48
266,9396,49
266,9397,50
266,9398,51
266,9399,52
266,9400,53
266,9401,54
266,9402,55
266,9403,56
266,9404,57
267,9405,0
267,9406,1
267,9407,2
267,9408,3
267,9409,4
267,9410,5
267,9411,6
267,9412,7
267,9413,8
267,9414,9
267,9415,10
267,9416,11
267,9417,12
267,9418,13
267,9419,14
267,9420,15
267,9421,16
267,9422,17
267,9423,18
267,9424,19
267,9425,20
267,9426,21
267,9427,22
267,9428,23
267,9429,24
267,9430,25
267,9431,26
267,9432,27
267,9433,28
267,9434,29
267,9435,30
267,9436,31
267,9437,32
267,9438,33
267,9439,34
267,9440,35
267,9441,36
267,9442,37
267,9443,38
267,9444,39
267,9445,40
267,9446,41
267,9447,42
267,9448,43
267,9449,44
267,9450,45
267,9451,46
267,9452,47
267,9453,48
267,9454,49
267,9455,50
267,9456,51
267,9457,52
267,9458,53
267,9459,54
267,9460,55
267,9461,56
267,9462,57
267,9463,58
268,9464,0
268,9465,1
268,9466,2
268,9467,3
268,9468,4
268,9469,5
268,9470,6
268,9471,7
268,9472,8
268,9473,9
268,9474,10
268,9475,11
268,9476,12
268,9477,13
268,9478,14
268,9479,15
268,9480,16
268,9481,17
268,9482,18
268,9483,19
269,9484,0
269,9485,1
269,9486,2
269,9487,3
269,9488,4
269,9489,5
269,9490,6
269,9491,7
269,9492,8
269,9493,9
269,9494,10
269,9495,11
269,9496,12
269,9497,13
269,9498,14
269,9499,15
269,9500,16
269,9501,17
269,9502,18
269,9503,19
269,9504,20
269,9505,21
269,9506,22
269,9507,23
270,9508,1
270,9509,2
270,9510,3
270,9511,4
270,9512,5
270,9513,6
270,9514,7
270,9515,8
270,9516,9
270,9517,10
270,9518,11
270,9519,12
270,9520,13
270,9521,14
270,9522,15
270,9523,16
270,9524,17
270,9525,18
270,9526,19
270,9527,20
270,9528,21
270,9529,22
270,9530,23
270,9531,24
270,9532,25
270,9533,26
270,9534,27
270,9535,28
270,9536,29
270,9537,30
270,9538,31
270,9539,32
270,9540,33
270,9541,34
270,9542,35
270,9543,36
270,9544,37
270,9545,38
270,9546,39
270,9547,40
270,9548,41
270,9549,42
270,9550,43
270,9551,44
270,9552,45
270,9553,46
271,9554,1
271,9555,2
271,9556,3
271,9557,4
271,9558,5
271,9559,6
271,9560,7
271,9561,8
271,9562,9
271,9563,10
271,9564,11
271,9565,12
271,9566,13
271,9567,14
271,9568,15
271,9569,16
271,9570,17
271,9571,18
271,9572,19
271,9573,20
271,9574,21
271,9575,22
271,9576,23
271,9577,24
271,9578,25
271,9579,26
271,9580,27
271,9581,28
271,9582,29
271,9583,30
271,9584,31
271,9585,32
271,9586,33
271,9587,34
271,9588,35
271,9589,36
271,9590,37
271,9591,38
271,9592,39
271,9593,40
271,9594,41
271,9595,42
271,9596,43
272,9597,0
272,9598,1
272,9599,2
272,9600,3
272,9601,4
272,9602,5
272,9603,6
272,9604,7
272,9605,8
272,9606,9
272,9607,10
272,9608,11
272,9609,12
272,9610,13
272,9611,14
272,9612,15
272,9613,16
272,9614,17
272,9615,18
272,9616,19
272,9617,20
272,9618,21
272,9619,22
272,9620,23
273,9597,0
273,9598,1
273,9599,2
273,9600,3
273,9601,4
273,9602,5
273,9603,6
273,9604,7
273,9605,8
273,9606,9
273,9607,10
273,9608,11
273,9609,12
273,9610,13
273,9611,14
273,9612,15
273,9613,16
273,9614,17
273,9615,18
273,9616,19
273,9617,20
273,9618,21
273,9619,22
273,9620,23
274,9621,0
274,9622,1
274,9623,2
274,9624,3
274,9625,4
274,9626,5
274,9627,6
274,9628,7
274,9629,8
274,9630,9
274,9631,10
274,9632,11
274,9633,12
274,9634,13
274,9635,14
274,9636,15
274,9637,16
274,9638,17
274,9639,18
274,9640,19
275,9641,0
275,9642,1
275,9643,2
275,9644,3
275,9645,4
275,9646,5
275,9647,6
275,9648,7
275,9649,8
275,9650,9
275,9651,10
275,9652,11
275,9653,12
275,9654,13
275,9655,14
275,9656,15
275,9657,16
275,9658,17
275,9659,18
275,9660,19
276,9661,0
276,9662,1
276,9663,2
276,9664,3
276,9665,4
276,9666,5
276,9667,6
276,9668,7
276,9669,8
276,9670,9
276,9671,10
276,9672,11
276,9673,12
276,9674,13
276,9675,14
276,9676,15
276,9677,16
276,9678,17
276,9679,18
276,9680,19
276,9681,20
276,9682,21
276,9683,22
276,9684,23
276,9685,24
276,9686,25
276,9687,26
276,9688,27
276,9689,28
276,9690,29
276,9691,30
276,9692,31
276,9693,32
276,9694,33
276,9695,34
276,9696,35
277,9697,0
277,9698,1
277,9699,2
277,9700,3
277,9701,4
277,9702,5
277,9703,6
277,9704,7
277,9705,8
277,9706,9
277,9707,10
277,9708,11
277,9709,12
277,9710,13
277,9711,14
277,9712,15
277,9713,16
277,9714,17
277,9715,18
278,9716,0
278,9717,1
278,9718,2
278,9719,3
278,9720,4
278,9721,5
278,9722,6
278,9723,7
278,9724,8
278,9725,9
278,9726,10
278,9727,11
278,9728,12
278,9729,13
278,9730,14
278,9731,15
278,9732,16
278,9733,17
278,9734,18
279,9735,0
279,9736,1
279,9737,2
279,9738,3
279,9739,4
279,9740,5
279,9741,6
279,9742,7
279,9743,8
279,9744,9
279,9745,10
279,9746,11
279,9747,12
279,9748,13
279,9749,14
279,9750,15
279,9751,16
279,9752,17
279,9753,18
279,9754,19
279,9755,20
279,9756,21
279,9757,22
279,9758,23
279,9759,24
279,9760,25
279,9761,26
279,9762,27
279,9763,28
279,9764,29
279,9765,30
279,9766,31
279,9767,32
279,9768,33
279,9769,34
279,9770,35
279,9771,36
279,9772,37
279,9773,38
279,9774,39
279,9775,40
279,9776,41
279,9777,42
279,9778,43
280,9779,0
280,9780,1
280,9781,2
280,9782,3
280,9783,4
280,9784,5
280,9785,6
280,9786,7
280,9787,8
280,9788,9
280,9789,10
280,9790,11
280,9791,12
280,9792,13
280,9793,14
280,9794,15
280,9795,16
280,9796,17
280,9797,18
280,9798,19
280,9799,20
280,9800,21
280,9801,22
280,9802,23
280,9803,24
280,9804,25
280,9805,26
280,9806,27
280,9807,28
280,9808,29
280,9809,30
280,9810,31
280,9811,32
280,9812,33
280,9813,34
280,9814,35
280,9815,36
280,9816,37
280,9817,38
280,9818,39
280,9819,40
280,9820,41
280,9821,42
280,9822,43
281,9823,0
281,9824,1
281,9825,2
281,9826,3
281,9827,4
281,9828,5
281,9829,6
281,9830,7
281,9831,8
281,9832,9
281,9833,10
281,9834,11
281,9835,12
281,9836,13
281,9837,14
281,9838,15
281,9839,16
281,9840,17
281,9841,18
281,9842,19
281,9843,20
281,9844,21
281,9845,22
281,9846,23
281,9847,24
281,9848,25
281,9849,26
281,9850,27
281,9851,28
281,9852,29
281,9853,30
281,9854,31
281,9855,32
281,9856,33
281,9857,34
281,9858,35
281,9859,36
282,9860,0
282,9861,1
282,9862,2
282,9863,3
282,9864,4
282,9865,5
282,9866,6
282,9867,7
282,9868,8
282,9869,9
282,9870,10
282,9871,11
282,9872,12
282,9873,13
282,9874,14
282,9875,15
282,9876,16
282,9877,17
282,9878,18
282,9879,19
282,9880,20
282,9881,21
282,9882,22
282,9883,23
282,9884,24
282,9885,25
282,9886,26
282,9887,27
282,9888,28
282,9889,29
283,9890,0
283,9891,1
283,9892,2
283,9893,3
283,9894,4
283,9895,5
283,9896,6
283,9897,7
283,9898,8
283,9899,9
283,9900,10
283,9901,11
283,9902,12
283,9903,13
283,9904,14
283,9905,15
283,9906,16
283,9907,17
283,9908,18
283,9909,19
283,9910,20
283,9911,21
283,9912,22
283,9913,23
283,9914,24
283,9915,25
283,9916,26
283,9917,27
283,9918,28
283,9919,29
284,9920,0
284,9921,1
284,9922,2
284,9923,3
284,9924,4
284,9925,5
284,9926,6
284,9927,7
284,9928,8
284,9929,9
284,9930,10
284,9931,11
284,9932,12
284,9933,13
284,9934,14
284,9935,15
284,9936,16
284,9937,17
284,9938,18
284,9939,19
284,9940,20
284,9941,21
284,9942,22
284,9943,23
284,9944,24
284,9945,25
284,9946,26
284,9947,27
284,9948,28
284,9949,29
284,9950,30
284,9951,31
284,9952,32
285,9953,0
285,9954,1
285,9955,2
285,9956,3
285,9957,4
285,9958,5
285,9959,6
285,9960,7
285,9961,8
285,9962,9
285,9963,10
285,9964,11
285,9965,12
285,9966,13
285,9967,14
285,9968,15
285,9969,16
285,9970,17
285,9971,18
285,9972,19
285,9973,20
285,9974,21
285,9975,22
285,9976,23
285,9977,24
285,9978,25
285,9979,26
285,9980,27
285,9981,28
285,9982,29
285,9983,30
285,9984,31
285,9985,32
285,9986,33
285,9987,34
285,9988,35
285,9989,36
285,9990,37
285,9991,38
285,9992,39
285,9993,40
285,9994,41
285,9995,42
286,9996,0
286,9997,1
286,9998,2
286,9999,3
286,10000,4
286,10001,5
286,10002,6
286,10003,7
286,10004,8
286,10005,9
286,10006,10
286,10007,11
286,10008,12
286,10009,13
286,10010,14
286,10011,15
286,10012,16
286,10013,17
286,10014,18
286,10015,19
286,10016,20
286,10017,21
286,10018,22
286,10019,23
286,10020,24
286,10021,25
286,10022,26
286,10023,27
286,10024,28
286,10025,29
286,10026,30
286,10027,31
286,10028,32
286,10029,33
286,10030,34
286,10031,35
286,10032,36
286,10033,37
286,10034,38
286,10035,39
286,10036,40
286,10037,41
286,10038,42
286,10039,43
286,10040,44
286,10041,45
287,10042,0
287,10043,1
287,10044,2
287,10045,3
287,10046,4
287,10047,5
287,10048,6
287,10049,7
287,10050,8
287,10051,9
287,10052,10
287,10053,11
287,10054,12
287,10055,13
287,10056,14
287,10057,15
287,10058,16
287,10059,17
287,10060,18
287,10061,19
287,10062,20
287,10063,21
287,10064,22
287,10065,23
287,10066,24
287,10067,25
287,10068,26
287,10069,27
287,10070,28
287,10071,29
287,10072,30
287,10073,31
287,10074,32
287,10075,33
287,10076,34
287,10077,35
287,10078,36
287,10079,37
287,10080,38
287,10081,39
287,10082,40
287,10083,41
287,10084,42
287,10085,43
287,10086,44
287,10087,45
287,10088,46
287,10089,47
287,10090,48
287,10091,49
287,10092,50
287,10093,51
287,10094,52
287,10095,53
287,10096,54
287,10097,55
287,10098,56
287,10099,57
287,10100,58
287,10101,59
287,10102,60
287,10103,61
287,10104,62
287,10105,63
287,10106,64
288,10107,0
288,10108,1
288,10109,2
288,10110,3
288,10111,4
288,10112,5
288,10113,6
288,10114,7
288,10115,8
288,10116,9
288,10117,10
288,10118,11
288,10119,12
288,10120,13
288,10121,14
288,10122,15
288,10123,16
288,10124,17
288,10125,18
288,10126,19
288,10127,20
288,10128,21
288,10129,22
288,10130,23
288,10131,24
288,10132,25
288,10133,26
288,10134,27
288,10135,28
288,10136,29
288,10137,30
288,10138,31
288,10139,32
288,10140,33
288,10141,34
288,10142,35
288,10143,36
288,10144,37
288,10145,38
288,10146,39
288,10147,40
288,10148,41
288,10149,42
288,10150,43
288,10151,44
288,10152,45
288,10153,46
288,10154,47
288,10155,48
288,10156,49
288,10157,50
288,10158,51
288,10159,52
288,10160,53
288,10161,54
288,10162,55
288,10163,56
288,10164,57
288,10165,58
288,10166,59
288,10167,60
288,10168,61
288,10169,62
288,10170,63
289,10171,0
289,10172,1
289,10173,2
289,10174,3
289,10175,4
289,10176,5
289,10177,6
289,10178,7
289,10179,8
289,10180,9
289,10181,10
289,10182,11
289,10183,12
289,10184,13
289,10185,14
289,10186,15
289,10187,16
289,10188,17
289,10189,18
289,10190,19
289,10191,20
289,10192,21
289,10193,22
289,10194,23
289,10195,24
289,10196,25
289,10197,26
289,10198,27
289,10199,28
290,10200,0
290,10201,1
290,10202,2
290,10203,3
290,10204,4
290,10205,5
290,10206,6
290,10207,7
290,10208,8
290,10209,9
290,10210,10
290,10211,11
290,10212,12
290,10213,13
290,10214,14
290,10215,15
290,10216,16
290,10217,17
290,10218,18
290,10219,19
290,10220,20
290,10221,21
290,10222,22
290,10223,23
290,10224,24
290,10225,25
290,10226,26
290,10227,27
290,10228,28
291,10229,0
291,10230,1
291,10231,2
291,10232,3
291,10233,4
291,10234,5
291,10235,6
291,10236,7
291,10237,8
291,10238,9
291,10239,10
291,10240,11
291,10241,12
291,10242,13
291,10243,14
291,10244,15
291,10245,16
291,10246,17
291,10247,18
291,10248,19
291,10249,20
291,10250,21
291,10251,22
291,10252,23
291,10253,24
291,10254,25
291,10255,26
291,10256,27
292,10257,0
292,10258,1
292,10259,2
292,10260,3
292,10261,4
292,10262,5
292,10263,6
292,10264,7
292,10265,8
292,10266,9
292,10267,10
292,10268,11
292,10269,12
292,10270,13
292,10271,14
292,10272,15
292,10273,16
292,10274,17
292,10275,18
292,10276,19
292,10277,20
292,10278,21
292,10279,22
292,10280,23
292,10281,24
293,10282,0
293,10283,1
293,10284,2
293,10285,3
293,10286,4
293,10287,5
293,10288,6
293,10289,7
293,10290,8
293,10291,9
293,10292,10
293,10293,11
293,10294,12
293,10295,13
293,10296,14
293,10297,15
293,10298,16
293,10299,17
293,10300,18
293,10301,19
293,10302,20
293,10303,21
293,10304,22
293,10305,23
293,10306,24
293,10307,25
293,10308,26
293,10309,27
293,10310,28
293,10311,29
293,10312,30
293,10313,31
293,10314,32
293,10315,33
293,10316,34
293,10317,35
293,10318,36
293,10319,37
293,10320,38
293,10321,39
293,10322,40
293,10323,41
293,10324,42
293,10325,43
293,10326,44
293,10327,45
293,10328,46
293,10329,47
293,10330,48
293,10331,49
293,10332,50
293,10333,51
293,10334,52
293,10335,53
293,10336,54
293,10337,55
293,10338,56
293,10339,57
293,10340,58
293,10341,59
293,10342,60
293,10343,61
293,10344,62
293,10345,63
293,10346,64
293,10347,65
293,10348,66
293,10349,67
293,10350,68
293,10351,69
294,10352,0
294,10353,1
294,10354,2
294,10355,3
294,10356,4
294,10357,5
294,10358,6
294,10359,7
294,10360,8
294,10361,9
294,10362,10
294,10363,11
294,10364,12
294,10365,13
294,10366,14
294,10367,15
294,10368,16
294,10369,17
294,10370,18
294,10371,19
294,10372,20
294,10373,21
294,10374,22
294,10375,23
294,10376,24
294,10377,25
294,10378,26
294,10379,27
294,10380,28
294,10381,29
294,10382,30
294,10383,31
294,10384,32
294,10385,33
294,10386,34
294,10387,35
294,10388,36
294,10389,37
294,10390,38
294,10391,39
294,10392,40
294,10393,41
294,10394,42
294,10395,43
294,10396,44
294,10397,45
294,10398,46
294,10399,47
294,10400,48
294,10401,49
294,10402,50
294,10403,51
294,10404,52
294,10405,53
294,10406,54
294,10407,55
294,10408,56
294,10409,57
294,10410,58
294,10411,59
294,10412,60
294,10413,61
294,10414,62
294,10415,63
294,10416,64
294,10417,65
294,10418,66
294,10419,67
294,10420,68
295,10421,1
295,10422,2
295,10423,3
295,10424,4
295,10425,5
295,10426,6
295,10427,7
295,10428,8
295,10429,9
295,10430,10
295,10431,11
295,10432,12
295,10433,13
295,10434,14
295,10435,15
295,10436,16
295,10437,17
295,10438,18
295,10439,19
295,10440,20
295,10441,21
295,10442,22
295,10443,23
295,10444,24
295,10445,25
295,10446,26
295,10447,27
295,10448,28
295,10449,29
296,10450,1
296,10451,2
296,10452,3
296,10453,4
296,10454,5
296,10455,6
296,10456,7
296,10457,8
296,10458,9
296,10459,10
296,10460,11
296,10461,12
296,10462,13
296,10463,14
296,10464,15
296,10465,16
296,10466,17
296,10467,18
296,10468,19
296,10469,20
296,10470,21
296,10471,22
296,10472,23
296,10473,24
296,10474,25
296,10475,26
297,10476,1
297,10477,2
297,10478,3
297,10479,4
297,10480,5
297,10481,6
297,10482,7
297,10483,8
297,10484,9
297,10485,10
297,10486,11
297,10487,12
297,10488,13
297,10489,14
297,10490,15
297,10491,16
297,10492,17
297,10493,18
297,10494,19
297,10495,20
297,10496,21
297,10497,22
297,10498,23
297,10499,24
297,10500,25
297,10501,26
297,10502,27
297,10503,28
297,10504,29
297,10505,30
297,10506,31
297,10507,32
297,10508,33
297,10509,34
297,10510,35
297,10511,36
297,10512,37
297,10513,38
297,10514,39
297,10515,40
297,10516,41
297,10517,42
297,10518,43
297,10519,44
297,10520,45
297,10521,46
297,10522,47
297,10523,48
298,10524,1
298,10525,2
298,10526,3
298,10527,4
298,10528,5
298,10529,6
298,10530,7
298,10531,8
298,10532,9
298,10533,10
298,10534,11
298,10535,12
298,10536,13
298,10537,14
298,10538,15
298,10539,16
298,10540,17
298,10541,18
298,10542,19
298,10543,20
298,10544,21
298,10545,22
298,10546,23
298,10547,24
298,10548,25
298,10549,26
298,10550,27
298,10551,28
298,10552,29
298,10553,30
298,10554,31
298,10555,32
298,10556,33
298,10557,34
298,10558,35
298,10559,36
298,10560,37
298,10561,38
298,10562,39
298,10563,40
298,10564,41
298,10565,42
298,10566,43
298,10567,44
298,10568,45
299,10569,1
299,10570,2
299,10571,3
299,10572,4
299,10573,5
299,10574,6
299,10575,7
299,10576,8
299,10577,9
299,10578,10
299,10579,11
299,10580,12
299,10581,13
299,10582,14
299,10583,15
299,10584,16
299,10585,17
299,10586,18
299,10587,19
299,10588,20
299,10589,21
299,10590,22
299,10591,23
299,10592,24
300,10593,1
300,10594,2
300,10595,3
300,10596,4
300,10597,5
300,10598,6
300,10599,7
300,10600,8
300,10601,9
300,10602,10
300,10603,11
300,10604,12
300,10605,13
300,10606,14
300,10607,15
300,10608,16
300,10609,17
300,10610,18
300,10611,19
300,10612,20
301,10613,1
301,10614,2
301,10615,3
301,10616,4
301,10617,5
301,10618,6
301,10619,7
301,10620,8
301,10621,9
301,10622,10
301,10623,11
301,10624,12
301,10625,13
301,10626,14
301,10627,15
301,10628,16
301,10629,17
301,10630,18
301,10631,19
301,10632,20
301,10633,21
301,10634,22
301,10635,23
301,10636,24
301,10637,25
301,10638,26
301,10639,27
301,10640,28
301,10641,29
301,10642,30
301,10643,31
301,10644,32
301,10645,33
301,10646,34
301,10647,35
301,10648,36
301,10649,37
301,10650,38
301,10651,39
301,10652,40
301,10653,41
301,10654,42
301,10655,43
301,10656,44
301,10657,45
301,10658,46
301,10659,47
301,10660,48
301,10661,49
302,10662,1
302,10663,2
302,10664,3
302,10665,4
302,10666,5
302,10667,6
302,10668,7
302,10669,8
302,10670,9
302,10671,10
302,10672,11
302,10673,12
302,10674,13
302,10675,14
302,10676,15
302,10677,16
302,10678,17
302,10679,18
302,10680,19
302,10681,20
302,10682,21
302,10683,22
302,10684,23
302,10685,24
302,10686,25
302,10687,26
302,10688,27
302,10689,28
302,10690,29
302,10691,30
302,10692,31
302,10693,32
302,10694,33
302,10695,34
302,10696,35
302,10697,36
302,10698,37
302,10699,38
302,10700,39
302,10701,40
302,10702,41
302,10703,42
302,10704,43
302,10705,44
302,10706,45
302,10707,46
302,10708,47
302,10709,48
303,10710,0
303,10711,1
303,10712,2
303,10713,3
303,10714,4
303,10715,5
303,10716,6
303,10717,7
303,10718,8
303,10719,9
303,10720,10
303,10721,11
303,10722,12
303,10723,13
303,10724,14
303,10725,15
303,10726,16
303,10727,17
303,10728,18
303,10729,19
303,10730,20
303,10731,21
303,10732,22
303,10733,23
303,10734,24
303,10735,25
303,10736,26
303,10737,27
303,10738,28
303,10739,29
304,10740,0
304,10741,1
304,10742,2
304,10743,3
304,10744,4
304,10745,5
304,10746,6
304,10747,7
304,10748,8
304,10749,9
304,10750,10
304,10751,11
304,10752,12
304,10753,13
304,10754,14
304,10755,15
304,10756,16
304,10757,17
304,10758,18
304,10759,19
304,10760,20
305,10761,0
305,10762,1
305,10763,2
305,10764,3
305,10765,4
305,10766,5
305,10767,6
305,10768,7
305,10769,8
305,10770,9
305,10771,10
305,10772,11
305,10773,12
305,10774,13
305,10775,14
305,10776,15
305,10777,16
305,10778,17
305,10779,18
305,10780,19
305,10781,20
305,10782,21
305,10783,22
305,10784,23
305,10785,24
305,10786,25
305,10787,26
305,10788,27
305,10789,28
305,10790,29
305,10791,30
305,10792,31
305,10793,32
305,10794,33
305,10795,34
305,10796,35
305,10797,36
305,10798,37
305,10799,38
306,10800,0
306,10801,1
306,10802,2
306,10803,3
306,10804,4
306,10805,5
306,10806,6
306,10807,7
306,10808,8
306,10809,9
306,10810,10
306,10811,11
306,10812,12
306,10813,13
306,10814,14
306,10815,15
306,10816,16
306,10817,17
306,10818,18
306,10819,19
306,10820,20
306,10821,21
306,10822,22
306,10823,23
306,10824,24
306,10825,25
306,10826,26
306,10827,27
306,10828,28
306,10829,29
306,10830,30
306,10831,31
306,10832,32
306,10833,33
306,10834,34
306,10835,35
307,10836,0
307,10837,1
307,10838,2
307,10839,3
307,10840,4
307,10841,5
307,10842,6
307,10843,7
307,10844,8
307,10845,9
307,10846,10
307,10847,11
307,10848,12
307,10849,13
307,10850,14
307,10851,15
307,10852,16
307,10853,17
307,10854,18
307,10855,19
307,10856,20
307,10857,21
307,10858,22
307,10859,23
307,10860,24
307,10861,25
307,10862,26
307,10863,27
307,10864,28
307,10865,29
307,10866,30
307,10867,31
307,10868,32
307,10869,33
307,10870,34
307,10871,35
307,10872,36
307,10873,37
307,10874,38
307,10875,39
307,10876,40
307,10877,41
307,10878,42
307,10879,43
307,10880,44
307,10881,45
308,10882,0
308,10883,1
308,10884,2
308,10885,3
308,10886,4
308,10887,5
308,10888,6
308,10889,7
308,10890,8
308,10891,9
308,10892,10
308,10893,11
308,10894,12
308,10895,13
308,10896,14
308,10897,15
308,10898,16
308,10899,17
308,10900,18
308,10901,19
308,10902,20
308,10903,21
308,10904,22
308,10905,23
308,10906,24
308,10907,25
308,10908,26
308,10909,27
308,10910,28
308,10911,29
308,10912,30
308,10913,31
308,10914,32
308,10915,33
308,10916,34
308,10917,35
308,10918,36
308,10919,37
308,10920,38
308,10921,39
308,10922,40
308,10923,41
308,10924,42
309,10925,0
309,10926,1
309,10927,2
309,10928,3
309,10929,4
309,10930,5
309,10931,6
309,10932,7
309,10933,8
309,10934,9
309,10935,10
309,10936,11
309,10937,12
309,10938,13
309,10939,14
309,10940,15
309,10941,16
309,10942,17
309,10943,18
309,10944,19
309,10945,20
309,10946,21
309,10947,22
309,10948,23
309,10949,24
309,10950,25
309,10951,26
309,10952,27
309,10953,28
309,10954,29
309,10955,30
309,10956,31
309,10957,32
309,10958,33
309,10959,34
309,10960,35
309,10961,36
309,10962,37
309,10963,38
309,10964,39
310,10965,0
310,10966,1
310,10967,2
310,10968,3
310,10969,4
310,10970,5
310,10971,6
310,10972,7
310,10973,8
310,10974,9
310,10975,10
310,10976,11
310,10977,12
310,10978,13
310,10979,14
310,10980,15
310,10981,16
310,10982,17
310,10983,18
310,10984,19
310,10985,20
310,10986,21
310,10987,22
310,10988,23
310,10989,24
310,10990,25
310,10991,26
311,10992,0
311,10993,1
311,10994,2
311,10995,3
311,10996,4
311,10997,5
311,10998,6
311,10999,7
311,11000,8
311,11001,9
311,11002,10
311,11003,11
311,11004,12
311,11005,13
311,11006,14
311,11007,15
311,11008,16
311,11009,17
311,11010,18
311,11011,19
311,11012,20
311,11013,21
311,11014,22
311,11015,23
312,11016,0
312,11017,1
312,11018,2
312,11019,3
312,11020,4
312,11021,5
312,11022,6
312,11023,7
312,11024,8
312,11025,9
312,11026,10
312,11027,11
312,11028,12
312,11029,13
312,11030,14
312,11031,15
312,11032,16
312,11033,17
312,11034,18
312,11035,19
312,11036,20
312,11037,21
312,11038,22
312,11039,23
312,11040,24
312,11041,25
312,11042,26
312,11043,27
312,11044,28
312,11045,29
312,11046,30
312,11047,31
312,11048,32
312,11049,33
312,11050,34
312,11051,35
312,11052,36
312,11053,37
313,11054,0
313,11055,1
313,11056,2
313,11057,3
313,11058,4
313,11059,5
313,11060,6
313,11061,7
313,11062,8
313,11063,9
313,11064,10
313,11065,11
313,11066,12
313,11067,13
313,11068,14
313,11069,15
313,11070,16
313,11071,17
313,11072,18
313,11073,19
313,11074,20
313,11075,21
313,11076,22
313,11077,23
313,11078,24
313,11079,25
313,11080,26
313,11081,27
313,11082,28
313,11083,29
313,11084,30
313,11085,31
313,11086,32
313,11087,33
313,11088,34
313,11089,35
313,11090,36
313,11091,37
313,11092,38
313,11093,39
313,11094,40
313,11095,41
313,11096,42
313,11097,43
313,11098,44
313,11099,45
314,11100,0
314,11101,1
314,11102,2
314,11103,3
314,11104,4
314,11105,5
314,11106,6
314,11107,7
314,11108,8
314,11109,9
314,11110,10
314,11111,11
314,11112,12
314,11113,13
314,11114,14
314,11115,15
314,11116,16
314,11117,17
314,11118,18
314,11119,19
314,11120,20
314,11121,21
314,11122,22
314,11123,23
314,11124,24
314,11125,25
314,11126,26
314,11127,27
314,11128,28
314,11129,29
314,11130,30
314,11131,31
314,11132,32
314,11133,33
314,11134,34
314,11135,35
314,11136,36
314,11137,37
314,11138,38
314,11139,39
314,11140,40
314,11141,41
314,11142,42
314,11143,43
314,11144,44
315,11145,0
315,11146,1
315,11147,2
315,11148,3
315,11149,4
315,11150,5
315,11151,6
315,11152,7
315,11153,8
315,11154,9
315,11155,10
315,11156,11
315,11157,12
315,11158,13
315,11159,14
315,11160,15
315,11161,16
315,11162,17
315,11163,18
315,11164,19
315,11165,20
315,11166,21
316,11167,0
316,11168,1
316,11169,2
316,11170,3
316,11171,4
316,11172,5
316,11173,6
316,11174,7
316,11175,8
316,11176,9
316,11177,10
316,11178,11
316,11179,12
316,11180,13
316,11181,14
316,11182,15
316,11183,16
316,11184,17
316,11185,18
316,11186,19
316,11187,20
317,11188,0
317,11189,1
317,11190,2
317,11191,3
317,11192,4
317,11193,5
317,11194,6
317,11195,7
317,11196,8
317,11197,9
317,11198,10
317,11199,11
317,11200,12
317,11201,13
317,11202,14
317,11203,15
317,11204,16
317,11205,17
317,11206,18
317,11207,19
317,11208,20
317,11209,21
317,11210,22
317,11211,23
317,11212,24
317,11213,25
318,11214,0
318,11215,1
318,11216,2
318,11217,3
318,11218,4
318,11219,5
318,11220,6
318,11221,7
318,11222,8
318,11223,9
318,11224,10
318,11225,11
318,11226,12
318,11227,13
318,11228,14
318,11229,15
318,11230,16
319,11231,0
319,11232,1
319,11233,2
319,11234,3
319,11235,4
319,11236,5
319,11237,6
319,11238,7
319,11239,8
319,11240,9
319,11241,10
319,11242,11
319,11243,12
319,11244,13
319,11245,14
319,11246,15
320,11247,0
320,11248,1
320,11249,2
320,11250,3
320,11251,4
320,11252,5
320,11253,6
320,11254,7
320,11255,8
320,11256,9
320,11257,10
320,11258,11
320,11259,12
320,11260,13
320,11261,14
320,11262,15
320,11263,16
320,11264,17
320,11265,18
320,11266,19
320,11267,20
320,11268,21
320,11269,22
320,11270,23
320,11271,24
321,11272,1
321,11273,2
321,11274,3
321,11275,4
321,11276,5
321,11277,6
321,11278,7
321,11279,8
321,11280,9
321,11281,10
321,11282,11
321,11283,12
321,11284,13
321,11285,14
321,11286,15
321,11287,16
321,11288,17
321,11289,18
321,11290,19
321,11291,20
321,11292,21
321,11293,22
321,11294,23
321,11295,24
321,11296,25
321,11297,26
321,11298,27
321,11299,28
321,11300,29
321,11301,30
321,11302,31
321,11303,32
321,11304,33
321,11305,34
321,11306,35
321,11307,36
321,11308,37
321,11309,38
321,11310,39
321,11311,40
322,11312,0
322,11313,1
322,11314,2
322,11315,3
322,11316,4
322,11317,5
322,11318,6
322,11319,7
322,11320,8
322,11321,9
322,11322,10
322,11323,11
322,11324,12
322,11325,13
322,11326,14
322,11327,15
322,11328,16
322,11329,17
322,11330,18
322,11331,19
322,11332,20
322,11333,21
322,11334,22
322,11335,23
322,11336,24
322,11337,25
322,11338,26
322,11339,27
322,11340,28
322,11341,29
322,11342,30
322,11343,31
322,11344,32
322,11345,33
322,11346,34
322,11347,35
322,11348,36
322,11349,37
322,11350,38
322,11351,39
323,11352,0
323,11353,1
323,11354,2
323,11355,3
323,11356,4
323,11357,5
323,11358,6
323,11359,7
323,11360,8
323,11361,9
323,11362,10
323,11363,11
323,11364,12
323,11365,13
323,11366,14
323,11367,15
323,11368,16
323,11369,17
323,11370,18
323,11371,19
323,11372,20
323,11373,21
323,11374,22
323,11375,23
323,11376,24
323,11377,25
323,11378,26
323,11379,27
323,11380,28
323,11381,29
323,11382,30
323,11383,31
323,11384,32
323,11385,33
323,11386,34
323,11387,35
323,11388,36
323,11389,37
323,11390,38
323,11391,39
323,11392,40
323,11393,41
323,11394,42
323,11395,43
323,11396,44
323,11397,45
323,11398,46
323,11399,47
323,11400,48
323,11401,49
323,11402,50
323,11403,51
323,11404,52
323,11405,53
323,11406,54
324,11407,0
324,11408,1
324,11409,2
324,11410,3
324,11411,4
324,11412,5
324,11413,6
324,11414,7
324,11415,8
324,11416,9
324,11417,10
324,11418,11
324,11419,12
324,11420,13
324,11421,14
324,11422,15
324,11423,16
324,11424,17
324,11425,18
324,11426,19
324,11427,20
324,11428,21
324,11429,22
324,11430,23
324,11431,24
324,11432,25
324,11433,26
324,11434,27
324,11435,28
324,11436,29
324,11437,30
324,11438,31
324,11439,32
324,11440,33
324,11441,34
324,11442,35
324,11443,36
324,11444,37
324,11445,38
324,11446,39
324,11447,40
324,11448,41
324,11449,42
324,11450,43
324,11451,44
324,11452,45
324,11453,46
324,11454,47
324,11455,48
324,11456,49
324,11457,50
324,11458,51
324,11459,52
324,11460,53
325,11461,0
325,11462,1
325,11463,2
325,11464,3
325,11465,4
325,11466,5
325,11467,6
325,11468,7
325,11469,8
325,11470,9
325,11471,10
325,11472,11
325,11473,12
325,11474,13
325,11475,14
325,11476,15
325,11477,16
325,11478,17
325,11479,18
325,11480,19
325,11481,20
325,11482,21
325,11483,22
325,11484,23
325,11485,24
325,11486,25
325,11487,26
325,11488,27
325,11489,28
325,11490,29
325,11491,30
325,11492,31
325,11493,32
325,11494,33
325,11495,34
325,11496,35
325,11497,36
325,11498,37
325,11499,38
325,11500,39
325,11501,40
325,11502,41
325,11503,42
325,11504,43
325,11505,44
325,11506,45
325,11507,46
325,11508,47
325,11509,48
325,11510,49
325,11511,50
325,11512,51
325,11513,52
325,11514,53
325,11515,54
325,11516,55
325,11517,56
325,11518,57
325,11519,58
325,11520,59
325,11521,60
325,11522,61
325,11523,62
325,11524,63
325,11525,64
325,11526,65
325,11527,66
325,11528,67
325,11529,68
325,11530,69
325,11531,70
325,11532,71
326,11533,0
326,11534,1
326,11535,2
326,11536,3
326,11537,4
326,11538,5
326,11539,6
326,11540,7
326,11541,8
326,11542,9
326,11543,10
326,11544,11
326,11545,12
326,11546,13
326,11547,14
326,11548,15
326,11549,16
326,11550,17
326,11551,18
326,11552,19
326,11553,20
326,11554,21
326,11555,22
326,11556,23
326,11557,24
326,11558,25
326,11559,26
326,11560,27
326,11561,28
326,11562,29
326,11563,30
326,11564,31
326,11565,32
326,11566,33
326,11567,34
326,11568,35
326,11569,36
326,11570,37
326,11571,38
326,11572,39
326,11573,40
326,11574,41
326,11575,42
326,11576,43
326,11577,44
326,11578,45
326,11579,46
326,11580,47
326,11581,48
326,11582,49
326,11583,50
326,11584,51
326,11585,52
326,11586,53
326,11587,54
326,11588,55
326,11589,56
326,11590,57
326,11591,58
326,11592,59
326,11593,60
326,11594,61
326,11595,62
326,11596,63
326,11597,64
326,11598,65
326,11599,66
326,11600,67
326,11601,68
326,11602,69
326,11603,70
327,11604,0
327,11605,1
327,11606,2
327,11607,3
327,11608,4
327,11609,5
327,11610,6
327,11611,7
327,11612,8
327,11613,9
327,11614,10
327,11615,11
327,11616,12
327,11617,13
327,11618,14
327,11619,15
327,11620,16
327,11621,17
327,11622,18
327,11623,19
327,11624,20
327,11625,21
327,11626,22
327,11627,23
328,11628,0
328,11629,1
328,11630,2
328,11631,3
328,11632,4
328,11633,5
328,11634,6
328,11635,7
328,11636,8
328,11637,9
328,11638,10
328,11639,11
328,11640,12
328,11641,13
328,11642,14
328,11643,15
328,11644,16
328,11645,17
328,11646,18
328,11647,19
328,11648,20
328,11649,21
328,11650,22
329,11651,1
329,11652,2
329,11653,3
329,11654,4
329,11655,5
329,11656,6
329,11657,7
329,11658,8
329,11659,9
329,11660,10
329,11661,11
329,11662,12
329,11663,13
329,11664,14
329,11665,15
329,11666,16
329,11667,17
329,11668,18
329,11669,19
329,11670,20
329,11671,21
329,11672,22
329,11673,23
329,11674,24
329,11675,25
329,11676,26
329,11677,27
329,11678,28
329,11679,29
329,11680,30
329,11681,31
329,11682,32
329,11683,33
329,11684,34
329,11685,35
329,11686,36
329,11687,37
329,11688,38
329,11689,39
329,11690,40
329,11691,41
329,11692,42
329,11693,43
329,11694,44
329,11695,45
329,11696,46
329,11697,47
329,11698,48
329,11699,49
329,11700,50
330,11701,1
330,11702,2
330,11703,3
330,11704,4
330,11705,5
330,11706,6
330,11707,7
330,11708,8
330,11709,9
330,11710,10
330,11711,11
330,11712,12
330,11713,13
330,11714,14
330,11715,15
330,11716,16
330,11717,17
330,11718,18
330,11719,19
330,11720,20
330,11721,21
330,11722,22
330,11723,23
330,11724,24
330,11725,25
330,11726,26
330,11727,27
330,11728,28
330,11729,29
330,11730,30
330,11731,31
330,11732,32
330,11733,33
330,11734,34
330,11735,35
330,11736,36
330,11737,37
330,11738,38
330,11739,39
330,11740,40
330,11741,41
330,11742,42
330,11743,43
330,11744,44
330,11745,45
330,11746,46
330,11747,47
330,11748,48
330,11749,49
331,11750,0
331,11751,1
331,11752,2
331,11753,3
331,11754,4
331,11755,5
331,11756,6
331,11757,7
331,11758,8
331,11759,9
331,11760,10
331,11761,11
331,11762,12
331,11763,13
331,11764,14
331,11765,15
331,11766,16
331,11767,17
331,11768,18
331,11769,19
331,11770,20
331,11771,21
331,11772,22
331,11773,23
331,11774,24
331,11775,25
331,11776,26
331,11777,27
331,11778,28
331,11779,29
331,11780,30
331,11781,31
331,11782,32
331,11783,33
331,11784,34
331,11785,35
331,11786,36
331,11787,37
331,11788,38
331,11789,39
331,11790,40
331,11791,41
331,11792,42
331,11793,43
331,11794,44
331,11795,45
331,11796,46
331,11797,47
331,11798,48
331,11799,49
331,11800,50
331,11801,51
331,11802,52
332,11803,0
332,11804,1
332,11805,2
332,11806,3
332,11807,4
332,11808,5
332,11809,6
332,11810,7
332,11811,8
332,11812,9
332,11813,10
332,11814,11
332,11815,12
332,11816,13
332,11817,14
332,11818,15
332,11819,16
332,11820,17
332,11821,18
332,11822,19
332,11823,20
332,11824,21
332,11825,22
332,11826,23
332,11827,24
332,11828,25
332,11829,26
332,11830,27
332,11831,28
332,11832,29
332,11833,30
332,11834,31
332,11835,32
332,11836,33
332,11837,34
332,11838,35
332,11839,36
332,11840,37
332,11841,38
332,11842,39
332,11843,40
332,11844,41
332,11845,42
332,11846,43
332,11847,44
332,11848,45
332,11849,46
332,11850,47
332,11851,48
332,11852,49
332,11853,50
332,11854,51
332,11855,52
333,11856,0
333,11857,1
333,11858,2
333,11859,3
333,11860,4
333,11861,5
333,11862,6
333,11863,7
333,11864,8
333,11865,9
333,11866,10
333,11867,11
333,11868,12
333,11869,13
333,11870,14
333,11871,15
333,11872,16
333,11873,17
333,11874,18
333,11875,19
333,11876,20
333,11877,21
333,11878,22
333,11879,23
333,11880,24
333,11881,25
333,11882,26
333,11883,27
333,11884,28
333,11885,29
333,11886,30
333,11887,31
333,11888,32
333,11889,33
333,11890,34
333,11891,35
333,11892,36
333,11893,37
333,11894,38
333,11895,39
333,11896,40
333,11897,41
333,11898,42
333,11899,43
333,11900,44
333,11901,45
333,11902,46
333,11903,47
333,11904,48
333,11905,49
333,11906,50
333,11907,51
333,11908,52
333,11909,53
333,11910,54
333,11911,55
333,11912,56
333,11913,57
333,11914,58
333,11915,59
333,11916,60
333,11917,61
333,11918,62
333,11919,63
333,11920,64
333,11921,65
333,11922,66
333,11923,67
334,11924,0
334,11925,1
334,11926,2
334,11927,3
334,11928,4
334,11929,5
334,11930,6
334,11931,7
334,11932,8
334,11933,9
334,11934,10
334,11935,11
334,11936,12
334,11937,13
334,11938,14
334,11939,15
334,11940,16
334,11941,17
334,11942,18
334,11943,19
334,11944,20
334,11945,21
334,11946,22
334,11947,23
334,11948,24
334,11949,25
334,11950,26
334,11951,27
334,11952,28
334,11953,29
334,11954,30
334,11955,31
334,11956,32
334,11957,33
334,11958,34
334,11959,35
334,11960,36
334,11961,37
334,11962,38
334,11963,39
334,11964,40
334,11965,41
334,11966,42
334,11967,43
334,11968,44
334,11969,45
334,11970,46
334,11971,47
334,11972,48
334,11973,49
334,11974,50
334,11975,51
334,11976,52
334,11977,53
334,11978,54
334,11979,55
334,11980,56
334,11981,57
334,11982,58
334,11983,59
334,11984,60
334,11985,61
334,11986,62
334,11987,63
334,11988,64
334,11989,65
334,11990,66
334,11991,67
335,11992,0
335,11993,1
335,11994,2
335,11995,3
335,11996,4
335,11997,5
335,11998,6
335,11999,7
335,12000,8
335,12001,9
335,12002,10
335,12003,11
335,12004,12
335,12005,13
335,12006,14
335,12007,15
335,12008,16
335,12009,17
335,12010,18
335,12011,19
335,12012,20
335,12013,21
335,12014,22
335,12015,23
335,12016,24
335,12017,25
335,12018,26
336,12019,0
336,12020,1
336,12021,2
336,12022,3
336,12023,4
336,12024,5
336,12025,6
336,12026,7
336,12027,8
336,12028,9
336,12029,10
336,12030,11
336,12031,12
336,12032,13
336,12033,14
336,12034,15
336,12035,16
336,12036,17
336,12037,18
336,12038,19
336,12039,20
336,12040,21
336,12041,22
336,12042,23
336,12043,24
337,12044,0
337,12045,1
337,12046,2
337,12047,3
337,12048,4
337,12049,5
337,12050,6
337,12051,7
337,12052,8
337,12053,9
337,12054,10
337,12055,11
337,12056,12
337,12057,13
337,12058,14
337,12059,15
337,12060,16
337,12061,17
337,12062,18
337,12063,19
337,12064,20
337,12065,21
337,12066,22
338,12067,0
338,12068,1
338,12069,2
338,12070,3
338,12071,4
338,12072,5
338,12073,6
338,12074,7
338,12075,8
338,12076,9
338,12077,10
338,12078,11
338,12079,12
338,12080,13
338,12081,14
338,12082,15
338,12083,16
338,12084,17
338,12085,18
338,12086,19
338,12087,20
338,12088,21
338,12089,22
338,12090,23
338,12091,24
338,12092,25
339,12093,0
339,12094,1
339,12095,2
339,12096,3
339,12097,4
339,12098,5
339,12099,6
339,12100,7
339,12101,8
339,12102,9
339,12103,10
339,12104,11
339,12105,12
339,12106,13
339,12107,14
339,12108,15
339,12109,16
339,12110,17
339,12111,18
339,12112,19
339,12113,20
339,12114,21
339,12115,22
339,12116,23
339,12117,24
339,12118,25
339,12119,26
339,12120,27
339,12121,28
339,12122,29
339,12123,30
339,12124,31
339,12125,32
339,12126,33
339,12127,34
339,12128,35
339,12129,36
339,12130,37
339,12131,38
339,12132,39
339,12133,40
339,12134,41
339,12135,42
339,12136,43
339,12137,44
339,12138,45
339,12139,46
339,12140,47
339,12141,48
339,12142,49
339,12143,50
339,12144,51
339,12145,52
339,12146,53
339,12147,54
339,12148,55
339,12149,56
340,12150,0
340,12151,1
340,12152,2
340,12153,3
340,12154,4
340,12155,5
340,12156,6
340,12157,7
340,12158,8
340,12159,9
340,12160,10
340,12161,11
340,12162,12
340,12163,13
340,12164,14
340,12165,15
340,12166,16
340,12167,17
340,12168,18
340,12169,19
340,12170,20
340,12171,21
340,12172,22
340,12173,23
340,12174,24
340,12175,25
340,12176,26
340,12177,27
340,12178,28
340,12179,29
340,12180,30
340,12181,31
340,12182,32
340,12183,33
340,12184,34
340,12185,35
340,12186,36
340,12187,37
340,12188,38
340,12189,39
340,12190,40
340,12191,41
340,12192,42
340,12193,43
340,12194,44
340,12195,45
340,12196,46
340,12197,47
340,12198,48
340,12199,49
340,12200,50
340,12201,51
340,12202,52
340,12203,53
340,12204,54
340,12205,55
340,12206,56
340,12207,57
341,12208,0
341,12209,1
341,12210,2
341,12211,3
341,12212,4
341,12213,5
341,12214,6
341,12215,7
341,12216,8
341,12217,9
341,12218,10
341,12219,11
341,12220,12
341,12221,13
341,12222,14
341,12223,15
341,12224,16
341,12225,17
341,12226,18
341,12227,19
341,12228,20
341,12229,21
341,12230,22
341,12231,23
341,12232,24
341,12233,25
341,12234,26
341,12235,27
341,12236,28
341,12237,29
341,12238,30
341,12239,31
341,12240,32
341,12241,33
341,12242,34
341,12243,35
341,12244,36
341,12245,37
341,12246,38
341,12247,39
341,12248,40
341,12249,41
341,12250,42
341,12251,43
341,12252,44
341,12253,45
341,12254,46
341,12255,47
341,12256,48
342,12257,0
342,12258,1
342,12259,2
342,12260,3
342,12261,4
342,12262,5
342,12263,6
342,12264,7
342,12265,8
342,12266,9
342,12267,10
342,12268,11
342,12269,12
342,12270,13
342,12271,14
342,12272,15
342,12273,16
342,12274,17
342,12275,18
342,12276,19
342,12277,20
342,12278,21
342,12279,22
342,12280,23
342,12281,24
342,12282,25
342,12283,26
342,12284,27
342,12285,28
342,12286,29
342,12287,30
342,12288,31
342,12289,32
342,12290,33
342,12291,34
342,12292,35
342,12293,36
342,12294,37
342,12295,38
342,12296,39
342,12297,40
342,12298,41
342,12299,42
342,12300,43
342,12301,44
342,12302,45
342,12303,46
342,12304,47
342,12305,48
342,12306,49
342,12307,50
343,12308,0
343,12309,1
343,12310,2
343,12311,3
343,12312,4
343,12313,5
343,12314,6
343,12315,7
343,12316,8
343,12317,9
343,12318,10
343,12319,11
343,12320,12
343,12321,13
343,12322,14
343,12323,15
343,12324,16
343,12325,17
343,12326,18
343,12327,19
343,12328,20
343,12329,21
343,12330,22
343,12331,23
343,12332,24
343,12333,25
343,12334,26
343,12335,27
343,12336,28
343,12337,29
343,12338,30
343,12339,31
344,12340,0
344,12341,1
344,12342,2
344,12343,3
344,12344,4
344,12345,5
344,12346,6
344,12347,7
344,12348,8
344,12349,9
344,12350,10
344,12351,11
344,12352,12
344,12353,13
344,12354,14
344,12355,15
344,12356,16
344,12357,17
344,12358,18
344,12359,19
344,12360,20
344,12361,21
344,12362,22
344,12363,23
344,12364,24
344,12365,25
344,12366,26
344,12367,27
344,12368,28
344,12369,29
345,12370,0
345,12371,1
345,12372,2
345,12373,3
345,12374,4
345,12375,5
345,12376,6
345,12377,7
345,12378,8
345,12379,9
345,12380,10
345,12381,11
345,12382,12
345,12383,13
345,12384,14
345,12385,15
345,12386,16
345,12387,17
345,12388,18
345,12389,19
345,12390,20
345,12391,21
345,12392,22
345,12393,23
345,12394,24
345,12395,25
345,12396,26
345,12397,27
345,12398,28
345,12399,29
345,12400,30
345,12401,31
345,12402,32
345,12403,33
345,12404,34
345,12405,35
345,12406,36
345,12407,37
345,12408,38
345,12409,39
345,12410,40
345,12411,41
345,12412,42
345,12413,43
345,12414,44
345,12415,45
345,12416,46
345,12417,47
345,12418,48
345,12419,49
345,12420,50
345,12421,51
345,12422,52
345,12423,53
345,12424,54
346,12425,0
346,12426,1
346,12427,2
346,12428,3
346,12429,4
346,12430,5
346,12431,6
346,12432,7
346,12433,8
346,12434,9
346,12435,10
346,12436,11
346,12437,12
346,12438,13
346,12439,14
346,12440,15
346,12441,16
346,12442,17
346,12443,18
346,12444,19
346,12445,20
346,12446,21
346,12447,22
346,12448,23
346,12449,24
346,12450,25
346,12451,26
346,12452,27
346,12453,28
346,12454,29
346,12455,30
346,12456,31
346,12457,32
346,12458,33
346,12459,34
346,12460,35
346,12461,36
346,12462,37
346,12463,38
346,12464,39
346,12465,40
346,12466,41
346,12467,42
346,12468,43
346,12469,44
346,12470,45
346,12471,46
346,12472,47
346,12473,48
346,12474,49
346,12475,50
346,12476,51
346,12477,52
346,12478,53
346,12479,54
346,12480,55
347,12481,0
347,12482,1
347,12483,2
347,12484,3
347,12485,4
347,12486,5
347,12487,6
347,12488,7
347,12489,8
347,12490,9
347,12491,10
347,12492,11
347,12493,12
347,12494,13
347,12495,14
347,12496,15
347,12497,16
347,12498,17
347,12499,18
347,12500,19
347,12501,20
347,12502,21
347,12503,22
347,12504,23
347,12505,24
347,12506,25
347,12507,26
347,12508,27
347,12509,28
347,12510,29
347,12511,30
347,12512,31
347,12513,32
347,12514,33
347,12515,34
347,12516,35
347,12517,36
347,12518,37
347,12519,38
347,12520,39
347,12521,40
347,12522,41
348,12523,0
348,12524,1
348,12525,2
348,12526,3
348,12527,4
348,12528,5
348,12529,6
348,12530,7
348,12531,8
348,12532,9
348,12533,10
348,12534,11
348,12535,12
348,12536,13
348,12537,14
348,12538,15
348,12539,16
348,12540,17
348,12541,18
348,12542,19
348,12543,20
348,12544,21
348,12545,22
348,12546,23
348,12547,24
348,12548,25
348,12549,26
348,12550,27
348,12551,28
348,12552,29
348,12553,30
348,12554,31
348,12555,32
348,12556,33
348,12557,34
348,12558,35
348,12559,36
348,12560,37
348,12561,38
348,12562,39
348,12563,40
348,12564,41
349,12565,0
349,12566,1
349,12567,2
349,12568,3
349,12569,4
349,12570,5
349,12571,6
349,12572,7
349,12573,8
349,12574,9
349,12575,10
349,12576,11
349,12577,12
349,12578,13
349,12579,14
349,12580,15
349,12581,16
349,12582,17
349,12583,18
349,12584,19
349,12585,20
349,12586,21
349,12587,22
349,12588,23
349,12589,24
349,12590,25
349,12591,26
349,12592,27
349,12593,28
349,12594,29
349,12595,30
349,12596,31
350,12597,0
350,12598,1
350,12599,2
350,12600,3
350,12601,4
350,12602,5
350,12603,6
350,12604,7
350,12605,8
350,12606,9
350,12607,10
350,12608,11
350,12609,12
350,12610,13
350,12611,14
350,12612,15
350,12613,16
350,12614,17
350,12615,18
350,12616,19
350,12617,20
350,12618,21
350,12619,22
350,12620,23
350,12621,24
350,12622,25
350,12623,26
350,12624,27
350,12625,28
350,12626,29
350,12627,30
351,12628,0
351,12629,1
351,12630,2
351,12631,3
351,12632,4
351,12633,5
351,12634,6
351,12635,7
351,12636,8
351,12637,9
351,12638,10
351,12639,11
351,12640,12
351,12641,13
351,12642,14
351,12643,15
351,12644,16
351,12645,17
351,12646,18
351,12647,19
351,12648,20
351,12649,21
351,12650,22
351,12651,23
351,12652,24
351,12653,25
351,12654,26
351,12655,27
352,12656,0
352,12657,1
352,12658,2
352,12659,3
352,12660,4
352,12661,5
352,12662,6
352,12663,7
352,12664,8
352,12665,9
352,12666,10
352,12667,11
352,12668,12
352,12669,13
352,12670,14
352,12671,15
352,12672,16
352,12673,17
352,12674,18
352,12675,19
352,12676,20
352,12677,21
352,12678,22
352,12679,23
352,12680,24
352,12681,25
352,12682,26
352,12683,27
353,12684,0
353,12685,1
353,12686,2
353,12687,3
353,12688,4
353,12689,5
353,12690,6
353,12691,7
353,12692,8
353,12693,9
353,12694,10
353,12695,11
353,12696,12
353,12697,13
353,12698,14
353,12699,15
353,12700,16
353,12701,17
353,12702,18
353,12703,19
353,12704,20
353,12705,21
353,12706,22
353,12707,23
353,12708,24
353,12709,25
353,12710,26
353,12711,27
353,12712,28
353,12713,29
354,12714,0
354,12715,1
354,12716,2
354,12717,3
354,12718,4
354,12719,5
354,12720,6
354,12721,7
354,12722,8
354,12723,9
354,12724,10
354,12725,11
354,12726,12
354,12727,13
354,12728,14
354,12729,15
354,12730,16
354,12731,17
354,12732,18
354,12733,19
354,12734,20
354,12735,21
354,12736,22
354,12737,23
354,12738,24
354,12739,25
354,12740,26
354,12741,27
354,12742,28
354,12743,29
355,12744,0
355,12745,1
355,12746,2
355,12747,3
355,12748,4
355,12749,5
355,12750,6
355,12751,7
355,12752,8
355,12753,9
355,12754,10
355,12755,11
355,12756,12
355,12757,13
355,12758,14
355,12759,15
355,12760,16
355,12761,17
355,12762,18
355,12763,19
355,12764,20
355,12765,21
355,12766,22
355,12767,23
355,12768,24
355,12769,25
355,12770,26
355,12771,27
355,12772,28
355,12773,29
355,12774,30
355,12775,31
356,12776,0
356,12777,1
356,12778,2
356,12779,3
356,12780,4
356,12781,5
356,12782,6
356,12783,7
356,12784,8
356,12785,9
356,12786,10
356,12787,11
356,12788,12
356,12789,13
356,12790,14
356,12791,15
356,12792,16
356,12793,17
356,12794,18
356,12795,19
356,12796,20
356,12797,21
356,12798,22
356,12799,23
356,12800,24
356,12801,25
356,12802,26
356,12803,27
356,12804,28
356,12805,29
356,12806,30
356,12807,31
357,12808,0
357,12809,1
357,12810,2
357,12811,3
357,12812,4
357,12813,5
357,12814,6
357,12815,7
357,12816,8
357,12817,9
357,12818,10
357,12819,11
357,12820,12
357,12821,13
357,12822,14
357,12823,15
357,12824,16
357,12825,17
357,12826,18
357,12827,19
357,12828,20
357,12829,21
357,12830,22
357,12831,23
357,12832,24
357,12833,25
357,12834,26
357,12835,27
357,12836,28
357,12837,29
357,12838,30
357,12839,31
357,12840,32
357,12841,33
357,12842,34
357,12843,35
357,12844,36
357,12845,37
357,12846,38
357,12847,39
357,12848,40
358,12849,0
358,12850,1
358,12851,2
358,12852,3
358,12853,4
358,12854,5
358,12855,6
358,12856,7
358,12857,8
358,12858,9
358,12859,10
358,12860,11
358,12861,12
358,12862,13
358,12863,14
358,12864,15
358,12865,16
358,12866,17
358,12867,18
358,12868,19
358,12869,20
358,12870,21
358,12871,22
358,12872,23
358,12873,24
358,12874,25
358,12875,26
358,12876,27
358,12877,28
358,12878,29
358,12879,30
358,12880,31
358,12881,32
358,12882,33
358,12883,34
358,12884,35
358,12885,36
358,12886,37
358,12887,38
358,12888,39
358,12889,40
358,12890,41
358,12891,42
358,12892,43
358,12893,44
359,12894,0
359,12895,1
359,12896,2
359,12897,3
359,12898,4
359,12899,5
359,12900,6
359,12901,7
359,12902,8
359,12903,9
359,12904,10
359,12905,11
359,12906,12
359,12907,13
359,12908,14
359,12909,15
359,12910,16
359,12911,17
359,12912,18
359,12913,19
359,12914,20
359,12915,21
359,12916,22
359,12917,23
359,12918,24
359,12919,25
359,12920,26
359,12921,27
359,12922,28
359,12923,29
359,12924,30
359,12925,31
359,12926,32
359,12927,33
359,12928,34
359,12929,35
359,12930,36
359,12931,37
359,12932,38
359,12933,39
359,12934,40
360,12935,0
360,12936,1
360,12937,2
360,12938,3
360,12939,4
360,12940,5
360,12941,6
360,12942,7
360,12943,8
360,12944,9
360,12945,10
360,12946,11
360,12947,12
360,12948,13
360,12949,14
360,12950,15
360,12951,16
360,12952,17
360,12953,18
360,12954,19
360,12955,20
360,12956,21
360,12957,22
360,12958,23
360,12959,24
360,12960,25
360,12961,26
360,12962,27
360,12963,28
360,12964,29
360,12965,30
360,12966,31
360,12967,32
360,12968,33
360,12969,34
360,12970,35
360,12971,36
360,12972,37
360,12973,38
360,12974,39
361,12975,0
361,12976,1
361,12977,2
361,12978,3
361,12979,4
361,12980,5
361,12981,6
361,12982,7
361,12983,8
361,12984,9
361,12985,10
361,12986,11
361,12987,12
361,12988,13
361,12989,14
361,12990,15
361,12991,16
361,12992,17
361,12993,18
361,12994,19
361,12995,20
361,12996,21
361,12997,22
361,12998,23
361,12999,24
361,13000,25
361,13001,26
361,13002,27
361,13003,28
361,13004,29
361,13005,30
361,13006,31
361,13007,32
361,13008,33
361,13009,34
361,13010,35
361,13011,36
361,13012,37
361,13013,38
361,13014,39
362,13015,0
362,13016,1
362,13017,2
362,13018,3
362,13019,4
362,13020,5
362,13021,6
362,13022,7
362,13023,8
362,13024,9
362,13025,10
362,13026,11
362,13027,12
362,13028,13
362,13029,14
362,13030,15
362,13031,16
362,13032,17
362,13033,18
362,13034,19
362,13035,20
362,13036,21
362,13037,22
362,13038,23
362,13039,24
362,13040,25
362,13041,26
362,13042,27
362,13043,28
363,13044,0
363,13082,0
363,13045,1
363,13083,1
363,13046,2
363,13084,2
363,13047,3
363,13085,3
363,13048,4
363,13086,4
363,13049,5
363,13087,5
363,13050,6
363,13088,6
363,13051,7
363,13089,7
363,13052,8
363,13090,8
363,13053,9
363,13091,9
363,13054,10
363,13092,10
363,13055,11
363,13093,11
363,13056,12
363,13094,12
363,13057,13
363,13095,13
363,13058,14
363,13096,14
363,13059,15
363,13097,15
363,13060,16
363,13098,16
363,13061,17
363,13099,17
363,13062,18
363,13100,18
363,13063,19
363,13101,19
363,13064,20
363,13102,20
363,13065,21
363,13103,21
363,13066,22
363,13104,22
363,13067,23
363,13105,23
363,13068,24
363,13106,24
363,13069,25
363,13107,25
363,13070,26
363,13108,26
363,13071,27
363,13109,27
363,13072,28
363,13110,28
363,13073,29
363,13111,29
363,13074,30
363,13112,30
363,13075,31
363,13113,31
363,13076,32
363,13114,32
363,13077,33
363,13115,33
363,13078,34
363,13116,34
363,13079,35
363,13117,35
363,13080,36
363,13118,36
363,13081,37
363,13119,37
364,13120,0
364,13121,1
364,13122,2
364,13123,3
364,13124,4
364,13125,5
364,13126,6
364,13127,7
364,13128,8
364,13129,9
364,13130,10
364,13131,11
364,13132,12
364,13133,13
364,13134,14
364,13135,15
364,13136,16
364,13137,17
364,13138,18
364,13139,19
364,13140,20
364,13141,21
364,13142,22
364,13143,23
364,13144,24
364,13145,25
364,13146,26
364,13147,27
364,13148,28
365,13149,0
365,13150,1
365,13151,2
365,13152,3
365,13153,4
365,13154,5
365,13155,6
365,13156,7
365,13157,8
365,13158,9
365,13159,10
365,13160,11
365,13161,12
365,13162,13
365,13163,14
365,13164,15
365,13165,16
365,13166,17
365,13167,18
365,13168,19
365,13169,20
365,13170,21
365,13171,22
365,13172,23
365,13173,24
365,13174,25
365,13175,26
365,13176,27
365,13177,28
365,13178,29
366,13179,0
366,13180,1
366,13181,2
366,13182,3
366,13183,4
366,13184,5
366,13185,6
366,13186,7
366,13187,8
366,13188,9
366,13189,10
366,13190,11
366,13191,12
366,13192,13
366,13193,14
366,13194,15
366,13195,16
366,13196,17
366,13197,18
366,13198,19
366,13199,20
366,13200,21
366,13201,22
366,13202,23
366,13203,24
366,13204,25
366,13205,26
366,13206,27
366,13207,28
366,13208,29
367,13209,0
367,13210,1
367,13211,2
367,13212,3
367,13213,4
367,13214,5
367,13215,6
367,13216,7
367,13217,8
367,13218,9
367,13219,10
367,13220,11
367,13221,12
367,13222,13
367,13223,14
367,13224,15
367,13225,16
367,13226,17
367,13227,18
367,13228,19
367,13229,20
367,13230,21
367,13231,22
367,13232,23
367,13233,24
367,13234,25
367,13235,26
367,13236,27
367,13237,28
367,13238,29
367,13239,30
367,13240,31
367,13241,32
367,13242,33
367,13243,34
368,13244,0
368,13245,1
368,13246,2
368,13247,3
368,13248,4
368,13249,5
368,13250,6
368,13251,7
368,13252,8
368,13253,9
368,13254,10
368,13255,11
368,13256,12
368,13257,13
368,13258,14
368,13259,15
368,13260,16
368,13261,17
368,13262,18
368,13263,19
368,13264,20
368,13265,21
368,13266,22
368,13267,23
368,13268,24
368,13269,25
368,13270,26
368,13271,27
368,13272,28
368,13273,29
368,13274,30
368,13275,31
369,13276,0
369,13277,1
369,13278,2
369,13279,3
369,13280,4
369,13281,5
369,13282,6
369,13283,7
369,13284,8
369,13285,9
369,13286,10
369,13287,11
369,13288,12
369,13289,13
369,13290,14
369,13291,15
369,13292,16
369,13293,17
369,13294,18
369,13295,19
369,13296,20
369,13297,21
369,13298,22
369,13299,23
369,13300,24
369,13301,25
369,13302,26
369,13303,27
369,13304,28
369,13305,29
369,13306,30
369,13307,31
369,13308,32
369,13309,33
370,13310,0
370,13311,1
370,13312,2
370,13313,3
370,13314,4
370,13315,5
370,13316,6
370,13317,7
370,13318,8
370,13319,9
370,13320,10
370,13321,11
370,13322,12
370,13323,13
370,13324,14
370,13325,15
370,13326,16
370,13327,17
370,13328,18
370,13329,19
370,13330,20
370,13331,21
370,13332,22
370,13333,23
370,13334,24
370,13335,25
370,13336,26
370,13337,27
370,13338,28
370,13339,29
370,13340,30
370,13341,31
370,13342,32
370,13343,33
370,13344,34
371,13345,0
371,13346,1
371,13347,2
371,13348,3
371,13349,4
371,13350,5
371,13351,6
371,13352,7
371,13353,8
371,13354,9
371,13355,10
371,13356,11
371,13357,12
371,13358,13
371,13359,14
371,13360,15
371,13361,16
371,13362,17
371,13363,18
371,13364,19
371,13365,20
371,13366,21
371,13367,22
371,13368,23
371,13369,24
371,13370,25
372,13371,0
372,13372,1
372,13373,2
372,13374,3
372,13375,4
372,13376,5
372,13377,6
372,13378,7
372,13379,8
372,13380,9
372,13381,10
372,13382,11
372,13383,12
372,13384,13
372,13385,14
372,13386,15
372,13387,16
372,13388,17
372,13389,18
372,13390,19
372,13391,20
372,13392,21
372,13393,22
372,13394,23
372,13395,24
372,13396,25
373,13397,1
373,13398,2
373,13399,3
373,13400,4
373,13401,5
373,13402,6
373,13403,7
373,13404,8
373,13405,9
373,13406,10
373,13407,11
373,13408,12
373,13409,13
373,13410,14
373,13411,15
373,13412,16
373,13413,17
373,13414,18
373,13415,19
373,13416,20
373,13417,21
373,13418,22
373,13419,23
373,13420,24
373,13421,25
373,13422,26
373,13423,27
373,13424,28
373,13425,29
373,13426,30
373,13427,31
373,13428,32
373,13429,33
373,13430,34
373,13431,35
373,13432,36
373,13433,37
373,13434,38
373,13435,39
373,13436,40
373,13437,41
373,13438,42
373,13439,43
373,13440,44
373,13441,45
373,13442,46
373,13443,47
373,13444,48
373,13445,49
373,13446,50
373,13447,51
373,13448,52
373,13449,53
373,13450,54
374,13451,1
374,13452,2
374,13453,3
374,13454,4
374,13455,5
374,13456,6
374,13457,7
374,13458,8
374,13459,9
374,13460,10
374,13461,11
374,13462,12
374,13463,13
374,13464,14
374,13465,15
374,13466,16
374,13467,17
374,13468,18
374,13469,19
374,13470,20
374,13471,21
374,13472,22
374,13473,23
374,13474,24
374,13475,25
374,13476,26
374,13477,27
374,13478,28
374,13479,29
374,13480,30
374,13481,31
374,13482,32
374,13483,33
374,13484,34
374,13485,35
374,13486,36
374,13487,37
374,13488,38
374,13489,39
374,13490,40
374,13491,41
374,13492,42
374,13493,43
374,13494,44
374,13495,45
374,13496,46
374,13497,47
374,13498,48
374,13499,49
374,13500,50
374,13501,51
374,13502,52
374,13503,53
374,13504,54
375,13505,0
375,13506,1
375,13507,2
375,13508,3
375,13509,4
375,13510,5
375,13511,6
375,13512,7
375,13513,8
375,13514,9
375,13515,10
375,13516,11
375,13517,12
375,13518,13
375,13519,14
375,13520,15
375,13521,16
375,13522,17
375,13523,18
375,13524,19
375,13525,20
375,13526,21
375,13527,22
375,13528,23
375,13529,24
375,13530,25
375,13531,26
375,13532,27
375,13533,28
375,13534,29
375,13535,30
375,13536,31
375,13537,32
375,13538,33
375,13539,34
375,13540,35
375,13541,36
375,13542,37
375,13543,38
375,13544,39
375,13545,40
375,13546,41
375,13547,42
375,13548,43
375,13549,44
375,13550,45
375,13551,46
375,13552,47
375,13553,48
375,13554,49
375,13555,50
375,13556,51
376,13557,0
376,13558,1
376,13559,2
376,13560,3
376,13561,4
376,13562,5
376,13563,6
376,13564,7
376,13565,8
376,13566,9
376,13567,10
376,13568,11
376,13569,12
376,13570,13
376,13571,14
376,13572,15
376,13573,16
376,13574,17
376,13575,18
376,13576,19
376,13577,20
376,13578,21
376,13579,22
376,13580,23
376,13581,24
376,13582,25
376,13583,26
376,13584,27
376,13585,28
376,13586,29
376,13587,30
376,13588,31
376,13589,32
376,13590,33
376,13591,34
376,13592,35
376,13593,36
376,13594,37
376,13595,38
376,13596,39
376,13597,40
376,13598,41
376,13599,42
376,13600,43
376,13601,44
376,13602,45
376,13603,46
376,13604,47
376,13605,48
376,13606,49
376,13607,50
376,13608,51
377,13609,0
377,13610,1
377,13611,2
377,13612,3
377,13613,4
377,13614,5
377,13615,6
377,13616,7
377,13617,8
377,13618,9
377,13619,10
377,13620,11
377,13621,12
377,13622,13
377,13623,14
377,13624,15
377,13625,16
377,13626,17
377,13627,18
377,13628,19
377,13629,20
377,13630,21
377,13631,22
377,13632,23
377,13633,24
377,13634,25
377,13635,26
377,13636,27
377,13637,28
377,13638,29
377,13639,30
377,13640,31
377,13641,32
377,13642,33
377,13643,34
377,13644,35
377,13645,36
377,13646,37
377,13647,38
377,13648,39
377,13649,40
377,13650,41
377,13651,42
377,13652,43
377,13653,44
377,13654,45
377,13655,46
377,13656,47
377,13657,48
377,13658,49
377,13659,50
377,13660,51
377,13661,52
377,13662,53
377,13663,54
378,13664,0
378,13665,1
378,13666,2
378,13667,3
378,13668,4
378,13669,5
378,13670,6
378,13671,7
378,13672,8
378,13673,9
378,13674,10
378,13675,11
378,13676,12
378,13677,13
378,13678,14
378,13679,15
378,13680,16
378,13681,17
378,13682,18
378,13683,19
378,13684,20
378,13685,21
378,13686,22
378,13687,23
378,13688,24
378,13689,25
378,13690,26
378,13691,27
378,13692,28
378,13693,29
378,13694,30
378,13695,31
378,13696,32
378,13697,33
378,13698,34
378,13699,35
378,13700,36
378,13701,37
378,13702,38
378,13703,39
378,13704,40
378,13705,41
378,13706,42
378,13707,43
378,13708,44
378,13709,45
378,13710,46
378,13711,47
378,13712,48
378,13713,49
378,13714,50
378,13715,51
378,13716,52
378,13717,53
378,13718,54
379,13719,1
379,13720,2
379,13721,3
379,13722,4
379,13723,5
379,13724,6
379,13725,7
379,13726,8
379,13727,9
379,13728,10
379,13729,11
379,13730,12
379,13731,13
379,13732,14
379,13733,15
379,13734,16
379,13735,17
379,13736,18
379,13737,19
379,13738,20
379,13739,21
379,13740,22
379,13741,23
379,13742,24
379,13743,25
379,13744,26
380,13745,1
380,13746,2
380,13747,3
380,13748,4
380,13749,5
380,13750,6
380,13751,7
380,13752,8
380,13753,9
380,13754,10
380,13755,11
380,13756,12
380,13757,13
380,13758,14
380,13759,15
380,13760,16
380,13761,17
380,13762,18
380,13763,19
380,13764,20
380,13765,21
380,13766,22
380,13767,23
380,13768,24
380,13769,25
380,13770,26
381,13771,0
381,13772,1
381,13773,2
381,13774,3
381,13775,4
381,13776,5
381,13777,6
381,13778,7
381,13779,8
381,13780,9
381,13781,10
381,13782,11
381,13783,12
381,13784,13
381,13785,14
381,13786,15
381,13787,16
381,13788,17
381,13789,18
381,13790,19
381,13791,20
381,13792,21
381,13793,22
382,13794,0
382,13795,1
382,13796,2
382,13797,3
382,13798,4
382,13799,5
382,13800,6
382,13801,7
382,13802,8
382,13803,9
382,13804,10
382,13805,11
382,13806,12
382,13807,13
382,13808,14
382,13809,15
382,13810,16
382,13811,17
382,13812,18
382,13813,19
382,13814,20
382,13815,21
382,13816,22
383,13817,0
383,13818,1
383,13819,2
383,13820,3
383,13821,4
383,13822,5
383,13823,6
383,13824,7
383,13825,8
383,13826,9
383,13827,10
383,13828,11
383,13829,12
383,13830,13
383,13831,14
383,13832,15
383,13833,16
383,13834,17
383,13835,18
383,13836,19
383,13837,20
383,13838,21
383,13839,22
383,13840,23
383,13841,24
383,13842,25
384,13843,0
384,13844,1
384,13845,2
384,13846,3
384,13847,4
384,13848,5
384,13849,6
384,13850,7
384,13851,8
384,13852,9
384,13853,10
384,13854,11
384,13855,12
384,13856,13
384,13857,14
384,13858,15
384,13859,16
384,13860,17
384,13861,18
384,13862,19
384,13863,20
384,13864,21
384,13865,22
384,13866,23
384,13867,24
384,13868,25
385,13869,0
385,13869,1
385,13870,2
385,13871,3
385,13872,4
385,13873,5
385,13874,6
385,13875,7
385,13876,8
385,13877,9
385,13878,10
385,13879,11
385,13880,12
385,13881,13
385,13882,14
385,13883,15
385,13884,16
385,13885,17
385,13886,18
385,13887,19
385,13888,20
385,13889,21
385,13890,22
386,13891,0
386,13892,1
386,13893,2
386,13894,3
386,13895,4
386,13896,5
386,13897,6
387,13898,0
387,13899,1
387,13900,2
387,13901,3
387,13902,4
387,13903,5
387,13904,6
387,13905,7
387,13906,8
387,13907,9
387,13908,10
387,13909,11
387,13910,12
387,13911,13
387,13912,14
387,13913,15
387,13914,16
387,13915,17
387,13916,18
387,13917,19
387,13918,20
387,13919,21
387,13920,22
387,13921,23
387,13922,24
387,13923,25
387,13924,26
387,13925,27
387,13926,28
388,13927,0
388,13928,1
388,13929,2
388,13930,3
388,13931,4
388,13932,5
388,13933,6
388,13934,7
388,13935,8
388,13936,9
388,13937,10
388,13938,11
388,13939,12
388,13940,13
388,13941,14
388,13942,15
388,13943,16
388,13944,17
388,13945,18
388,13946,19
388,13947,20
388,13948,21
388,13949,22
388,13950,23
388,13951,24
388,13952,25
388,13953,26
388,13954,27
388,13955,28
389,13956,0
389,13957,1
389,13958,2
389,13959,3
389,13960,4
389,13961,5
389,13962,6
389,13963,7
389,13964,8
389,13965,9
389,13966,10
389,13967,11
389,13968,12
389,13969,13
389,13970,14
389,13971,15
389,13972,16
389,13973,17
389,13974,18
389,13975,19
389,13976,20
389,13977,21
389,13978,22
390,13979,0
390,13980,1
390,13981,2
390,13982,3
390,13983,4
390,13984,5
390,13985,6
390,13986,7
390,13987,8
390,13988,9
390,13989,10
390,13990,11
390,13991,12
390,13992,13
390,13993,14
390,13994,15
390,13995,16
390,13996,17
390,13997,18
390,13998,19
390,13999,20
390,14000,21
390,14001,22
391,14002,0
391,14003,1
391,14004,2
391,14005,3
391,14006,4
391,14007,5
391,14008,6
391,14009,7
391,14010,8
391,14011,9
391,14012,10
391,14013,11
391,14014,12
391,14015,13
391,14016,14
391,14017,15
391,14018,16
391,14019,17
391,14020,18
391,14021,19
391,14022,20
391,14023,21
391,14024,22
392,14025,0
392,14026,1
392,14027,2
392,14028,3
392,14029,4
392,14030,5
392,14031,6
392,14032,7
392,14033,8
392,14034,9
392,14035,10
392,14036,11
392,14037,12
392,14038,13
392,14039,14
392,14040,15
392,14041,16
392,14042,17
392,14043,18
392,14044,19
392,14045,20
392,14046,21
392,14047,22
392,14048,23
392,14049,24
392,14050,25
392,14051,26
392,14052,27
392,14053,28
392,14054,29
392,14055,30
392,14056,31
392,14057,32
392,14058,33
393,14059,0
393,14060,1
393,14061,2
393,14062,3
393,14063,4
393,14064,5
393,14065,6
393,14066,7
393,14067,8
393,14068,9
393,14069,10
393,14070,11
393,14071,12
393,14072,13
393,14073,14
393,14074,15
393,14075,16
393,14076,17
393,14077,18
393,14078,19
393,14079,20
393,14080,21
393,14081,22
393,14082,23
393,14083,24
393,14084,25
393,14085,26
393,14086,27
393,14087,28
393,14088,29
393,14089,30
393,14090,31
393,14091,32
393,14092,33
394,14093,0
394,14094,1
394,14095,2
394,14096,3
394,14097,4
394,14098,5
394,14099,6
394,14100,7
394,14101,8
394,14102,9
394,14103,10
394,14104,11
394,14105,12
394,14106,13
394,14107,14
394,14108,15
394,14109,16
394,14110,17
394,14111,18
394,14112,19
394,14113,20
394,14114,21
394,14115,22
394,14116,23
394,14117,24
394,14118,25
394,14119,26
394,14120,27
394,14121,28
394,14122,29
394,14123,30
394,14124,31
394,14125,32
394,14126,33
394,14127,34
394,14128,35
394,14129,36
394,14130,37
394,14131,38
394,14132,39
394,14133,40
394,14134,41
395,14135,0
395,14136,1
395,14137,2
395,14138,3
395,14139,4
395,14140,5
395,14141,6
395,14142,7
395,14143,8
395,14144,9
395,14145,10
395,14146,11
395,14147,12
395,14148,13
395,14149,14
395,14150,15
395,14151,16
395,14152,17
395,14153,18
395,14154,19
395,14155,20
395,14156,21
395,14157,22
395,14158,23
395,14159,24
395,14160,25
395,14161,26
395,14162,27
395,14163,28
395,14164,29
395,14165,30
395,14166,31
395,14167,32
395,14168,33
395,14169,34
395,14170,35
395,14171,36
395,14172,37
395,14173,38
395,14174,39
395,14175,40
395,14176,41
395,14177,42
396,14178,0
396,14179,1
396,14180,2
396,14181,3
396,14182,4
396,14183,5
396,14184,6
396,14185,7
396,14186,8
396,14187,9
396,14188,10
396,14189,11
396,14190,12
396,14191,13
396,14192,14
396,14193,15
396,14194,16
396,14195,17
396,14196,18
396,14197,19
396,14198,20
396,14199,21
396,14200,22
396,14201,23
396,14202,24
396,14203,25
396,14204,26
396,14205,27
396,14206,28
396,14207,29
396,14208,30
396,14209,31
396,14210,32
396,14211,33
396,14212,34
396,14213,35
396,14214,36
396,14215,37
396,14216,38
396,14217,39
397,14218,0
397,14219,1
397,14220,2
397,14221,3
397,14222,4
397,14223,5
397,14224,6
397,14225,7
397,14226,8
397,14227,9
397,14228,10
397,14229,11
397,14230,12
397,14231,13
397,14232,14
397,14233,15
397,14234,16
397,14235,17
397,14236,18
397,14237,19
397,14238,20
397,14239,21
397,14240,22
397,14241,23
397,14242,24
397,14243,25
397,14244,26
397,14245,27
397,14246,28
397,14247,29
397,14248,30
397,14249,31
397,14250,32
397,14251,33
397,14252,34
397,14253,35
397,14254,36
397,14255,37
397,14256,38
397,14257,39
397,14258,40
398,14259,0
398,14260,1
398,14261,2
398,14262,3
398,14263,4
398,14264,5
398,14265,6
398,14266,7
398,14267,8
398,14268,9
398,14269,10
398,14270,11
398,14271,12
398,14272,13
398,14273,14
398,14274,15
398,14275,16
398,14276,17
398,14277,18
398,14278,19
398,14279,20
398,14280,21
398,14281,22
399,14282,0
399,14283,1
399,14284,2
399,14285,3
399,14286,4
399,14287,5
399,14288,6
399,14289,7
399,14290,8
399,14291,9
399,14292,10
399,14293,11
399,14294,12
399,14295,13
399,14296,14
399,14297,15
399,14298,16
399,14299,17
399,14300,18
399,14301,19
399,14302,20
399,14303,21
399,14304,22
399,14305,23
400,14306,0
400,14307,1
400,14308,2
400,14309,3
400,14310,4
400,14311,5
400,14312,6
400,14313,7
400,14314,8
400,14315,9
400,14316,10
400,14317,11
400,14318,12
400,14319,13
400,14320,14
400,14321,15
400,14322,16
400,14323,17
400,14324,18
400,14325,19
401,14326,0
401,14327,1
401,14328,2
401,14329,3
401,14330,4
401,14331,5
401,14332,6
401,14333,7
401,14334,8
401,14335,9
401,14336,10
401,14337,11
401,14338,12
401,14339,13
401,14340,14
401,14341,15
401,14342,16
401,14343,17
401,14344,18
401,14345,19
402,14346,0
402,14347,1
402,14348,2
402,14349,3
402,14350,4
402,14351,5
402,14352,6
402,14353,7
402,14354,8
402,14355,9
402,14356,10
402,14357,11
402,14358,12
402,14359,13
402,14360,14
402,14361,15
402,14362,16
402,14363,17
403,14364,0
403,14365,1
403,14366,2
403,14367,3
403,14368,4
403,14369,5
403,14370,6
403,14371,7
403,14372,8
403,14373,9
403,14374,10
403,14375,11
403,14376,12
403,14377,13
403,14378,14
403,14379,15
403,14380,16
403,14381,17
404,14382,0
404,14383,1
404,14384,2
404,14385,3
404,14386,4
404,14387,5
404,14388,6
404,14389,7
404,14390,8
404,14391,9
404,14392,10
404,14393,11
404,14394,12
404,14395,13
404,14396,14
404,14397,15
404,14398,16
404,14399,17
404,14400,18
404,14401,19
404,14402,20
404,14403,21
404,14404,22
404,14405,23
405,14406,0
405,14407,1
405,14408,2
405,14409,3
405,14410,4
405,14411,5
405,14412,6
405,14413,7
405,14414,8
405,14415,9
405,14416,10
405,14417,11
405,14418,12
405,14419,13
405,14420,14
405,14421,15
405,14422,16
405,14423,17
405,14424,18
405,14425,19
405,14426,20
405,14427,21
405,14428,22
405,14429,23
406,14430,0
406,14431,1
406,14432,2
406,14433,3
406,14434,4
406,14435,5
406,14436,6
406,14437,7
406,14438,8
406,14439,9
406,14440,10
406,14441,11
406,14442,12
406,14443,13
406,14444,14
406,14445,15
406,14446,16
406,14447,17
406,14448,18
406,14449,19
406,14450,20
406,14451,21
406,14452,22
406,14453,23
406,14454,24
406,14455,25
406,14456,26
406,14457,27
406,14458,28
406,14459,29
406,14460,30
406,14461,31
406,14462,32
406,14463,33
406,14464,34
406,14465,35
406,14466,36
406,14467,37
406,14468,38
406,14469,39
406,14470,40
406,14471,41
407,14472,0
407,14473,1
407,14474,2
407,14475,3
407,14476,4
407,14477,5
407,14478,6
407,14479,7
407,14480,8
407,14481,9
407,14482,10
407,14483,11
407,14484,12
407,14485,13
407,14486,14
407,14487,15
407,14488,16
407,14489,17
407,14490,18
407,14491,19
407,14492,20
407,14493,21
407,14494,22
407,14495,23
407,14496,24
407,14497,25
407,14498,26
407,14499,27
407,14500,28
407,14501,29
407,14502,30
407,14503,31
407,14504,32
407,14505,33
407,14506,34
407,14507,35
407,14508,36
407,14509,37
407,14510,38
407,14511,39
407,14512,40
408,14513,0
408,14514,1
408,14515,2
408,14516,3
408,14517,4
408,14518,5
408,14519,6
408,14520,7
408,14521,8
408,14522,9
408,14523,10
408,14524,11
408,14525,12
408,14526,13
408,14527,14
408,14528,15
408,14529,16
408,14530,17
408,14531,18
408,14532,19
408,14533,20
408,14534,21
409,14535,0
409,14536,1
409,14537,2
409,14538,3
409,14539,4
409,14540,5
409,14541,6
409,14542,7
409,14543,8
409,14544,9
409,14545,10
409,14546,11
409,14547,12
409,14548,13
409,14549,14
409,14550,15
409,14551,16
409,14552,17
409,14553,18
409,14554,19
409,14555,20
409,14556,21
410,14557,0
410,14558,1
410,14559,2
410,14560,3
410,14561,4
410,14562,5
411,14563,0
411,14564,1
411,14565,2
411,14566,3
411,14567,4
411,14568,5
412,14569,0
412,14570,1
412,14571,2
412,14572,3
412,14573,4
412,14574,5
412,14575,6
412,14576,7
412,14577,8
412,14578,9
412,14579,10
412,14580,11
412,14581,12
413,14582,0
413,14583,1
413,14584,2
413,14585,3
413,14586,4
413,14587,5
413,14588,6
413,14589,7
413,14590,8
413,14591,9
413,14592,10
413,14593,11
413,14594,12
413,14595,13
414,14596,0
414,14597,1
414,14598,2
414,14599,3
414,14600,4
414,14601,5
414,14602,6
414,14603,7
414,14604,8
414,14605,9
414,14606,10
414,14607,11
414,14608,12
414,14609,13
414,14610,14
414,14611,15
414,14612,16
414,14613,17
414,14614,18
414,14615,19
414,14616,20
414,14617,21
414,14618,22
414,14619,23
414,14620,24
414,14621,25
414,14622,26
415,14623,0
415,14624,1
415,14625,2
415,14626,3
415,14627,4
415,14628,5
415,14629,6
415,14630,7
415,14631,8
415,14632,9
415,14633,10
415,14634,11
415,14635,12
415,14636,13
415,14637,14
415,14638,15
415,14639,16
415,14640,17
415,14641,18
415,14642,19
415,14643,20
415,14644,21
415,14645,22
415,14646,23
415,14647,24
415,14648,25
415,14649,26
416,14650,0
416,14651,1
416,14652,2
416,14653,3
416,14654,4
416,14655,5
416,14656,6
416,14657,7
416,14658,8
416,14659,9
416,14660,10
416,14661,11
416,14662,12
416,14663,13
416,14664,14
416,14665,15
416,14666,16
416,14667,17
416,14668,18
416,14669,19
416,14670,20
416,14671,21
416,14672,22
416,14673,23
416,14674,24
416,14675,25
416,14676,26
416,14677,27
416,14678,28
416,14679,29
416,14680,30
416,14681,31
416,14682,32
416,14683,33
416,14684,34
416,14685,35
416,14686,36
416,14687,37
416,14688,38
416,14689,39
416,14690,40
416,14691,41
416,14692,42
416,14693,43
416,14694,44
416,14695,45
416,14696,46
416,14697,47
416,14698,48
416,14699,49
416,14700,50
416,14701,51
416,14702,52
416,14703,53
416,14704,54
416,14705,55
416,14706,56
416,14707,57
416,14708,58
416,14709,59
416,14710,60
417,14711,0
417,14712,1
417,14713,2
417,14714,3
417,14715,4
417,14716,5
417,14717,6
417,14718,7
417,14719,8
417,14720,9
417,14721,10
417,14722,11
417,14723,12
417,14724,13
417,14725,14
417,14726,15
417,14727,16
417,14728,17
417,14729,18
417,14730,19
417,14731,20
417,14732,21
417,14733,22
417,14734,23
417,14735,24
417,14736,25
417,14737,26
417,14738,27
417,14739,28
417,14740,29
417,14741,30
417,14742,31
417,14743,32
417,14744,33
417,14745,34
417,14746,35
417,14747,36
417,14748,37
417,14749,38
417,14750,39
417,14751,40
417,14752,41
417,14753,42
417,14754,43
417,14755,44
417,14756,45
417,14757,46
417,14758,47
417,14759,48
417,14760,49
417,14761,50
417,14762,51
417,14763,52
417,14764,53
417,14765,54
417,14766,55
417,14767,56
417,14768,57
417,14769,58
417,14770,59
417,14771,60
418,14772,0
418,14773,1
418,14774,2
418,14775,3
418,14776,4
418,14777,5
418,14778,6
418,14779,7
418,14780,8
418,14781,9
418,14782,10
418,14783,11
418,14784,12
418,14785,13
418,14786,14
418,14787,15
418,14788,16
418,14789,17
418,14790,18
418,14791,19
418,14792,20
418,14793,21
418,14794,22
418,14795,23
418,14796,24
418,14797,25
418,14798,26
418,14799,27
418,14800,28
418,14801,29
418,14802,30
418,14803,31
418,14804,32
418,14805,33
418,14806,34
418,14807,35
418,14808,36
418,14809,37
418,14810,38
418,14811,39
418,14812,40
418,14813,41
418,14814,42
418,14815,43
418,14816,44
418,14817,45
419,14818,0
419,14819,1
419,14820,2
419,14821,3
419,14822,4
419,14823,5
419,14824,6
419,14825,7
419,14826,8
419,14827,9
419,14828,10
419,14829,11
419,14830,12
419,14831,13
419,14832,14
419,14833,15
419,14834,16
419,14835,17
419,14836,18
419,14837,19
419,14838,20
419,14839,21
419,14840,22
419,14841,23
419,14842,24
419,14843,25
419,14844,26
419,14845,27
419,14846,28
419,14847,29
419,14848,30
419,14849,31
419,14850,32
419,14851,33
419,14852,34
419,14853,35
419,14854,36
419,14855,37
419,14856,38
419,14857,39
419,14858,40
419,14859,41
419,14860,42
419,14861,43
419,14862,44
419,14863,45
419,14864,46
419,14865,47
419,14866,48
419,14867,49
419,14868,50
420,14869,0
420,14870,1
420,14871,2
420,14872,3
420,14873,4
420,14874,5
420,14875,6
420,14876,7
420,14877,8
420,14878,9
420,14879,10
420,14880,11
420,14881,12
420,14882,13
420,14883,14
420,14884,15
420,14885,16
420,14886,17
420,14887,18
420,14888,19
420,14889,20
420,14890,21
420,14891,22
420,14892,23
420,14893,24
420,14894,25
420,14895,26
420,14896,27
420,14897,28
420,14898,29
420,14899,30
420,14900,31
420,14901,32
420,14902,33
420,14903,34
420,14904,35
420,14905,36
420,14906,37
420,14907,38
420,14908,39
420,14909,40
420,14910,41
421,14911,0
421,14912,1
421,14913,2
421,14914,3
421,14915,4
421,14916,5
421,14917,6
421,14918,7
421,14919,8
421,14920,9
421,14921,10
421,14922,11
421,14923,12
421,14924,13
421,14925,14
421,14926,15
421,14927,16
421,14928,17
421,14929,18
421,14930,19
421,14931,20
421,14932,21
421,14933,22
421,14934,23
421,14935,24
421,14936,25
421,14937,26
421,14938,27
421,14939,28
421,14940,29
421,14941,30
421,14942,31
421,14943,32
421,14944,33
421,14945,34
421,14946,35
421,14947,36
421,14948,37
421,14949,38
421,14950,39
421,14951,40
421,14952,41
421,14953,42
421,14954,43
422,14955,0
422,14956,1
422,14957,2
422,14958,3
422,14959,4
422,14960,5
422,14961,6
422,14962,7
422,14963,8
422,14964,9
422,14965,10
422,14966,11
422,14967,12
422,14968,13
422,14969,14
422,14970,15
422,14971,16
422,14972,17
422,14973,18
422,14974,19
422,14975,20
422,14976,21
422,14977,22
422,14978,23
422,14979,24
422,14980,25
422,14981,26
422,14982,27
422,14983,28
422,14984,29
422,14985,30
422,14986,31
422,14987,32
422,14988,33
422,14989,34
422,14990,35
422,14991,36
422,14992,37
422,14993,38
422,14994,39
422,14995,40
422,14996,41
422,14997,42
423,14998,0
423,14999,1
423,15000,2
423,15001,3
423,15002,4
423,15003,5
423,15004,6
423,15005,7
423,15006,8
423,15007,9
423,15008,10
423,15009,11
423,15010,12
423,15011,13
423,15012,14
423,15013,15
423,15014,16
423,15015,17
423,15016,18
423,15017,19
423,15018,20
423,15019,21
423,15020,22
423,15021,23
423,15022,24
423,15023,25
423,15024,26
423,15025,27
423,15026,28
423,15027,29
423,15028,30
423,15029,31
423,15030,32
423,15031,33
423,15032,34
423,15033,35
423,15034,36
423,15035,37
423,15036,38
423,15037,39
423,15038,40
423,15039,41
423,15040,42
423,15041,43
423,15042,44
424,15043,0
424,15044,1
424,15045,2
424,15046,3
424,15047,4
424,15048,5
424,15049,6
424,15050,7
424,15051,8
424,15052,9
424,15053,10
424,15054,11
424,15055,12
424,15056,13
424,15057,14
424,15058,15
424,15059,16
424,15060,17
424,15061,18
424,15062,19
424,15063,20
424,15064,21
424,15065,22
424,15066,23
424,15067,24
424,15068,25
424,15069,26
424,15070,27
424,15071,28
424,15072,29
424,15073,30
424,15074,31
424,15075,32
424,15076,33
424,15077,34
424,15078,35
424,15079,36
424,15080,37
424,15081,38
425,15082,0
425,15083,1
425,15084,2
425,15085,3
425,15086,4
425,15087,5
425,15088,6
425,15089,7
425,15090,8
425,15091,9
425,15092,10
425,15093,11
425,15094,12
425,15095,13
425,15096,14
425,15097,15
425,15098,16
425,15099,17
425,15100,18
425,15101,19
425,15102,20
425,15103,21
425,15104,22
425,15105,23
425,15106,24
425,15107,25
425,15108,26
425,15109,27
425,15110,28
425,15111,29
425,15112,30
425,15113,31
425,15114,32
425,15115,33
425,15116,34
425,15117,35
425,15118,36
425,15119,37
425,15120,38
426,15121,0
426,15122,1
426,15123,2
426,15124,3
426,15125,4
426,15126,5
426,15127,6
426,15128,7
426,15129,8
426,15130,9
426,15131,10
426,15132,11
426,15133,12
426,15134,13
426,15135,14
426,15136,15
426,15137,16
426,15138,17
426,15139,18
427,15140,0
427,15141,1
427,15142,2
427,15143,3
427,15144,4
427,15145,5
427,15146,6
427,15147,7
427,15148,8
427,15149,9
427,15150,10
427,15151,11
427,15152,12
427,15153,13
427,15154,14
427,15155,15
427,15156,16
427,15157,17
427,15158,18
427,15159,19
428,15160,0
428,15161,1
428,15162,2
428,15163,3
428,15164,4
428,15165,5
428,15166,6
428,15167,7
428,15168,8
428,15169,9
428,15170,10
428,15171,11
428,15172,12
428,15173,13
428,15174,14
428,15175,15
428,15176,16
428,15177,17
428,15178,18
428,15179,19
428,15180,20
428,15181,21
428,15182,22
428,15183,23
428,15184,24
428,15185,25
428,15186,26
428,15187,27
428,15188,28
428,15189,29
428,15190,30
428,15191,31
428,15192,32
428,15193,33
428,15194,34
428,15195,35
428,15196,36
428,15197,37
428,15198,38
428,15199,39
429,15200,0
429,15201,1
429,15202,2
429,15203,3
429,15204,4
429,15205,5
429,15206,6
429,15207,7
429,15208,8
429,15209,9
429,15210,10
429,15211,11
429,15212,12
429,15213,13
429,15214,14
429,15215,15
429,15216,16
429,15217,17
429,15218,18
429,15219,19
429,15220,20
429,15221,21
429,15222,22
429,15223,23
429,15224,24
429,15225,25
429,15226,26
429,15227,27
429,15228,28
429,15229,29
429,15230,30
429,15231,31
429,15232,32
429,15233,33
429,15234,34
429,15235,35
429,15236,36
430,15237,0
430,15238,1
430,15239,2
430,15240,3
430,15241,4
430,15242,5
430,15243,6
430,15244,7
430,15245,8
430,15246,9
430,15247,10
430,15248,11
430,15249,12
430,15250,13
430,15251,14
430,15252,15
430,15253,16
430,15254,17
430,15255,18
430,15256,19
430,15257,20
430,15258,21
430,15259,22
430,15260,23
430,15261,24
430,15262,25
430,15263,26
430,15264,27
430,15265,28
430,15266,29
430,15267,30
430,15268,31
430,15269,32
430,15270,33
430,15271,34
430,15272,35
430,15273,36
430,15274,37
430,15275,38
430,15276,39
430,15277,40
430,15278,41
431,15279,0
431,15280,1
431,15281,2
431,15282,3
431,15283,4
431,15284,5
431,15285,6
431,15286,7
431,15287,8
431,15288,9
431,15289,10
431,15290,11
431,15291,12
431,15292,13
431,15293,14
431,15294,15
431,15295,16
431,15296,17
431,15297,18
431,15298,19
431,15299,20
431,15300,21
431,15301,22
431,15302,23
431,15303,24
431,15304,25
431,15305,26
431,15306,27
431,15307,28
431,15308,29
431,15309,30
431,15310,31
431,15311,32
431,15312,33
431,15313,34
431,15314,35
431,15315,36
431,15316,37
431,15317,38
431,15318,39
431,15319,40
431,15320,41
431,15321,42
432,15322,0
432,15323,1
432,15324,2
432,15325,3
432,15326,4
432,15327,5
432,15328,6
432,15329,7
432,15330,8
432,15331,9
432,15332,10
432,15333,11
432,15334,12
432,15335,13
432,15336,14
432,15337,15
432,15338,16
432,15339,17
432,15340,18
432,15341,19
432,15342,20
432,15343,21
432,15344,22
432,15345,23
432,15346,24
432,15347,25
432,15348,26
432,15349,27
432,15350,28
433,15351,0
433,15352,1
433,15353,2
433,15354,3
433,15355,4
433,15356,5
433,15357,6
433,15358,7
433,15359,8
433,15360,9
433,15361,10
433,15362,11
433,15363,12
433,15364,13
433,15365,14
433,15366,15
433,15367,16
433,15368,17
433,15369,18
433,15370,19
433,15371,20
433,15372,21
433,15373,22
433,15374,23
433,15375,24
433,15376,25
433,15377,26
433,15378,27
433,15379,28
434,15380,0
434,15381,1
434,15382,2
434,15383,3
434,15384,4
434,15385,5
434,15386,6
434,15387,7
434,15388,8
434,15389,9
434,15390,10
434,15391,11
434,15392,12
434,15393,13
434,15394,14
434,15395,15
434,15396,16
434,15397,17
434,15398,18
434,15399,19
434,15400,20
434,15401,21
434,15402,22
434,15403,23
434,15404,24
434,15405,25
434,15406,26
434,15407,27
434,15408,28
434,15409,29
434,15410,30
434,15411,31
434,15412,32
434,15413,33
434,15414,34
434,15415,35
434,15416,36
434,15417,37
434,15418,38
434,15419,39
434,15420,40
434,15421,41
435,15422,0
435,15423,1
435,15424,2
435,15425,3
435,15426,4
435,15427,5
435,15428,6
435,15429,7
435,15430,8
435,15431,9
435,15432,10
435,15433,11
435,15434,12
435,15435,13
435,15436,14
435,15437,15
435,15438,16
435,15439,17
435,15440,18
435,15441,19
435,15442,20
435,15443,21
435,15444,22
435,15445,23
435,15446,24
435,15447,25
435,15448,26
435,15449,27
435,15450,28
435,15451,29
435,15452,30
435,15453,31
435,15454,32
435,15455,33
435,15456,34
435,15457,35
435,15458,36
435,15459,37
435,15460,38
435,15461,39
435,15462,40
435,15463,41
435,15464,42
435,15465,43
436,15466,0
436,15467,1
436,15468,2
436,15469,3
436,15470,4
436,15471,5
436,15472,6
436,15473,7
436,15474,8
436,15475,9
436,15476,10
436,15477,11
436,15478,12
436,15479,13
436,15480,14
436,15481,15
436,15482,16
436,15483,17
436,15484,18
436,15485,19
436,15486,20
436,15487,21
436,15488,22
436,15489,23
436,15490,24
436,15491,25
436,15492,26
436,15493,27
436,15494,28
436,15495,29
436,15496,30
436,15497,31
436,15498,32
436,15499,33
436,15500,34
436,15501,35
436,15502,36
436,15503,37
436,15504,38
436,15505,39
436,15506,40
436,15507,41
436,15508,42
436,15509,43
436,15510,44
436,15511,45
436,15512,46
436,15513,47
436,15514,48
437,15515,0
437,15516,1
437,15517,2
437,15518,3
437,15519,4
437,15520,5
437,15521,6
437,15522,7
437,15523,8
437,15524,9
437,15525,10
437,15526,11
437,15527,12
437,15528,13
437,15529,14
437,15530,15
437,15531,16
437,15532,17
437,15533,18
437,15534,19
437,15535,20
437,15536,21
437,15537,22
437,15538,23
437,15539,24
437,15540,25
437,15541,26
437,15542,27
437,15543,28
437,15544,29
437,15545,30
437,15546,31
437,15547,32
437,15548,33
437,15549,34
437,15550,35
437,15551,36
437,15552,37
437,15553,38
437,15554,39
437,15555,40
437,15556,41
437,15557,42
437,15558,43
437,15559,44
437,15560,45
437,15561,46
437,15562,47
437,15563,48
437,15564,49
438,15565,0
438,15566,1
438,15567,2
438,15568,3
438,15569,4
438,15570,5
438,15571,6
438,15572,7
438,15573,8
438,15574,9
438,15575,10
438,15576,11
438,15577,12
438,15578,13
438,15579,14
438,15580,15
438,15581,16
438,15582,17
438,15583,18
438,15584,19
438,15585,20
438,15586,21
438,15587,22
438,15588,23
438,15589,24
438,15590,25
438,15591,26
438,15592,27
438,15593,28
438,15594,29
438,15595,30
438,15596,31
438,15597,32
438,15598,33
438,15599,34
438,15600,35
438,15601,36
438,15602,37
438,15603,38
438,15604,39
438,15605,40
438,15606,41
438,15607,42
438,15608,43
438,15609,44
438,15610,45
438,15611,46
438,15612,47
438,15613,48
439,15614,0
439,15615,1
439,15616,2
439,15617,3
439,15618,4
439,15619,5
439,15620,6
439,15621,7
439,15622,8
439,15623,9
439,15624,10
439,15625,11
439,15626,12
439,15627,13
439,15628,14
439,15629,15
439,15630,16
439,15631,17
439,15632,18
439,15633,19
439,15634,20
439,15635,21
439,15636,22
439,15637,23
439,15638,24
439,15639,25
439,15640,26
439,15641,27
439,15642,28
439,15643,29
439,15644,30
439,15645,31
439,15646,32
439,15647,33
439,15648,34
439,15649,35
439,15650,36
439,15651,37
439,15652,38
439,15653,39
439,15654,40
439,15655,41
439,15656,42
439,15657,43
439,15658,44
439,15659,45
439,15660,46
439,15661,47
439,15662,48
439,15663,49
440,15664,0
440,15665,1
440,15666,2
440,15667,3
440,15668,4
440,15669,5
440,15670,6
440,15671,7
440,15672,8
440,15673,9
440,15674,10
440,15675,11
440,15676,12
440,15677,13
440,15678,14
440,15679,15
440,15680,16
440,15681,17
440,15682,18
440,15683,19
440,15684,20
440,15685,21
440,15686,22
440,15687,23
440,15688,24
440,15689,25
440,15690,26
440,15691,27
440,15692,28
440,15693,29
440,15694,30
440,15695,31
440,15696,32
440,15697,33
440,15698,34
440,15699,35
440,15700,36
440,15701,37
440,15702,38
440,15703,39
440,15704,40
440,15705,41
440,15706,42
440,15707,43
440,15708,44
440,15709,45
440,15710,46
440,15711,47
440,15712,48
440,15713,49
440,15714,50
440,15715,51
440,15716,52
441,15717,0
441,15718,1
441,15719,2
441,15720,3
441,15721,4
441,15722,5
441,15723,6
441,15724,7
441,15725,8
441,15726,9
441,15727,10
441,15728,11
441,15729,12
441,15730,13
441,15731,14
441,15732,15
441,15733,16
441,15734,17
441,15735,18
441,15736,19
441,15737,20
441,15738,21
441,15739,22
441,15740,23
441,15741,24
441,15742,25
441,15743,26
441,15744,27
441,15745,28
441,15746,29
441,15747,30
441,15748,31
441,15749,32
441,15750,33
441,15751,34
441,15752,35
441,15753,36
441,15754,37
441,15755,38
441,15756,39
441,15757,40
441,15758,41
441,15759,42
441,15760,43
441,15761,44
441,15762,45
441,15763,46
441,15764,47
441,15765,48
441,15766,49
441,15767,50
441,15768,51
441,15769,52
442,15770,0
442,15771,1
442,15772,2
442,15773,3
442,15774,4
442,15775,5
442,15776,6
442,15777,7
442,15778,8
442,15779,9
442,15780,10
442,15781,11
442,15782,12
442,15783,13
442,15784,14
442,15785,15
442,15786,16
442,15787,17
442,15788,18
442,15789,19
442,15790,20
442,15791,21
442,15792,22
442,15793,23
442,15794,24
442,15795,25
442,15796,26
442,15797,27
442,15798,28
442,15799,29
442,15800,30
442,15801,31
443,15802,0
443,15803,1
443,15804,2
443,15805,3
443,15806,4
443,15807,5
443,15808,6
443,15809,7
443,15810,8
443,15811,9
443,15812,10
443,15813,11
443,15814,12
443,15815,13
443,15816,14
443,15817,15
443,15818,16
443,15819,17
443,15820,18
443,15821,19
443,15822,20
443,15823,21
443,15824,22
443,15825,23
443,15826,24
443,15827,25
443,15828,26
443,15829,27
443,15830,28
443,15831,29
443,15832,30
444,15833,0
444,15834,1
444,15835,2
444,15836,3
444,15837,4
444,15838,5
444,15839,6
444,15840,7
444,15841,8
444,15842,9
444,15843,10
444,15844,11
444,15845,12
444,15846,13
444,15847,14
444,15848,15
444,15849,16
444,15850,17
444,15851,18
444,15852,19
444,15853,20
444,15854,21
444,15855,22
444,15856,23
444,15857,24
444,15858,25
444,15859,26
444,15860,27
444,15861,28
444,15862,29
444,15863,30
444,15864,31
444,15865,32
444,15866,33
444,15867,34
444,15868,35
444,15869,36
444,15870,37
444,15871,38
444,15872,39
444,15873,40
444,15874,41
444,15875,42
444,15876,43
444,15877,44
444,15878,45
444,15879,46
444,15880,47
444,15881,48
444,15882,49
444,15883,50
444,15884,51
444,15885,52
444,15886,53
444,15887,54
444,15888,55
444,15889,56
445,15890,0
445,15891,1
445,15892,2
445,15893,3
445,15894,4
445,15895,5
445,15896,6
445,15897,7
445,15898,8
445,15899,9
445,15900,10
445,15901,11
445,15902,12
445,15903,13
445,15904,14
445,15905,15
445,15906,16
445,15907,17
445,15908,18
445,15909,19
445,15910,20
445,15911,21
445,15912,22
445,15913,23
445,15914,24
445,15915,25
445,15916,26
445,15917,27
445,15918,28
445,15919,29
445,15920,30
445,15921,31
445,15922,32
445,15923,33
445,15924,34
445,15925,35
445,15926,36
445,15927,37
445,15928,38
445,15929,39
445,15930,40
445,15931,41
445,15932,42
445,15933,43
445,15934,44
445,15935,45
445,15936,46
445,15937,47
445,15938,48
445,15939,49
445,15940,50
445,15941,51
445,15942,52
445,15943,53
445,15944,54
445,15945,55
445,15946,56
446,15947,1
446,15948,2
446,15949,3
446,15950,4
446,15951,5
446,15952,6
446,15953,7
446,15954,8
446,15955,9
446,15956,10
446,15957,11
446,15958,12
446,15959,13
446,15960,14
446,15961,15
446,15962,16
446,15963,17
446,15964,18
446,15965,19
446,15966,20
446,15967,21
446,15968,22
446,15969,23
446,15970,24
446,15971,25
446,15972,26
446,15973,27
446,15974,28
446,15975,29
446,15976,30
446,15977,31
446,15978,32
446,15979,33
446,15980,34
446,15981,35
446,15982,36
446,15983,37
446,15984,38
446,15985,39
446,15986,40
447,15987,1
447,15988,2
447,15989,3
447,15990,4
447,15991,5
447,15992,6
447,15993,7
447,15994,8
447,15995,9
447,15996,10
447,15997,11
447,15998,12
447,15999,13
447,16000,14
447,16001,15
447,16002,16
447,16003,17
447,16004,18
447,16005,19
447,16006,20
447,16007,21
447,16008,22
447,16009,23
447,16010,24
447,16011,25
447,16012,26
447,16013,27
447,16014,28
447,16015,29
447,16016,30
447,16017,31
447,16018,32
447,16019,33
447,16020,34
447,16021,35
447,16022,36
447,16023,37
447,16024,38
447,16025,39
447,16026,40
448,16027,1
448,16028,2
448,16029,3
448,16030,4
448,16031,5
448,16032,6
448,16033,7
448,16034,8
448,16035,9
448,16036,10
448,16037,11
448,16038,12
448,16039,13
448,16040,14
448,16041,15
448,16042,16
448,16043,17
448,16044,18
448,16045,19
448,16046,20
448,16047,21
448,16048,22
448,16049,23
448,16050,24
448,16051,25
448,16052,26
448,16053,27
448,16054,28
448,16055,29
448,16056,30
448,16057,31
448,16058,32
448,16059,33
448,16060,34
448,16061,35
448,16062,36
448,16063,37
448,16064,38
448,16065,39
448,16066,40
448,16067,41
448,16068,42
448,16069,43
448,16070,44
448,16071,45
448,16072,46
448,16073,47
448,16074,48
448,16075,49
449,16076,1
449,16077,2
449,16078,3
449,16079,4
449,16080,5
449,16081,6
449,16082,7
449,16083,8
449,16084,9
449,16085,10
449,16086,11
449,16087,12
449,16088,13
449,16089,14
449,16090,15
449,16091,16
449,16092,17
449,16093,18
449,16094,19
449,16095,20
449,16096,21
449,16097,22
449,16098,23
449,16099,24
449,16100,25
449,16101,26
449,16102,27
449,16103,28
449,16104,29
449,16105,30
449,16106,31
449,16107,32
449,16108,33
449,16109,34
449,16110,35
449,16111,36
449,16112,37
449,16113,38
449,16114,39
449,16115,40
449,16116,41
449,16117,42
449,16118,43
449,16119,44
449,16120,45
449,16121,46
449,16122,47
449,16123,48
449,16124,49
449,16125,50
449,16126,51
449,16127,52
449,16128,53
450,16129,0
450,16130,1
450,16131,2
450,16132,3
450,16133,4
450,16134,5
450,16135,6
450,16136,7
450,16137,8
450,16138,9
450,16139,10
450,16140,11
450,16141,12
450,16142,13
450,16143,14
450,16144,15
450,16145,16
450,16146,17
450,16147,18
450,16148,19
450,16149,20
450,16150,21
450,16151,22
450,16152,23
450,16153,24
450,16154,25
450,16155,26
450,16156,27
450,16157,28
450,16158,29
450,16159,30
450,16160,31
450,16161,32
450,16162,33
450,16163,34
450,16164,35
450,16165,36
450,16166,37
450,16167,38
450,16168,39
450,16169,40
450,16170,41
450,16171,42
450,16172,43
450,16173,44
450,16174,45
450,16175,46
450,16176,47
450,16177,48
450,16178,49
450,16179,50
450,16180,51
450,16181,52
450,16182,53
450,16183,54
450,16184,55
450,16185,56
450,16186,57
450,16187,58
450,16188,59
450,16189,60
450,16190,61
450,16191,62
450,16192,63
450,16193,64
450,16194,65
450,16195,66
450,16196,67
450,16197,68
450,16198,69
451,16199,0
451,16200,1
451,16201,2
451,16202,3
451,16203,4
451,16204,5
451,16205,6
451,16206,7
451,16207,8
451,16208,9
451,16209,10
451,16210,11
451,16211,12
451,16212,13
451,16213,14
451,16214,15
451,16215,16
451,16216,17
451,16217,18
451,16218,19
451,16219,20
451,16220,21
451,16221,22
451,16222,23
451,16223,24
451,16224,25
451,16225,26
451,16226,27
451,16227,28
451,16228,29
451,16229,30
451,16230,31
451,16231,32
451,16232,33
451,16233,34
451,16234,35
451,16235,36
451,16236,37
451,16237,38
451,16238,39
451,16239,40
451,16240,41
451,16241,42
451,16242,43
451,16243,44
451,16244,45
451,16245,46
451,16246,47
451,16247,48
451,16248,49
451,16249,50
451,16250,51
451,16251,52
451,16252,53
451,16253,54
451,16254,55
451,16255,56
451,16256,57
451,16257,58
451,16258,59
451,16259,60
451,16260,61
451,16261,62
451,16262,63
451,16263,64
451,16264,65
451,16265,66
451,16266,67
451,16267,68
452,16268,0
452,16269,1
452,16270,2
452,16271,3
452,16272,4
452,16273,5
452,16274,6
452,16275,7
452,16276,8
452,16277,9
452,16278,10
452,16279,11
452,16280,12
452,16281,13
452,16282,14
452,16283,15
452,16284,16
452,16285,17
452,16286,18
452,16287,19
452,16288,20
452,16289,21
452,16290,22
452,16291,23
452,16292,24
452,16293,25
452,16294,26
452,16295,27
452,16296,28
452,16297,29
452,16298,30
452,16299,31
452,16300,32
452,16301,33
452,16302,34
452,16303,35
452,16304,36
452,16305,37
452,16306,38
452,16307,39
452,16308,40
452,16309,41
452,16310,42
452,16311,43
452,16312,44
452,16313,45
452,16314,46
452,16315,47
452,16316,48
453,16317,0
453,16318,1
453,16319,2
453,16320,3
453,16321,4
453,16322,5
453,16323,6
453,16324,7
453,16325,8
453,16326,9
453,16327,10
453,16328,11
453,16329,12
453,16330,13
453,16331,14
453,16332,15
453,16333,16
453,16334,17
453,16335,18
453,16336,19
453,16337,20
453,16338,21
453,16339,22
453,16340,23
453,16341,24
453,16342,25
453,16343,26
453,16344,27
453,16345,28
453,16346,29
453,16347,30
453,16348,31
453,16349,32
453,16350,33
453,16351,34
453,16352,35
453,16353,36
453,16354,37
453,16355,38
453,16356,39
453,16357,40
453,16358,41
453,16359,42
453,16360,43
453,16361,44
453,16362,45
453,16363,46
453,16364,47
453,16365,48
454,16366,0
454,16367,1
454,16368,2
454,16369,3
454,16370,4
454,16371,5
454,16372,6
454,16373,7
454,16374,8
454,16375,9
454,16376,10
454,16377,11
454,16378,12
454,16379,13
454,16380,14
454,16381,15
454,16382,16
454,16383,17
454,16384,18
454,16385,19
454,16386,20
454,16387,21
454,16388,22
454,16389,23
454,16390,24
454,16391,25
454,16392,26
454,16393,27
454,16394,28
454,16395,29
454,16396,30
454,16397,31
454,16398,32
454,16399,33
454,16400,34
454,16401,35
454,16402,36
454,16403,37
454,16404,38
454,16405,39
454,16406,40
455,16407,0
455,16408,1
455,16409,2
455,16410,3
455,16411,4
455,16412,5
455,16413,6
455,16414,7
455,16415,8
455,16416,9
455,16417,10
455,16418,11
455,16419,12
455,16420,13
455,16421,14
455,16422,15
455,16423,16
455,16424,17
455,16425,18
455,16426,19
455,16427,20
455,16428,21
455,16429,22
455,16430,23
455,16431,24
455,16432,25
455,16433,26
455,16434,27
455,16435,28
455,16436,29
455,16437,30
455,16438,31
455,16439,32
455,16440,33
455,16441,34
455,16442,35
455,16443,36
455,16444,37
455,16445,38
455,16446,39
455,16447,40
456,16448,0
456,16449,1
456,16450,2
456,16451,3
456,16452,4
456,16453,5
456,16454,6
456,16455,7
456,16456,8
456,16457,9
456,16458,10
456,16459,11
456,16460,12
456,16461,13
456,16462,14
456,16463,15
456,16464,16
456,16465,17
456,16466,18
456,16467,19
456,16468,20
456,16469,21
456,16470,22
456,16471,23
456,16472,24
456,16473,25
456,16474,26
456,16475,27
456,16476,28
456,16477,29
456,16478,30
456,16479,31
456,16480,32
456,16481,33
456,16482,34
456,16483,35
457,16484,0
457,16485,1
457,16486,2
457,16487,3
457,16488,4
457,16489,5
457,16490,6
457,16491,7
457,16492,8
457,16493,9
457,16494,10
457,16495,11
457,16496,12
457,16497,13
457,16498,14
457,16499,15
457,16500,16
457,16501,17
457,16502,18
457,16503,19
457,16504,20
457,16505,21
457,16506,22
457,16507,23
457,16508,24
457,16509,25
457,16510,26
457,16511,27
457,16512,28
457,16513,29
457,16514,30
457,16515,31
457,16516,32
457,16517,33
457,16518,34
457,16519,35
458,16520,1
458,16521,2
458,16522,3
458,16523,4
458,16524,5
458,16525,6
458,16526,7
458,16527,8
458,16528,9
458,16529,10
458,16530,11
458,16531,12
458,16532,13
458,16533,14
458,16534,15
458,16535,16
458,16536,17
458,16537,18
458,16538,19
458,16539,20
458,16540,21
458,16541,22
458,16542,23
458,16543,24
458,16544,25
458,16545,26
458,16546,27
458,16547,28
458,16548,29
458,16549,30
458,16550,31
458,16551,32
458,16552,33
458,16553,34
458,16554,35
458,16555,36
458,16556,37
458,16557,38
458,16558,39
458,16559,40
458,16560,41
459,16561,1
459,16562,2
459,16563,3
459,16564,4
459,16565,5
459,16566,6
459,16567,7
459,16568,8
459,16569,9
459,16570,10
459,16571,11
459,16572,12
459,16573,13
459,16574,14
459,16575,15
459,16576,16
459,16577,17
459,16578,18
459,16579,19
459,16580,20
459,16581,21
459,16582,22
459,16583,23
459,16584,24
459,16585,25
459,16586,26
459,16587,27
459,16588,28
459,16589,29
459,16590,30
459,16591,31
459,16592,32
459,16593,33
459,16594,34
459,16595,35
459,16596,36
459,16597,37
459,16598,38
459,16599,39
459,16600,40
459,16601,41
460,16602,0
460,16603,1
460,16604,2
460,16605,3
460,16606,4
460,16607,5
460,16608,6
460,16609,7
460,16610,8
460,16611,9
460,16612,10
460,16613,11
460,16614,12
460,16615,13
460,16616,14
460,16617,15
460,16618,16
460,16619,17
460,16620,18
460,16621,19
460,16622,20
460,16623,21
460,16624,22
460,16625,23
460,16626,24
460,16627,25
460,16628,26
460,16629,27
460,16630,28
460,16631,29
460,16632,30
460,16633,31
460,16634,32
460,16635,33
461,16636,0
461,16637,1
461,16638,2
461,16639,3
461,16640,4
461,16641,5
461,16642,6
461,16643,7
461,16644,8
461,16645,9
461,16646,10
461,16647,11
461,16648,12
461,16649,13
461,16650,14
461,16651,15
461,16652,16
461,16653,17
461,16654,18
461,16655,19
461,16656,20
461,16657,21
461,16658,22
461,16659,23
461,16660,24
461,16661,25
461,16662,26
461,16663,27
461,16664,28
461,16665,29
461,16666,30
461,16667,31
461,16668,32
461,16669,33
461,16670,34
461,16671,35
462,16672,0
462,16673,1
462,16674,2
462,16675,3
462,16676,4
462,16677,5
462,16678,6
462,16679,7
462,16680,8
462,16681,9
462,16682,10
462,16683,11
462,16684,12
462,16685,13
462,16686,14
462,16687,15
462,16688,16
462,16689,17
462,16690,18
462,16691,19
462,16692,20
462,16693,21
462,16694,22
463,16695,0
463,16696,1
463,16697,2
463,16698,3
463,16699,4
463,16700,5
463,16701,6
463,16702,7
463,16703,8
463,16704,9
463,16705,10
463,16706,11
463,16707,12
463,16708,13
463,16709,14
463,16710,15
463,16711,16
463,16712,17
463,16713,18
463,16714,19
463,16715,20
464,31537,0
464,16716,1
464,16717,2
464,16718,3
464,16719,4
464,16720,5
464,16721,6
464,16722,7
464,16723,8
464,16724,9
464,16725,10
464,16726,11
464,16727,12
464,16728,13
464,16729,14
464,16730,15
464,16731,16
464,16732,17
464,16733,18
464,16734,19
464,16735,20
464,16736,21
464,16737,22
464,16738,23
464,16739,24
464,16740,25
464,16741,26
464,16742,27
464,16743,28
464,16744,29
464,16745,30
464,16746,31
464,16747,32
464,16748,33
464,16749,34
464,16750,35
464,16751,36
464,16752,37
464,16753,38
464,16754,39
464,16755,40
464,16756,41
464,16757,42
464,16758,43
464,16759,44
464,16760,45
464,16761,46
464,16762,47
464,16763,48
464,16764,49
464,16765,50
464,16766,51
464,16767,52
464,16768,53
464,16769,54
464,16770,55
464,16771,56
464,16772,57
464,16773,58
464,16774,59
464,16775,60
464,16776,61
464,16777,62
464,16778,63
464,16779,64
465,16780,0
465,16781,1
465,16782,2
465,16783,3
465,16784,4
465,16785,5
465,16786,6
465,16787,7
465,16788,8
465,16789,9
465,16790,10
465,16791,11
465,16792,12
465,16793,13
465,16794,14
465,16795,15
465,16796,16
465,16797,17
465,16798,18
465,16799,19
465,16800,20
465,16801,21
465,16802,22
465,16803,23
465,16804,24
465,16805,25
465,16806,26
465,16807,27
465,16808,28
465,16809,29
465,16810,30
465,16811,31
465,16812,32
465,16813,33
465,16814,34
465,16815,35
465,16816,36
465,16817,37
465,16818,38
465,16819,39
465,16820,40
465,16821,41
465,16822,42
465,16823,43
465,16824,44
465,16825,45
465,16826,46
465,16827,47
465,16828,48
465,16829,49
465,16830,50
465,16831,51
465,16832,52
465,16833,53
465,16834,54
465,16835,55
465,16836,56
465,16837,57
465,16838,58
465,16839,59
465,16840,60
465,16841,61
465,16842,62
465,16843,63
465,16844,64
466,16845,0
466,16846,1
466,16847,2
466,16848,3
466,16849,4
467,16850,0
467,16851,1
467,16852,2
467,16853,3
467,16854,4
468,16909,0
468,16855,1
468,16856,2
468,16857,3
468,16858,4
468,16859,5
468,16860,6
468,16861,7
468,16862,8
468,16863,9
468,16864,10
468,16865,11
468,16866,12
468,16867,13
468,16868,14
468,16869,15
468,16870,16
468,16871,17
468,16872,18
468,16873,19
468,16874,20
468,16875,21
468,16876,22
468,16877,23
468,16878,24
468,16879,25
468,16880,26
468,16881,27
468,16882,28
468,16883,29
468,16884,30
468,16885,31
468,16886,32
468,16887,33
468,16888,34
468,16889,35
468,16890,36
468,16891,37
468,16892,38
468,16893,39
468,16894,40
468,16895,41
468,16896,42
468,16897,43
468,16898,44
468,16899,45
468,16900,46
468,16901,47
468,16902,48
468,16903,49
468,16904,50
468,16905,51
468,16906,52
468,16907,53
468,16908,54
469,16909,0
469,16910,1
469,16911,2
469,16912,3
469,16913,4
469,16914,5
469,16915,6
469,16916,7
469,16917,8
469,16918,9
469,16919,10
469,16920,11
469,16921,12
469,16922,13
469,16923,14
469,16924,15
469,16925,16
469,16926,17
469,16927,18
469,16928,19
469,16929,20
469,16930,21
469,16931,22
469,16932,23
469,16933,24
469,16934,25
469,16935,26
469,16936,27
469,16937,28
469,16938,29
469,16939,30
469,16940,31
469,16941,32
469,16942,33
469,16943,34
469,16944,35
469,16945,36
469,16946,37
469,16947,38
469,16948,39
469,16949,40
469,16950,41
469,16951,42
469,16952,43
469,16953,44
469,16954,45
469,16955,46
469,16956,47
469,16957,48
469,16958,49
469,16959,50
469,16960,51
469,16961,52
469,16962,53
469,16963,54
469,16964,55
469,16965,56
469,16966,57
470,16967,0
470,16968,1
470,16969,2
470,16970,3
470,16971,4
470,16972,5
470,16973,6
470,16974,7
470,16975,8
470,16976,9
470,16977,10
470,16978,11
470,16979,12
470,16980,13
470,16981,14
470,16982,15
470,16983,16
470,16984,17
470,16985,18
470,16986,19
470,16987,20
470,16988,21
470,16989,22
470,16990,23
470,16991,24
470,16992,25
470,16993,26
470,16994,27
470,16995,28
470,16996,29
470,16997,30
470,16998,31
470,16999,32
470,17000,33
470,17001,34
470,17002,35
470,17003,36
470,17004,37
470,17005,38
470,17006,39
470,17007,40
470,17008,41
470,17009,42
470,17010,43
470,17011,44
470,17012,45
470,17013,46
470,17014,47
470,17015,48
470,17016,49
470,17017,50
470,17018,51
470,17019,52
471,17020,0
471,17021,1
471,17022,2
471,17023,3
471,17024,4
471,17025,5
471,17026,6
471,17027,7
471,17028,8
471,17029,9
471,17030,10
471,17031,11
471,17032,12
471,17033,13
471,17034,14
471,17035,15
471,17036,16
471,17037,17
471,17038,18
471,17039,19
471,17040,20
471,17041,21
471,17042,22
471,17043,23
471,17044,24
471,17045,25
471,17046,26
471,17047,27
471,17048,28
471,17049,29
471,17050,30
471,17051,31
471,17052,32
471,17053,33
471,17054,34
471,17055,35
471,17056,36
471,17057,37
471,17058,38
471,17059,39
471,17060,40
471,17061,41
471,17062,42
471,17063,43
471,17064,44
471,17065,45
471,17066,46
471,17067,47
471,17068,48
471,17069,49
471,17070,50
471,17071,51
471,17072,52
471,17073,53
471,17074,54
471,17075,55
472,17076,0
472,17077,1
472,17078,2
472,17079,3
472,17080,4
472,17081,5
472,17082,6
472,17083,7
472,17084,8
472,17085,9
472,17086,10
472,17087,11
472,17088,12
472,17089,13
472,17090,14
472,17091,15
472,17092,16
472,17093,17
472,17094,18
472,17095,19
472,17096,20
472,17097,21
472,17098,22
472,17099,23
472,17100,24
472,17101,25
472,17102,26
472,17103,27
472,17104,28
472,17105,29
472,17106,30
472,17107,31
472,17108,32
472,17109,33
472,17110,34
472,17111,35
472,17112,36
472,17113,37
472,17114,38
472,17115,39
472,17116,40
472,17117,41
472,17118,42
472,17119,43
472,17120,44
472,17121,45
472,17122,46
472,17123,47
472,17124,48
472,17125,49
472,17126,50
472,17127,51
472,17128,52
472,17129,53
472,17130,54
472,17131,55
472,17132,56
472,17133,57
472,17134,58
472,17135,59
472,17136,60
472,17137,61
472,17138,62
472,17139,63
472,17140,64
472,17141,65
472,17142,66
472,17143,67
472,17144,68
472,17145,69
473,17146,0
473,17147,1
473,17148,2
473,17149,3
473,17150,4
473,17151,5
473,17152,6
473,17153,7
473,17154,8
473,17155,9
473,17156,10
473,17157,11
473,17158,12
473,17159,13
473,17160,14
473,17161,15
473,17162,16
473,17163,17
473,17164,18
473,17165,19
473,17166,20
473,17167,21
473,17168,22
473,17169,23
473,17170,24
473,17171,25
473,17172,26
473,17173,27
473,17174,28
473,17175,29
473,17176,30
473,17177,31
473,17178,32
473,17179,33
473,17180,34
473,17181,35
473,17182,36
473,17183,37
473,17184,38
473,17185,39
473,17186,40
473,17187,41
473,17188,42
473,17189,43
473,17190,44
473,17191,45
473,17192,46
473,17193,47
473,17194,48
473,17195,49
473,17196,50
473,17197,51
473,17198,52
473,17199,53
473,17200,54
473,17201,55
473,17202,56
473,17203,57
473,17204,58
473,17205,59
473,17206,60
473,17207,61
473,17208,62
473,17209,63
473,17210,64
473,17211,65
473,17212,66
473,17213,67
473,17214,68
474,17215,0
474,17216,1
474,17217,2
474,17218,3
474,17219,4
474,17220,5
474,17221,6
474,17222,7
474,17223,8
474,17224,9
474,17225,10
474,17226,11
474,17227,12
474,17228,13
474,17229,14
474,17230,15
474,17231,16
474,17232,17
474,17233,18
474,17234,19
474,17235,20
474,17236,21
474,17237,22
474,17238,23
474,17239,24
474,17240,25
474,17241,26
474,17242,27
474,17243,28
474,17244,29
474,17245,30
474,17246,31
475,17247,0
475,17248,1
475,17249,2
475,17250,3
475,17251,4
475,17252,5
475,17253,6
475,17254,7
475,17255,8
475,17256,9
475,17257,10
475,17258,11
475,17259,12
475,17260,13
475,17261,14
475,17262,15
475,17263,16
475,17264,17
475,17265,18
475,17266,19
475,17267,20
475,17268,21
475,17269,22
475,17270,23
475,17271,24
475,17272,25
475,17273,26
475,17274,27
475,17275,28
475,17276,29
475,17277,30
476,17278,0
476,17279,1
476,17280,2
476,17281,3
476,17282,4
476,17283,5
476,17284,6
476,17285,7
476,17286,8
476,17287,9
476,17288,10
476,17289,11
476,17290,12
476,17291,13
476,17292,14
476,17293,15
476,17294,16
476,17295,17
476,17296,18
476,17297,19
476,17298,20
476,17299,21
476,17300,22
476,17301,23
476,17302,24
476,17303,25
476,17304,26
476,17305,27
476,17306,28
476,17307,29
476,17308,30
476,17309,31
476,17310,32
476,17311,33
476,17312,34
476,17313,35
476,17314,36
476,17315,37
476,17316,38
476,17317,39
476,17318,40
476,17319,41
476,17320,42
477,17321,0
477,17322,1
477,17323,2
477,17324,3
477,17325,4
477,17326,5
477,17327,6
477,17328,7
477,17329,8
477,17330,9
477,17331,10
477,17332,11
477,17333,12
477,17334,13
477,17335,14
477,17336,15
477,17337,16
477,17338,17
477,17339,18
477,17340,19
477,17341,20
477,17342,21
477,17343,22
477,17344,23
477,17345,24
477,17346,25
477,17347,26
477,17348,27
477,17349,28
477,17350,29
477,17351,30
477,17352,31
477,17353,32
477,17354,33
477,17355,34
477,17356,35
477,17357,36
477,17358,37
477,17359,38
477,17360,39
477,17361,40
477,17362,41
478,17363,0
478,17364,1
478,17365,2
478,17366,3
478,17367,4
478,17368,5
478,17369,6
478,17370,7
478,17371,8
478,17372,9
478,17373,10
478,17374,11
478,17375,12
478,17376,13
478,17377,14
478,17378,15
478,17379,16
478,17380,17
478,17381,18
478,17382,19
478,17383,20
478,17384,21
478,17385,22
478,17386,23
478,17387,24
478,17388,25
478,17389,26
478,17390,27
478,17391,28
478,17392,29
478,17393,30
478,17394,31
478,17395,32
478,17396,33
478,17397,34
478,17398,35
478,17399,36
478,17400,37
478,17401,38
478,17402,39
478,17403,40
478,17404,41
478,17405,42
478,17406,43
478,17407,44
478,17408,45
478,17409,46
478,17410,47
478,17411,48
478,17412,49
479,17413,0
479,17414,1
479,17415,2
479,17416,3
479,17417,4
479,17418,5
479,17419,6
479,17420,7
479,17421,8
479,17422,9
479,17423,10
479,17424,11
479,17425,12
479,17426,13
479,17427,14
479,17428,15
479,17429,16
479,17430,17
479,17431,18
479,17432,19
479,17433,20
479,17434,21
479,17435,22
479,17436,23
479,17437,24
479,17438,25
479,17439,26
479,17440,27
479,17441,28
479,17442,29
479,17443,30
479,17444,31
479,17445,32
479,17446,33
479,17447,34
479,17448,35
479,17449,36
479,17450,37
479,17451,38
479,17452,39
479,17453,40
479,17454,41
479,17455,42
479,17456,43
479,17457,44
479,17458,45
479,17459,46
479,17460,47
480,17461,1
480,17462,2
480,17463,3
480,17464,4
480,17465,5
480,17466,6
480,17467,7
480,17468,8
480,17469,9
480,17470,10
480,17471,11
480,17472,12
480,17473,13
480,17474,14
480,17475,15
480,17476,16
480,17477,17
480,17478,18
480,17479,19
480,17480,20
480,17481,21
480,17482,22
480,17483,23
480,17484,24
480,17485,25
480,17486,26
480,17487,27
480,17488,28
480,17489,29
480,17490,30
480,17491,31
480,17492,32
480,17493,33
481,17494,1
481,17495,2
481,17496,3
481,17497,4
481,17498,5
481,17499,6
481,17500,7
481,17501,8
481,17502,9
481,17503,10
481,17504,11
481,17505,12
481,17506,13
481,17507,14
481,17508,15
481,17509,16
481,17510,17
481,17511,18
481,17512,19
481,17513,20
481,17514,21
481,17515,22
481,17516,23
481,17517,24
481,17518,25
481,17519,26
481,17520,27
481,17521,28
481,17522,29
481,17523,30
481,17524,31
481,17525,32
482,17526,0
482,17527,1
482,17528,2
482,17529,3
482,17530,4
482,17531,5
482,17532,6
482,17533,7
482,17534,8
482,17535,9
482,17536,10
482,17537,11
482,17538,12
482,17539,13
482,17540,14
482,17541,15
482,17542,16
482,17543,17
482,17544,18
482,17545,19
482,17546,20
482,17547,21
482,17548,22
482,17549,23
482,17550,24
482,17551,25
482,17552,26
482,17553,27
482,17554,28
482,17555,29
482,17556,30
482,17557,31
482,17558,32
482,17559,33
482,17560,34
482,17561,35
482,17562,36
482,17563,37
482,17564,38
482,17565,39
482,17566,40
482,17567,41
482,17568,42
482,17569,43
482,17570,44
482,17571,45
482,17572,46
482,17573,47
482,17574,48
482,17575,49
482,17576,50
482,17577,51
482,17578,52
483,17579,0
483,17580,1
483,17581,2
483,17582,3
483,17583,4
483,17584,5
483,17585,6
483,17586,7
483,17587,8
483,17588,9
483,17589,10
483,17590,11
483,17591,12
483,17592,13
483,17593,14
483,17594,15
483,17595,16
483,17596,17
483,17597,18
483,17598,19
483,17599,20
483,17600,21
483,17601,22
483,17602,23
483,17603,24
483,17604,25
483,17605,26
483,17606,27
483,17607,28
483,17608,29
483,17609,30
483,17610,31
483,17611,32
483,17612,33
483,17613,34
483,17614,35
483,17615,36
483,17616,37
483,17617,38
483,17618,39
483,17619,40
483,17620,41
483,17621,42
483,17622,43
483,17623,44
483,17624,45
483,17625,46
483,17626,47
483,17627,48
483,17628,49
483,17629,50
483,17630,51
483,17631,52
483,17632,53
483,17633,54
484,17634,1
484,17635,2
484,17636,3
484,17637,4
484,17638,5
484,17639,6
484,17640,7
484,17641,8
484,17642,9
484,17643,10
484,17644,11
484,17645,12
484,17646,13
484,17647,14
484,17648,15
484,17649,16
484,17650,17
484,17651,18
484,17652,19
484,17653,20
484,17654,21
484,17655,22
484,17656,23
484,17657,24
484,17658,25
484,17659,26
484,17660,27
484,17661,28
484,17662,29
484,17663,30
484,17664,31
484,17665,32
484,17666,33
484,17667,34
484,17668,35
484,17669,36
484,17670,37
484,17671,38
484,17672,39
484,17673,40
484,17674,41
484,17675,42
484,17676,43
485,17677,1
485,17678,2
485,17679,3
485,17680,4
485,17681,5
485,17682,6
485,17683,7
485,17684,8
485,17685,9
485,17686,10
485,17687,11
485,17688,12
485,17689,13
485,17690,14
485,17691,15
485,17692,16
485,17693,17
485,17694,18
485,17695,19
485,17696,20
485,17697,21
485,17698,22
485,17699,23
485,17700,24
485,17701,25
485,17702,26
485,17703,27
485,17704,28
485,17705,29
485,17706,30
485,17707,31
485,17708,32
485,17709,33
485,17710,34
485,17711,35
485,17712,36
485,17713,37
485,17714,38
485,17715,39
485,17716,40
485,17717,41
485,17718,42
485,17719,43
485,17720,44
486,17721,0
486,17722,1
486,17723,2
486,17724,3
486,17725,4
486,17726,5
486,17727,6
486,17728,7
486,17729,8
486,17730,9
486,17731,10
486,17732,11
486,17733,12
486,17734,13
486,17735,14
486,17736,15
486,17737,16
486,17738,17
486,17739,18
486,17740,19
486,17741,20
486,17742,21
486,17743,22
487,17744,0
487,17745,1
487,17746,2
487,17747,3
487,17748,4
487,17749,5
487,17750,6
487,17751,7
487,17752,8
487,17753,9
487,17754,10
487,17755,11
487,17756,12
487,17757,13
487,17758,14
487,17759,15
487,17760,16
487,17761,17
487,17762,18
487,17763,19
487,17764,20
488,17765,0
488,17766,1
488,17767,2
488,17768,3
488,17769,4
488,17770,5
488,17771,6
488,17772,7
488,17773,8
488,17774,9
488,17775,10
488,17776,11
489,17777,0
489,17778,1
489,17779,2
489,17780,3
489,17781,4
489,17782,5
489,17783,6
489,17784,7
489,17785,8
489,17786,9
489,17787,10
489,17788,11
490,17789,1
490,17790,2
490,17791,3
490,17792,4
490,17793,5
490,17794,6
490,17795,7
490,17796,8
490,17797,9
490,17798,10
490,17799,11
490,17800,12
490,17801,13
490,17802,14
490,17803,15
490,17804,16
490,17805,17
490,17806,18
490,17807,19
490,17808,20
490,17809,21
490,17810,22
490,17811,23
490,17812,24
490,17813,25
490,17814,26
490,17815,27
490,17816,28
490,17817,29
490,17818,30
490,17819,31
490,17820,32
490,17821,33
490,17822,34
490,17823,35
490,17824,36
490,17825,37
490,17826,38
490,17827,39
490,17828,40
490,17829,41
490,17830,42
490,17831,43
490,17832,44
490,17833,45
490,17834,46
490,17835,47
490,17836,48
490,17837,49
490,17838,50
490,17839,51
490,17840,52
490,17841,53
490,17842,54
490,17843,55
490,17844,56
490,17845,57
491,17846,1
491,17847,2
491,17848,3
491,17849,4
491,17850,5
491,17851,6
491,17852,7
491,17853,8
491,17854,9
491,17855,10
491,17856,11
491,17857,12
491,17858,13
491,17859,14
491,17860,15
491,17861,16
491,17862,17
491,17863,18
491,17864,19
491,17865,20
491,17866,21
491,17867,22
491,17868,23
491,17869,24
491,17870,25
491,17871,26
491,17872,27
491,17873,28
491,17874,29
491,17875,30
491,17876,31
491,17877,32
491,17878,33
491,17879,34
491,17880,35
491,17881,36
491,17882,37
491,17883,38
491,17884,39
491,17885,40
491,17886,41
491,17887,42
491,17888,43
491,17889,44
491,17890,45
491,17891,46
491,17892,47
491,17893,48
491,17894,49
491,17895,50
491,17896,51
491,17897,52
491,17898,53
491,17899,54
491,17900,55
491,17901,56
491,17902,57
491,17903,58
491,17904,59
492,17905,1
492,17906,2
492,17907,3
492,17908,4
492,17909,5
492,17910,6
492,17911,7
492,17912,8
492,17913,9
492,17914,10
492,17915,11
492,17916,12
492,17917,13
492,17918,14
492,17919,15
492,17920,16
492,17921,17
492,17922,18
492,17923,19
492,17924,20
492,17925,21
492,17926,22
492,17927,23
492,17928,24
492,17929,25
492,17930,26
492,17931,27
492,17932,28
492,17933,29
492,17934,30
492,17935,31
492,17936,32
492,17937,33
492,17938,34
492,17939,35
492,17940,36
492,17941,37
492,17942,38
492,17943,39
492,17944,40
492,17945,41
492,17946,42
492,17947,43
492,17948,44
492,17949,45
492,17950,46
492,17951,47
492,17952,48
492,17953,49
492,17954,50
492,17955,51
492,17956,52
492,17957,53
492,17958,54
492,17959,55
492,17960,56
492,17961,57
492,17962,58
492,17963,59
492,17964,60
492,17965,61
492,17966,62
492,17967,63
492,17968,64
492,17969,65
492,17970,66
492,17971,67
492,17972,68
492,17973,69
492,17974,70
492,17975,71
492,17976,72
492,17977,73
492,17978,74
492,17979,75
492,17980,76
492,17981,77
493,17982,1
493,17983,2
493,17984,3
493,17985,4
493,17986,5
493,17987,6
493,17988,7
493,17989,8
493,17990,9
493,17991,10
493,17992,11
493,17993,12
493,17994,13
493,17995,14
493,17996,15
493,17997,16
493,17998,17
493,17999,18
493,18000,19
493,18001,20
493,18002,21
493,18003,22
493,18004,23
493,18005,24
493,18006,25
493,18007,26
493,18008,27
493,18009,28
493,18010,29
493,18011,30
493,18012,31
493,18013,32
493,18014,33
493,18015,34
493,18016,35
493,18017,36
493,18018,37
493,18019,38
493,18020,39
493,18021,40
493,18022,41
493,18023,42
493,18024,43
493,18025,44
493,18026,45
493,18027,46
493,18028,47
493,18029,48
493,18030,49
493,18031,50
493,18032,51
493,18033,52
493,18034,53
493,18035,54
493,18036,55
493,18037,56
493,18038,57
493,18039,58
493,18040,59
493,18041,60
493,18042,61
493,18043,62
493,18044,63
493,18045,64
493,18046,65
493,18047,66
493,18048,67
493,18049,68
493,18050,69
493,18051,70
493,18052,71
493,18053,72
493,18054,73
493,18055,74
493,18056,75
493,18057,76
494,18058,0
494,18059,1
494,18060,2
494,18061,3
494,18062,4
494,18063,5
494,18064,6
494,18065,7
494,18066,8
494,18067,9
494,18068,10
494,18069,11
494,18070,12
494,18071,13
494,18072,14
494,18073,15
494,18074,16
494,18075,17
494,18076,18
494,18077,19
494,18078,20
494,18079,21
494,18080,22
494,18081,23
494,18082,24
494,18083,25
494,18084,26
494,18085,27
494,18086,28
494,18087,29
494,18088,30
494,18089,31
494,18090,32
494,18091,33
494,18092,34
494,18093,35
494,18094,36
494,18095,37
495,18096,0
495,18097,1
495,18098,2
495,18099,3
495,18100,4
495,18101,5
495,18102,6
495,18103,7
495,18104,8
495,18105,9
495,18106,10
495,18107,11
495,18108,12
495,18109,13
495,18110,14
495,18111,15
495,18112,16
495,18113,17
495,18114,18
495,18115,19
495,18116,20
495,18117,21
495,18118,22
495,18119,23
495,18120,24
495,18121,25
495,18122,26
495,18123,27
495,18124,28
495,18125,29
495,18126,30
495,18127,31
495,18128,32
495,18129,33
495,18130,34
495,18131,35
496,18132,0
496,18133,1
496,18134,2
496,18135,3
496,18136,4
496,18137,5
496,18138,6
496,18139,7
496,18140,8
496,18141,9
496,18142,10
496,18143,11
496,18144,12
496,18145,13
496,18146,14
496,18147,15
496,18148,16
496,18149,17
496,18150,18
496,18151,19
496,18152,20
496,18153,21
496,18154,22
496,18155,23
496,18156,24
496,18157,25
496,18158,26
496,18159,27
496,18160,28
496,18161,29
496,18162,30
496,18163,31
496,18164,32
496,18165,33
496,18166,34
496,18167,35
496,18168,36
496,18169,37
496,18170,38
496,18171,39
496,18172,40
496,18173,41
496,18174,42
496,18175,43
496,18176,44
496,18177,45
496,18178,46
496,18179,47
496,18180,48
496,18181,49
496,18182,50
496,18183,51
496,18184,52
496,18185,53
496,18186,54
496,18187,55
496,18188,56
496,18189,57
497,18190,0
497,18191,1
497,18192,2
497,18193,3
497,18194,4
497,18195,5
497,18196,6
497,18197,7
497,18198,8
497,18199,9
497,18200,10
497,18201,11
497,18202,12
497,18203,13
497,18204,14
497,18205,15
497,18206,16
497,18207,17
497,18208,18
497,18209,19
497,18210,20
497,18211,21
497,18212,22
497,18213,23
497,18214,24
497,18215,25
497,18216,26
497,18217,27
497,18218,28
497,18219,29
497,18220,30
497,18221,31
497,18222,32
497,18223,33
497,18224,34
497,18225,35
497,18226,36
497,18227,37
497,18228,38
497,18229,39
497,18230,40
497,18231,41
497,18232,42
497,18233,43
497,18234,44
497,18235,45
497,18236,46
497,18237,47
497,18238,48
497,18239,49
497,18240,50
497,18241,51
497,18242,52
497,18243,53
497,18244,54
497,18245,55
497,18246,56
497,18247,57
497,18248,58
498,18249,0
498,18250,1
498,18251,2
498,18252,3
498,18253,4
498,18254,5
498,18255,6
498,18256,7
498,18257,8
498,18258,9
498,18259,10
498,18260,11
498,18261,12
498,18262,13
498,18263,14
498,18264,15
498,18265,16
498,18266,17
498,18267,18
498,18268,19
498,18269,20
498,18270,21
498,18271,22
498,18272,23
498,18273,24
498,18274,25
498,18275,26
499,18276,0
499,18277,1
499,18278,2
499,18279,3
499,18280,4
499,18281,5
499,18282,6
499,18283,7
499,18284,8
499,18285,9
499,18286,10
499,18287,11
499,18288,12
499,18289,13
499,18290,14
499,18291,15
499,18292,16
499,18293,17
499,18294,18
499,18295,19
499,18296,20
499,18297,21
499,18298,22
499,18299,23
499,18300,24
499,18301,25
499,18302,26
500,18303,1
500,18304,2
500,18305,3
500,18306,4
500,18307,5
500,18308,6
500,18309,7
500,18310,8
500,18311,9
500,18312,10
500,18313,11
500,18314,12
500,18315,13
500,18316,14
500,18317,15
500,18318,16
500,18319,17
500,18320,18
500,18321,19
500,18322,20
500,18323,21
500,18324,22
500,18325,23
500,18326,24
500,18327,25
500,18328,26
500,18329,27
500,18330,28
500,18331,29
500,18332,30
500,18333,31
500,18334,32
500,18335,33
500,18336,34
500,18337,35
500,18338,36
500,18339,37
500,18340,38
500,18341,39
501,18342,1
501,18343,2
501,18344,3
501,18345,4
501,18346,5
501,18347,6
501,18348,7
501,18349,8
501,18350,9
501,18351,10
501,18352,11
501,18353,12
501,18354,13
501,18355,14
501,18356,15
501,18357,16
501,18358,17
501,18359,18
501,18360,19
501,18361,20
501,18362,21
501,18363,22
501,18364,23
501,18365,24
501,18366,25
501,18367,26
501,18368,27
501,18369,28
501,18370,29
501,18371,30
501,18372,31
501,18373,32
501,18374,33
501,18375,34
501,18376,35
501,18377,36
501,18378,37
501,18379,38
501,18380,39
502,18381,0
502,18382,1
502,18383,2
502,18384,3
502,18385,4
502,18386,5
502,18387,6
502,18388,7
502,18389,8
502,18390,9
502,18391,10
502,18392,11
502,18393,12
502,18394,13
502,18395,14
502,18396,15
502,18397,16
502,18398,17
502,18399,18
502,18400,19
502,18401,20
502,18402,21
502,18403,22
502,18404,23
502,18405,24
502,18406,25
502,18407,26
502,18408,27
502,18409,28
502,18410,29
502,18411,30
502,18412,31
502,18413,32
502,18414,33
502,18415,34
502,18416,35
502,18417,36
502,18418,37
502,18419,38
502,18420,40
502,18421,41
502,18422,42
502,18423,43
502,18424,44
502,18425,45
502,18426,46
502,18427,47
502,18428,48
502,18429,49
502,18430,50
502,18431,51
502,18432,52
502,18433,53
502,18434,54
502,18435,55
502,18436,56
502,18437,57
502,18438,58
502,18439,59
502,18440,60
503,18441,0
503,18442,1
503,18443,2
503,18444,3
503,18445,4
503,18446,5
503,18447,6
503,18448,7
503,18449,8
503,18450,9
503,18451,10
503,18452,11
503,18453,12
503,18454,13
503,18455,14
503,18456,15
503,18457,16
503,18458,17
503,18459,18
503,18460,19
503,18461,20
503,18462,21
503,18463,22
503,18464,23
503,18465,24
503,18466,25
503,18467,26
503,18468,27
503,18469,28
503,18470,29
503,18471,30
503,18472,31
503,18473,32
503,18474,33
503,18475,34
503,18476,35
503,18477,36
503,18478,37
503,18479,38
503,18480,39
503,18481,40
503,18482,41
503,18483,42
503,18484,43
503,18485,44
503,18486,45
503,18487,46
503,18488,47
503,18489,48
503,18490,49
503,18491,50
503,18492,51
503,18493,52
503,18494,53
503,18495,54
503,18496,55
503,18497,56
503,18498,57
504,18499,1
504,18500,2
504,18501,3
504,18502,4
504,18503,5
504,18504,6
504,18505,7
504,18506,8
504,18507,9
504,18508,10
504,18509,11
504,18510,12
504,18511,13
504,18512,14
504,18513,15
504,18514,16
504,18515,17
504,18516,18
504,18517,19
504,18518,20
504,18519,21
504,18520,22
504,18521,23
504,18522,24
504,18523,25
504,18524,26
504,18525,27
504,18526,28
504,18527,29
504,18528,30
504,18529,31
504,18530,32
505,18531,1
505,18532,2
505,18533,3
505,18534,4
505,18535,5
505,18536,6
505,18537,7
505,18538,8
505,18539,9
505,18540,10
505,18541,11
505,18542,12
505,18543,13
505,18544,14
505,18545,15
505,18546,16
505,18547,17
505,18548,18
505,18549,19
505,18550,20
505,18551,21
505,18552,22
505,18553,23
505,18554,24
505,18555,25
505,18556,26
505,18557,27
505,18558,28
505,18559,29
505,18560,30
505,18561,31
505,18562,32
506,18563,0
506,18564,1
506,18565,2
506,18566,3
506,18567,4
506,18568,5
506,18569,6
506,18570,7
506,18571,8
506,18572,9
506,18573,10
506,18574,11
506,18575,12
506,18576,13
506,18577,14
506,18578,15
506,18579,16
506,18580,17
506,18581,18
506,18582,19
506,18583,20
506,18584,21
506,18585,22
506,18586,23
506,18587,24
506,18588,25
506,18589,26
506,18590,27
506,18591,28
506,18592,29
506,18593,30
506,18594,31
506,18595,32
506,18596,33
506,18597,34
506,18598,35
506,18599,36
506,18600,37
506,18601,38
506,18602,39
506,18603,40
506,18604,41
506,18605,42
506,18606,43
506,18607,44
506,18608,45
506,18609,46
506,18610,47
506,18611,48
506,18612,49
506,18613,50
506,18614,51
506,18615,52
506,18616,53
506,18617,54
506,18618,55
506,18619,57
506,18620,58
506,18621,59
506,18622,60
506,18623,61
506,18624,62
506,18625,63
506,18626,64
506,18627,65
506,18628,66
506,18629,67
506,18630,68
506,18631,69
506,18632,70
506,18633,71
506,18634,72
506,18635,73
506,18636,74
507,18637,0
507,18638,1
507,18639,2
507,18640,3
507,18641,4
507,18642,5
507,18643,6
507,18644,7
507,18645,8
507,18646,9
507,18647,10
507,18648,11
507,18649,12
507,18650,13
507,18651,14
507,18652,15
507,18653,16
507,18654,17
507,18655,18
507,18656,20
507,18657,21
507,18658,22
507,18659,23
507,18660,24
507,18661,25
507,18662,26
507,18663,27
507,18664,28
507,18665,29
507,18666,30
507,18667,31
507,18668,32
507,18669,33
507,18670,34
507,18671,35
507,18672,36
507,18673,37
507,18674,38
507,18675,39
507,18676,40
507,18677,41
507,18678,42
507,18679,43
507,18680,44
507,18681,45
507,18682,46
507,18683,47
507,18684,48
507,18685,49
507,18686,50
507,18687,51
507,18688,52
507,18689,53
507,18690,54
507,18691,55
507,18692,56
507,18693,57
507,18694,58
507,18695,59
507,18696,60
507,18697,61
507,18698,62
507,18699,63
507,18700,64
507,18701,65
507,18702,66
507,18703,67
507,18704,68
508,18716,0
508,18705,1
508,18706,2
508,18707,3
508,18708,4
508,18709,5
508,18710,6
508,18711,7
508,18712,8
508,18713,9
508,18714,10
508,18715,11
508,18717,13
508,18718,14
508,18719,15
508,18720,16
508,18721,17
508,18722,18
508,18723,19
508,18724,20
508,18725,21
508,18726,22
508,18727,23
508,18728,24
508,18729,25
508,18730,26
508,18731,27
508,18732,28
508,18733,29
508,18734,30
508,18735,31
508,18736,32
508,18737,33
508,18738,34
508,18739,35
508,18740,36
508,18741,37
508,18742,38
508,18743,39
508,18744,40
508,18745,41
508,18746,42
508,18747,43
508,18748,44
508,18749,45
508,18750,46
509,18751,0
509,18752,1
509,18753,2
509,18754,3
509,18755,4
509,18756,5
509,18757,6
509,18758,7
509,18759,8
509,18760,9
509,18761,10
509,18762,11
509,18763,12
509,18764,13
509,18765,14
509,18766,15
509,18767,16
509,18768,17
509,18769,18
509,18770,19
509,18771,20
509,18772,21
509,18773,22
509,18774,23
509,18775,24
509,18776,25
509,18777,26
509,18778,27
509,18779,28
509,18780,29
509,18781,30
509,18782,31
509,18783,32
509,18784,33
509,18785,34
509,18786,35
509,18787,36
509,18788,37
509,18789,38
509,18790,39
509,18791,40
509,18792,41
509,18793,42
509,18794,43
509,18795,44
509,18796,45
510,18797,0
510,18798,1
510,18799,2
510,18800,3
510,18801,4
510,18802,5
510,18803,6
510,18804,7
510,18805,8
510,18806,9
510,18807,10
510,18808,11
510,18809,12
510,18810,13
510,18811,14
510,18812,15
510,18813,16
510,18814,17
510,18815,18
510,18816,19
510,18817,20
510,18818,21
510,18819,22
510,18820,23
510,18821,24
510,18822,25
510,18823,26
510,18824,27
510,18825,28
510,18826,29
510,18827,30
510,18828,31
510,18829,32
510,18830,33
510,18831,34
510,18832,35
510,18833,36
510,18834,37
510,18835,38
510,18836,39
510,18837,40
510,18838,41
510,18839,42
510,18840,43
510,18841,44
510,18842,45
510,18843,46
511,18844,1
511,18845,2
511,18846,3
511,18847,4
511,18848,5
511,18849,6
511,18850,7
511,18851,8
511,18852,9
511,18853,10
511,18854,11
511,18855,12
511,18856,13
511,18857,14
511,18858,15
511,18859,16
511,18860,17
511,18861,18
511,18862,19
511,18863,20
511,18864,21
511,18865,22
511,18866,23
511,18867,24
511,18868,25
511,18869,26
511,18870,27
511,18871,28
511,18872,29
511,18873,30
511,18874,31
511,18875,32
511,18876,33
511,18877,34
511,18878,35
511,18879,36
511,18880,37
511,18881,38
511,18882,39
511,18883,40
511,18884,41
511,18885,42
511,18886,43
511,18887,44
511,18888,45
511,18889,46
511,18890,47
512,18891,0
512,18892,1
512,18893,2
512,18894,3
512,18895,4
512,18896,5
512,18897,6
512,18898,7
512,18899,8
512,18900,9
512,18901,10
512,18902,11
512,18903,12
512,18904,13
512,18905,14
512,18906,15
512,18907,16
512,18908,17
512,18909,18
512,18910,19
512,18911,20
512,18912,21
512,18913,22
512,18914,23
512,18915,24
512,18916,25
512,18917,26
512,18918,27
512,18919,28
512,18920,29
512,18921,30
512,18922,31
512,18923,32
512,18924,33
512,18925,34
512,18926,35
512,18927,36
512,18928,37
512,18929,38
513,18930,0
513,18931,1
513,18932,2
513,18933,3
513,18934,4
513,18935,5
513,18936,6
513,18937,7
513,18938,8
513,18939,9
513,18940,10
513,18941,11
513,18942,12
513,18943,13
513,18944,14
513,18945,15
513,18946,16
513,18947,17
513,18948,18
513,18949,19
513,18950,20
513,18951,21
513,18952,22
513,18953,23
513,18954,24
513,18955,25
513,18956,26
513,18957,27
513,18958,28
513,18959,29
513,18960,30
513,18961,31
513,18962,32
513,18963,33
513,18964,34
513,18965,35
513,18966,36
513,18967,37
514,18968,0
514,18969,1
514,18970,2
514,18971,3
514,18972,4
514,18973,5
514,18974,6
514,18975,7
514,18976,8
514,18977,9
514,18978,10
514,18979,11
514,18980,12
514,18981,13
514,18982,14
514,18983,15
514,18984,16
514,18985,17
515,18986,0
515,18987,1
515,18988,2
515,18989,3
515,18990,4
515,18991,5
515,18992,6
515,18993,7
515,18994,8
515,18995,9
515,18996,10
515,18997,11
515,18998,12
515,18999,13
515,19000,14
515,19001,15
515,19002,16
515,19003,17
516,19004,0
516,19005,1
516,19006,2
516,19007,3
516,19008,4
516,19009,5
516,19010,6
516,19011,7
516,19012,8
516,19013,9
516,19014,10
516,19015,11
516,19016,12
516,19017,13
516,19018,14
516,19019,15
516,19020,16
516,19021,17
516,19022,18
516,19023,19
516,19024,20
516,19025,21
516,19026,22
516,19027,23
516,19028,24
516,19029,25
516,19030,26
516,19031,27
516,19032,28
516,19033,29
516,19034,30
516,19035,31
516,19036,32
516,19037,33
516,19038,34
516,19039,35
516,19040,36
516,19041,37
516,19042,38
516,19043,39
516,19044,40
516,19045,41
516,19046,42
516,19047,43
516,19048,44
516,19049,45
516,19050,46
516,19051,47
516,19052,48
516,19053,49
516,19054,50
516,19055,51
516,19056,52
516,19057,53
516,19058,54
516,19059,55
516,19060,56
516,19061,57
516,19062,58
516,19063,59
517,19064,0
517,19065,1
517,19066,2
517,19067,3
517,19068,4
517,19069,5
517,19070,6
517,19071,7
517,19072,8
517,19073,9
517,19074,10
517,19075,11
517,19076,12
517,19077,13
517,19078,14
517,19079,15
517,19080,16
517,19081,17
517,19082,18
517,19083,19
517,19084,20
517,19085,21
517,19086,22
517,19087,23
517,19088,24
517,19089,25
517,19090,26
517,19091,27
517,19092,28
517,19093,29
517,19094,30
517,19095,31
517,19096,32
517,19097,33
517,19098,34
517,19099,35
517,19100,36
517,19101,37
517,19102,38
517,19103,39
517,19104,40
517,19105,41
517,19106,42
517,19107,43
517,19108,44
517,19109,45
517,19110,46
517,19111,47
517,19112,48
517,19113,49
517,19114,50
517,19115,51
517,19116,52
517,19117,53
517,19118,54
517,19119,55
517,19120,56
517,19121,57
517,19122,58
517,19123,59
518,19124,0
518,19125,1
518,19126,2
518,19127,3
518,19128,4
518,19129,5
518,19130,6
518,19131,7
518,19132,8
518,19133,9
518,19134,10
518,19135,11
518,19136,12
518,19137,13
518,19138,14
518,19139,15
518,19140,16
518,19141,17
518,19142,18
518,19143,19
518,19144,20
518,19145,21
518,19146,22
518,19147,23
518,19148,24
518,19149,25
518,19150,26
518,19151,27
518,19152,28
518,19153,29
518,19154,30
518,19155,31
518,19156,32
518,19157,33
518,19158,34
518,19159,35
518,19160,36
518,19161,37
518,19162,38
518,19163,39
518,19164,40
518,19165,41
518,19166,42
518,19167,43
518,19168,44
518,19169,45
518,19170,46
518,19171,47
518,19172,48
518,19173,49
518,19174,50
518,19175,51
518,19176,52
518,19177,53
518,19178,54
518,19179,55
518,19180,56
518,19181,57
518,19182,58
518,19183,59
518,19184,60
518,19185,61
518,19186,62
519,19187,0
519,19188,1
519,19189,2
519,19190,3
519,19191,4
519,19192,5
519,19193,6
519,19194,7
519,19195,8
519,19196,9
519,19197,10
519,19198,11
519,19199,12
519,19200,13
519,19201,14
519,19202,15
519,19203,16
519,19204,17
519,19205,18
519,19206,19
519,19207,20
519,19208,21
519,19209,22
519,19210,23
519,19211,24
519,19212,25
519,19213,26
519,19214,27
519,19215,28
519,19216,29
519,19217,30
519,19218,31
519,19219,32
519,19220,33
519,19221,34
519,19222,35
519,19223,36
519,19224,37
519,19225,38
519,19226,39
519,19227,40
519,19228,41
519,19229,42
519,19230,43
519,19231,44
519,19232,45
519,19233,46
519,19234,47
519,19235,48
519,19236,49
519,19237,50
519,19238,51
519,19239,52
519,19240,53
519,19241,54
519,19242,55
519,19243,56
519,19244,57
519,19245,58
519,19246,59
519,19247,60
519,19248,61
519,19249,62
519,19250,63
520,19251,0
520,19252,1
520,19253,2
520,19254,3
520,19255,4
520,19256,5
520,19257,6
520,19258,7
520,19259,8
520,19260,9
520,19261,10
520,19262,11
520,19263,12
520,19264,13
520,19265,14
520,19266,15
520,19267,16
520,19268,17
520,19269,18
520,19270,19
520,19271,20
520,19272,21
520,19273,22
520,19274,23
520,19275,24
520,19276,25
520,19277,26
520,19278,27
520,19279,28
520,19280,29
520,19281,30
520,19282,31
520,19283,32
520,19284,33
520,19285,34
520,19286,35
520,19287,36
520,19288,37
520,19289,38
520,19290,39
520,19291,40
520,19292,41
520,19293,42
520,19294,43
520,19295,44
520,19296,45
520,19297,46
520,19298,47
520,19299,48
520,19300,49
520,19301,50
520,19302,51
520,19303,52
520,19304,53
520,19305,54
520,19306,55
520,19307,56
520,19308,57
520,19309,58
520,19310,59
520,19311,60
520,19312,61
521,19313,0
521,19314,1
521,19315,2
521,19316,3
521,19317,4
521,19318,5
521,19319,6
521,19320,7
521,19321,8
521,19322,9
521,19323,10
521,19324,11
521,19325,12
521,19326,13
521,19327,14
521,19328,15
521,19329,16
521,19330,17
521,19331,18
521,19332,19
521,19333,20
521,19334,21
521,19335,22
521,19336,23
521,19337,24
521,19338,25
521,19339,26
521,19340,27
521,19341,28
521,19342,29
521,19343,30
521,19344,31
521,19345,32
521,19346,33
521,19347,34
521,19348,35
521,19349,36
521,19350,37
521,19351,38
521,19352,39
521,19353,40
521,19354,41
521,19355,42
521,19356,43
521,19357,44
521,19358,45
521,19359,46
521,19360,47
521,19361,48
521,19362,49
521,19363,50
521,19364,51
521,19365,52
521,19366,53
521,19367,54
521,19368,55
521,19369,56
521,19370,57
521,19371,58
521,19372,59
521,19373,60
521,19374,61
521,19375,62
522,19376,0
522,19377,1
522,19378,2
522,19379,3
522,19380,4
522,19381,5
522,19382,6
522,19383,7
522,19384,8
522,19385,9
522,19386,10
522,19387,11
522,19388,12
522,19389,13
522,19390,14
522,19391,15
522,19392,16
522,19393,17
522,19394,18
522,19395,19
522,19396,20
522,19397,21
522,19398,22
522,19399,23
522,19400,24
523,19401,0
523,19402,1
523,19403,2
523,19404,3
523,19405,4
523,19406,5
523,19407,6
523,19408,7
523,19409,8
523,19410,9
523,19411,10
523,19412,11
523,19413,12
523,19414,13
523,19415,14
523,19416,15
523,19417,16
523,19418,17
523,19419,18
523,19420,19
523,19421,20
523,19422,21
523,19423,22
523,19424,23
523,19425,24
524,19426,0
524,19427,1
524,19428,2
524,19429,3
524,19430,4
524,19431,5
524,19432,6
524,19433,7
524,19434,8
524,19435,9
524,19436,10
524,19437,11
524,19438,12
524,19439,13
524,19440,14
524,19441,15
524,19442,16
524,19443,17
524,19444,18
524,19445,19
524,19446,20
524,19447,21
524,19448,22
524,19449,23
524,19450,24
524,19451,25
524,19452,26
524,19453,27
524,19454,28
524,19455,29
524,19456,30
524,19457,31
524,19458,32
524,19459,33
524,19460,34
524,19461,35
524,19462,36
524,19463,37
524,19464,38
524,19465,39
524,19466,40
524,19467,41
524,19468,42
524,19469,43
524,19470,44
524,19471,45
524,19472,46
524,19473,47
524,19474,48
524,19475,49
524,19476,50
524,19477,51
524,19478,52
524,19479,53
524,19480,54
524,19481,55
524,19482,56
524,19483,57
524,19484,58
524,19485,59
524,19486,60
524,19487,61
524,19488,62
524,19489,63
524,19490,64
524,19491,65
524,19492,66
524,19493,67
524,19494,68
524,19495,69
524,19496,70
525,19497,0
525,19498,1
525,19499,2
525,19500,3
525,19501,4
525,19502,5
525,19503,6
525,19504,7
525,19505,8
525,19506,9
525,19507,10
525,19508,11
525,19509,12
525,19510,13
525,19511,14
525,19512,15
525,19513,16
525,19514,17
525,19515,18
525,19516,19
525,19517,20
525,19518,21
525,19519,22
525,19520,23
525,19521,24
525,19522,25
525,19523,26
525,19524,27
525,19525,28
525,19526,29
525,19527,30
525,19528,31
525,19529,32
525,19530,33
525,19531,34
525,19532,35
525,19533,36
525,19534,37
525,19535,38
525,19536,39
525,19537,40
525,19538,41
525,19539,42
525,19540,43
525,19541,44
525,19542,45
525,19543,46
525,19544,47
525,19545,48
525,19546,49
525,19547,50
525,19548,51
525,19549,52
525,19550,53
525,19551,54
525,19552,55
525,19553,56
525,19554,57
525,19555,58
525,19556,59
525,19557,60
525,19558,61
525,19559,62
525,19560,63
525,19561,64
525,19562,65
525,19563,66
525,19564,67
525,19565,68
525,19566,69
525,19567,70
526,19568,0
526,19569,1
526,19570,2
526,19571,3
526,19572,4
526,19573,5
526,19574,6
526,19575,7
526,19576,8
526,19577,9
526,19578,10
526,19579,11
526,19580,12
526,19581,13
526,19582,14
526,19583,15
526,19584,16
526,19585,17
526,19586,18
526,19587,19
526,19588,20
526,19589,21
526,19590,22
526,19591,23
526,19592,24
526,19593,25
526,19594,26
526,19595,27
526,19596,28
526,19597,29
526,19598,30
526,19599,31
526,19600,32
526,19601,33
526,19602,34
526,19603,35
526,19604,36
526,19605,37
526,19606,38
526,19607,39
526,19608,40
527,19609,0
527,19610,1
527,19611,2
527,19612,3
527,19613,4
527,19614,5
527,19615,6
527,19616,7
527,19617,8
527,19618,9
527,19619,10
527,19620,11
527,19621,12
527,19622,13
527,19623,14
527,19624,15
527,19625,16
527,19626,17
527,19627,18
527,19628,19
527,19629,20
527,19630,21
527,19631,22
527,19632,23
527,19633,24
527,19634,25
527,19635,26
527,19636,27
527,19637,28
527,19638,29
527,19639,30
527,19640,31
527,19641,32
527,19642,33
527,19643,34
527,19644,35
527,19645,36
527,19646,37
527,19647,38
527,19648,39
527,19649,40
528,19650,0
528,19651,1
528,19652,2
528,19653,3
528,19654,4
528,19655,5
528,19656,6
528,19657,7
528,19658,8
528,19659,9
528,19660,10
528,19661,11
528,19662,12
528,19663,13
528,19664,14
528,19665,15
528,19666,16
528,19667,17
528,19668,18
528,19669,19
528,19670,20
528,19671,21
528,19672,22
528,19673,23
528,19674,24
528,19675,25
528,19676,26
528,19677,27
528,19678,28
528,19679,29
528,19680,30
528,19681,31
528,19682,32
528,19683,33
528,19684,34
528,19685,35
528,19686,36
528,19687,37
528,19688,38
528,19689,39
528,19690,40
528,19691,41
528,19692,42
528,19693,43
528,19694,44
528,19695,45
528,19696,46
528,19697,47
528,19698,48
528,19699,49
528,19700,50
528,19701,51
528,19702,52
528,19703,53
528,19704,54
528,19705,55
528,19706,56
528,19707,57
528,19708,58
528,19709,59
528,19710,60
529,19711,0
529,19712,1
529,19713,2
529,19714,3
529,19715,4
529,19716,5
529,19717,6
529,19718,7
529,19719,8
529,19720,9
529,19721,10
529,19722,11
529,19723,12
529,19724,13
529,19725,14
529,19726,15
529,19727,16
529,19728,17
529,19729,18
529,19730,19
529,19731,20
529,19732,21
529,19733,22
529,19734,23
529,19735,24
529,19736,25
529,19737,26
529,19738,27
529,19739,28
529,19740,29
529,19741,30
529,19742,31
529,19743,32
529,19744,33
529,19745,34
529,19746,35
529,19747,36
529,19748,37
529,19749,38
529,19750,39
529,19751,40
529,19752,41
529,19753,42
529,19754,43
529,19755,44
529,19756,45
529,19757,46
529,19758,47
529,19759,48
529,19760,49
529,19761,50
529,19762,51
529,19763,52
529,19764,53
529,19765,54
529,19766,55
529,19767,56
529,19768,57
529,19769,58
529,19770,59
529,19771,60
530,19772,0
530,19773,1
530,19774,2
530,19775,3
530,19776,4
530,19777,5
530,19778,6
530,19779,7
530,19780,8
530,19781,9
530,19782,10
530,19783,11
530,19784,12
530,19785,13
530,19786,14
530,19787,15
530,19788,16
530,19789,17
530,19790,18
531,19791,0
531,19792,1
531,19793,2
531,19794,3
531,19795,4
531,19796,5
531,19797,6
531,19798,7
531,19799,8
531,19800,9
531,19801,10
531,19802,11
531,19803,12
531,19804,13
531,19805,14
531,19806,15
531,19807,16
531,19808,17
531,19809,18
532,19810,0
532,19811,1
532,19812,2
532,19813,3
532,19814,4
532,19815,5
532,19816,6
532,19817,7
532,19818,8
532,19819,9
532,19820,10
532,19821,11
532,19822,13
532,19823,14
532,19824,15
532,19825,16
532,19826,17
532,19827,18
532,19828,19
532,19829,20
532,19830,21
532,19831,22
532,19832,23
532,19833,24
532,19834,25
532,19835,26
532,19836,27
532,19837,28
532,19838,29
533,19839,0
533,19840,1
533,19841,2
533,19842,3
533,19843,4
533,19844,5
533,19845,6
533,19846,7
533,19847,8
533,19848,9
533,19849,10
533,19850,11
533,19851,12
533,19852,13
533,19853,14
533,19854,15
533,19855,16
533,19856,17
533,19857,18
533,19858,20
533,19859,21
533,19860,22
533,19861,23
533,19862,24
533,19863,25
533,19864,26
533,19865,27
533,19866,28
533,19867,29
533,19868,30
534,19869,0
534,19870,1
534,19871,2
534,19872,3
534,19873,4
534,19874,5
534,19875,6
534,19876,7
534,19877,8
534,19878,9
534,19879,10
534,19880,11
534,19881,12
534,19882,13
534,19883,14
535,19884,0
535,19885,1
535,19886,2
535,19887,3
535,19888,4
535,19889,5
535,19890,6
535,19891,7
535,19892,8
535,19893,9
535,19894,10
535,19895,11
535,19896,12
535,19897,13
535,19898,14
536,19899,0
536,19900,1
536,19901,2
536,19902,3
536,19903,4
536,19904,5
536,19905,6
536,19906,7
536,19907,8
536,19908,9
536,19909,10
536,19910,11
536,19911,12
536,19912,13
536,19913,14
536,19914,15
536,19915,16
536,19916,17
536,19917,18
536,19918,19
536,19919,20
536,19920,21
536,19921,22
536,19922,23
536,19923,24
536,19924,25
536,19925,26
536,19926,27
536,19927,28
536,19928,29
536,19929,30
536,19930,31
536,19931,32
536,19932,33
536,19933,34
536,19934,35
536,19935,36
536,19936,37
536,19937,38
536,19938,39
536,19939,40
537,19940,0
537,19941,1
537,19942,2
537,19943,3
537,19944,4
537,19945,5
537,19946,6
537,19947,7
537,19948,8
537,19949,9
537,19950,10
537,19951,11
537,19952,12
537,19953,13
537,19954,14
537,19955,15
537,19956,16
537,19957,17
537,19958,18
537,19959,19
537,19960,20
537,19961,21
537,19962,22
537,19963,23
537,19964,24
537,19965,25
537,19966,26
537,19967,27
537,19968,28
537,19969,29
537,19970,30
537,19971,31
537,19972,32
537,19973,33
537,19974,34
537,19975,35
537,19976,36
537,19977,37
537,19978,38
537,19979,39
537,19980,40
537,19981,41
537,19982,42
538,19983,0
538,19984,1
538,19985,2
538,19986,3
538,19987,4
538,19988,5
538,19989,6
538,19990,7
538,19991,8
538,19992,9
538,19993,10
538,19994,11
538,19995,12
538,19996,13
538,19997,14
538,19998,15
538,19999,16
538,20000,17
538,20001,18
538,20002,19
538,20003,20
538,20004,21
538,20005,22
538,20006,23
538,20007,24
538,20008,25
538,20009,26
538,20010,27
538,20011,28
538,20012,29
538,20013,30
538,20014,31
538,20015,32
538,20016,33
538,20017,34
538,20018,35
538,20019,36
538,20020,37
538,20021,38
538,20022,39
538,20023,40
538,20024,41
538,20025,42
539,20026,0
539,20027,1
539,20028,2
539,20029,3
539,20030,4
539,20031,5
539,20032,6
539,20033,7
539,20034,8
539,20035,9
539,20036,10
539,20037,11
539,20038,12
539,20039,13
539,20040,14
539,20041,15
539,20042,16
539,20043,17
539,20044,18
539,20045,19
539,20046,20
539,20047,21
539,20048,22
539,20049,23
539,20050,24
539,20051,25
539,20052,26
539,20053,27
539,20054,28
539,20055,29
539,20056,30
539,20057,31
539,20058,32
539,20059,33
539,20060,34
539,20061,35
539,20062,36
539,20063,37
539,20064,38
539,20065,39
539,20066,40
539,20067,41
539,20068,42
540,20069,0
540,20070,1
540,20071,2
540,20072,3
540,20073,4
540,20074,5
540,20075,6
540,20076,7
540,20077,8
540,20078,9
540,20079,10
540,20080,11
540,20081,12
540,20082,13
540,20083,14
540,20084,15
540,20085,16
540,20086,17
540,20087,18
540,20088,19
540,20089,20
540,20090,21
540,20091,22
541,20092,0
541,20093,1
541,20094,2
541,20095,3
541,20096,4
541,20097,5
541,20098,6
541,20099,7
541,20100,8
541,20101,9
541,20102,10
541,20103,11
541,20104,12
541,20105,13
541,20106,14
541,20107,15
541,20108,16
541,20109,17
541,20110,18
541,20111,19
541,20112,20
541,20113,21
541,20114,22
542,20115,0
542,20116,1
542,20117,2
542,20118,3
542,20119,4
542,20120,5
542,20121,6
542,20122,7
542,20123,8
542,20124,9
542,20125,10
542,20126,11
542,20127,12
542,20128,13
542,20129,14
542,20130,15
542,20131,16
542,20132,17
542,20133,18
542,20134,19
542,20135,20
542,20136,21
542,20137,22
543,20138,0
543,20139,1
543,20140,2
543,20141,3
543,20142,4
543,20143,5
543,20144,6
543,20145,7
543,20146,8
543,20147,9
543,20148,10
543,20149,11
543,20150,12
543,20151,13
543,20152,14
543,20153,15
543,20154,16
543,20155,17
543,20156,18
543,20157,19
543,20158,20
543,20159,21
543,20160,22
543,20161,23
544,20162,1
544,20163,2
544,20164,3
544,20165,4
544,20166,5
544,20167,6
544,20168,7
544,20169,8
544,20170,9
544,20171,10
544,20172,11
544,20173,12
544,20174,13
544,20175,14
544,20176,15
544,20177,16
544,20178,17
544,20179,18
544,20180,19
544,20181,20
544,20182,21
544,20183,22
544,20184,23
544,20185,24
544,20186,25
544,20187,26
544,20188,27
544,20189,28
544,20190,29
544,20191,30
544,20192,31
544,20193,32
545,20194,1
545,20195,2
545,20196,3
545,20197,4
545,20198,5
545,20199,6
545,20200,7
545,20201,8
545,20202,9
545,20203,10
545,20204,11
545,20205,12
545,20206,13
545,20207,14
545,20208,15
545,20209,16
545,20210,17
545,20211,18
545,20212,19
545,20213,20
545,20214,21
545,20215,22
545,20216,23
545,20217,24
545,20218,25
545,20219,26
545,20220,27
545,20221,28
545,20222,29
545,20223,30
545,20224,31
545,20225,32
546,20226,0
546,20227,1
546,20228,2
546,20229,3
546,20230,4
546,20231,5
546,20232,6
546,20233,7
546,20234,8
546,20235,9
546,20236,10
546,20237,11
546,20238,12
546,20239,13
546,20240,14
546,20241,15
546,20242,16
546,20243,17
546,20244,18
546,20245,19
546,20246,20
546,20247,21
546,20248,22
546,20249,23
546,20250,24
546,20251,25
546,20252,26
546,20253,27
546,20254,28
546,20255,29
546,20256,30
546,20257,31
546,20258,32
546,20259,33
547,20260,0
547,20261,1
547,20262,2
547,20263,3
547,20264,4
547,20265,5
547,20266,6
547,20267,7
547,20268,8
547,20269,9
547,20270,10
547,20271,11
547,20272,12
547,20273,13
547,20274,14
547,20275,15
547,20276,16
547,20277,17
547,20278,18
547,20279,19
547,20280,20
547,20281,21
547,20282,22
547,20283,23
547,20284,24
547,20285,25
547,20286,26
547,20287,27
547,20288,28
547,20289,29
547,20290,30
547,20291,31
547,20292,32
547,20293,33
547,20294,34
547,20295,35
547,20296,36
547,20297,37
547,20298,38
548,20299,0
548,20300,1
548,20301,2
548,20302,3
548,20303,4
548,20304,5
548,20305,6
548,20306,7
548,20307,8
548,20308,9
548,20309,10
548,20310,11
548,20311,12
548,20312,13
548,20313,14
548,20314,15
548,20315,16
548,20316,17
548,20317,18
548,20318,19
548,20319,20
548,20320,21
548,20321,22
548,20322,23
548,20323,24
548,20324,25
548,20325,26
548,20326,27
548,20327,28
548,20328,29
548,20329,30
548,20330,31
548,20331,32
548,20332,33
548,20333,34
548,20334,35
548,20335,36
548,20336,37
549,20337,0
549,20338,1
549,20339,2
549,20340,3
549,20341,4
549,20342,5
549,20343,6
549,20344,7
549,20345,8
549,20346,9
549,20347,10
549,20348,11
549,20349,12
549,20350,13
549,20351,14
549,20352,15
550,20353,0
550,20354,1
550,20355,2
550,20356,3
550,20357,4
550,20358,5
550,20359,6
550,20360,7
550,20361,8
550,20362,9
550,20363,10
550,20364,11
550,20365,12
550,20366,13
550,20367,14
550,20368,15
551,20369,0
551,20370,1
551,20371,2
551,20372,3
551,20373,4
551,20374,5
551,20375,6
551,20376,7
551,20377,8
551,20378,9
551,20379,10
551,20380,11
551,20381,12
551,20382,13
551,20383,14
551,20384,15
551,20385,16
551,20386,17
551,20387,18
551,20388,19
551,20389,20
551,20390,21
551,20391,22
551,20392,23
551,20393,24
551,20394,25
551,20395,26
551,20396,27
551,20397,28
551,20398,29
551,20399,30
551,20400,31
551,20401,32
551,20402,33
551,20403,34
551,20404,35
551,20405,36
551,20406,37
551,20407,38
551,20408,39
551,20409,40
551,20410,41
551,20411,42
551,20412,43
551,20413,44
551,20414,45
551,20415,46
551,20416,47
551,20417,48
551,20418,49
551,20419,50
551,20420,51
551,20421,52
551,20422,53
551,20423,54
551,20424,55
551,20425,56
551,20426,57
551,20427,58
551,20428,59
551,20429,60
551,20430,61
551,20431,62
552,20432,0
552,20433,1
552,20434,2
552,20435,3
552,20436,4
552,20437,5
552,20438,6
552,20439,7
552,20440,8
552,20441,9
552,20442,10
552,20443,11
552,20444,12
552,20445,13
552,20446,14
552,20447,15
552,20448,16
552,20449,17
552,20450,18
552,20451,19
552,20452,20
552,20453,21
552,20454,22
552,20455,23
552,20456,24
552,20457,25
552,20458,26
552,20459,27
552,20460,28
552,20461,29
552,20462,30
552,20463,31
552,20464,32
552,20465,33
552,20466,34
552,20467,35
552,20468,36
552,20469,37
552,20470,38
552,20471,39
552,20472,40
552,20473,41
552,20474,42
552,20475,43
552,20476,44
552,20477,45
552,20478,46
552,20479,47
552,20480,48
552,20481,49
552,20482,50
552,20483,51
552,20484,52
552,20485,53
552,20486,54
552,20487,55
552,20488,56
552,20489,57
552,20490,58
552,20491,59
552,20492,60
552,20493,61
552,20494,62
552,20495,63
553,20496,0
553,20497,1
553,20498,2
553,20499,3
553,20500,4
553,20501,5
553,20502,6
553,20503,7
553,20504,8
553,20505,9
553,20506,10
553,20507,11
553,20508,12
553,20509,13
553,20510,14
553,20511,15
553,20512,16
553,20513,17
553,20514,18
553,20515,19
553,20516,20
553,20517,21
553,20518,22
553,20519,23
553,20520,24
553,20521,25
553,20522,26
553,20523,27
553,20524,28
553,20525,29
553,20526,30
553,20527,31
553,20528,32
553,20529,33
553,20530,34
553,20531,35
553,20532,36
553,20533,37
553,20534,38
553,20535,39
553,20536,40
553,20537,41
553,20538,42
553,20539,43
553,20540,44
553,20541,45
553,20542,46
553,20543,47
553,20544,48
553,20545,49
553,20546,50
553,20547,51
553,20548,52
553,20549,53
553,20550,54
553,20551,55
553,20552,56
553,20553,57
553,20554,58
553,20555,59
553,20556,60
553,20557,61
553,20558,62
553,20559,63
554,20560,0
554,20561,1
554,20562,2
554,20563,3
554,20564,4
554,20565,5
554,20566,6
554,20567,7
554,20568,8
554,20569,9
554,20570,10
554,20571,11
554,20572,12
554,20573,13
554,20574,14
554,20575,15
554,20576,16
554,20577,17
554,20578,18
554,20579,19
554,20580,20
554,20581,21
554,20582,22
554,20583,23
554,20584,24
554,20585,25
554,20586,26
554,20587,27
554,20588,28
554,20589,29
554,20590,30
554,20591,31
554,20592,32
554,20593,33
554,20594,34
554,20595,35
554,20596,36
554,20597,37
554,20598,38
554,20599,39
554,20600,40
554,20601,41
554,20602,42
554,20603,43
554,20604,44
554,20605,45
554,20606,46
554,20607,47
554,20608,48
554,20609,49
554,20610,50
554,20611,51
554,20612,52
554,20613,53
554,20614,54
554,20615,55
554,20616,56
554,20617,57
554,20618,58
554,20619,59
554,20620,60
554,20621,61
554,20622,62
554,20623,63
554,20624,64
554,20625,65
555,20626,0
555,20627,1
555,20628,2
555,20629,3
555,20630,4
555,20631,5
555,20632,6
555,20633,7
555,20634,8
555,20635,9
555,20636,10
555,20637,11
555,20638,12
555,20639,13
555,20640,14
555,20641,15
555,20642,16
555,20643,17
555,20644,18
555,20645,19
555,20646,20
555,20647,21
555,20648,22
555,20649,23
555,20650,24
555,20651,25
555,20652,26
555,20653,27
555,20654,28
555,20655,29
555,20656,30
555,20657,31
555,20658,32
555,20659,33
555,20660,34
555,20661,35
555,20662,36
555,20663,37
555,20664,38
555,20665,39
555,20666,40
555,20667,41
555,20668,42
555,20669,43
555,20670,44
555,20671,45
555,20672,46
555,20673,47
555,20674,48
555,20675,49
555,20676,50
555,20677,51
555,20678,52
555,20679,53
555,20680,54
555,20681,55
555,20682,56
555,20683,57
555,20684,58
555,20685,59
555,20686,60
555,20687,61
556,20688,0
556,20689,1
556,20690,2
556,20691,3
556,20692,4
556,20693,5
556,20694,6
556,20695,7
556,20696,8
556,20697,9
556,20698,10
556,20699,11
556,20700,12
556,20701,13
556,20702,14
556,20703,15
556,20704,16
556,20705,17
556,20706,18
556,20707,19
556,20708,20
556,20709,21
556,20710,22
556,20711,23
556,20712,24
556,20713,25
556,20714,26
556,20715,27
556,20716,28
556,20717,29
556,20718,30
556,20719,31
556,20720,32
556,20721,33
556,20722,34
556,20723,35
556,20724,36
556,20725,37
556,20726,38
556,20727,39
556,20728,40
556,20729,41
556,20730,42
556,20731,43
556,20732,44
556,20733,45
556,20734,46
556,20735,47
556,20736,48
556,20737,49
556,20738,50
556,20739,51
556,20740,52
556,20741,53
556,20742,54
556,20743,55
556,20744,56
556,20745,57
556,20746,58
556,20747,59
556,20748,60
556,20749,61
556,20750,62
556,20751,63
556,20752,64
557,20753,0
557,20754,1
557,20755,2
557,20756,3
557,20757,4
557,20758,5
557,20759,6
557,20760,7
557,20761,8
557,20762,9
557,20763,10
557,20764,11
557,20765,12
557,20766,13
557,20767,14
557,20768,15
557,20769,16
557,20770,17
557,20771,18
557,20772,19
557,20773,20
557,20774,21
557,20775,22
557,20776,23
557,20777,24
557,20778,25
557,20779,26
557,20780,27
557,20781,28
557,20782,29
557,20783,30
557,20784,31
557,20785,32
557,20786,33
557,20787,34
557,20788,35
557,20789,36
557,20790,37
557,20791,38
557,20792,39
557,20793,40
557,20794,41
557,20795,42
557,20796,43
557,20797,44
557,20798,45
557,20799,46
557,20800,47
557,20801,48
557,20802,49
557,20803,50
557,20804,51
557,20805,52
557,20806,53
557,20807,54
557,20808,55
557,20809,56
557,20810,57
557,20811,58
557,20812,59
557,20813,60
557,20814,61
557,20815,62
557,20816,63
557,20817,64
558,20818,0
558,20819,1
558,20820,2
558,20821,3
558,20822,4
558,20823,5
558,20824,6
558,20825,7
558,20826,8
558,20827,9
558,20828,10
558,20829,11
558,20830,12
558,20831,13
558,20832,14
558,20833,15
558,20834,16
558,20835,17
558,20836,18
558,20837,19
558,20838,20
558,20839,21
558,20840,22
558,20841,23
558,20842,24
558,20843,25
558,20844,26
558,20845,27
558,20846,28
558,20847,29
558,20848,30
558,20849,31
558,20850,32
558,20851,33
558,20852,34
558,20853,35
558,20854,36
558,20855,37
558,20856,38
558,20857,39
558,20858,40
558,20859,41
558,20860,42
558,20861,43
558,20862,44
558,20863,45
558,20864,46
558,20865,47
558,20866,48
558,20867,49
558,20868,50
558,20869,51
558,20870,52
558,20871,53
558,20872,54
558,20873,55
558,20874,56
558,20875,57
558,20876,58
558,20877,59
558,20878,60
558,20879,61
559,20880,0
559,20881,1
559,20882,2
559,20883,3
559,20884,4
559,20885,5
559,20886,6
559,20887,7
559,20888,8
559,20889,9
559,20890,10
559,20891,11
559,20892,12
559,20893,13
559,20894,14
559,20895,15
559,20896,16
559,20897,17
559,20898,18
559,20899,19
559,20900,20
560,20901,0
560,20902,1
560,20903,2
560,20904,3
560,20905,4
560,20906,5
560,20907,6
560,20908,7
560,20909,8
560,20910,9
560,20911,10
560,20912,11
560,20913,12
560,20914,13
560,20915,14
560,20916,15
560,20917,16
560,20918,17
560,20919,18
560,20920,19
561,20921,0
561,20922,1
561,20923,2
561,20924,3
561,20925,4
561,20926,5
561,20927,6
561,20928,7
561,20929,8
561,20930,9
561,20931,10
561,20932,11
561,20933,12
561,20934,13
561,20935,14
561,20936,15
561,20937,16
561,20938,17
561,20939,18
561,20940,19
561,20941,20
561,20942,21
561,20943,22
562,20944,0
562,20945,1
562,20946,2
562,20947,3
562,20948,4
562,20949,5
562,20950,6
562,20951,7
562,20952,8
562,20953,9
562,20954,10
562,20955,11
562,20956,12
562,20957,13
562,20958,14
562,20959,15
562,20960,16
562,20961,17
562,20962,18
562,20963,19
562,20964,20
562,20965,21
562,20966,22
563,20967,0
563,20968,1
563,20969,2
563,20970,3
563,20971,4
563,20972,5
563,20973,6
563,20974,7
563,20975,8
563,20976,9
563,20977,10
563,20978,11
563,20979,12
563,20980,13
563,20981,14
563,20982,15
563,20983,16
563,20984,17
563,20985,18
563,20986,19
563,20987,20
563,20988,21
563,20989,22
563,20990,23
564,20991,0
564,20992,1
564,20993,2
564,20994,3
564,20995,4
564,20996,5
564,20997,6
564,20998,7
564,20999,8
564,21000,9
564,21001,10
564,21002,11
564,21003,12
564,21004,13
564,21005,14
564,21006,15
564,21007,16
564,21008,17
564,21009,18
564,21010,19
564,21011,20
564,21012,21
564,21013,22
565,21014,0
565,21015,1
565,21016,2
565,21017,3
565,21018,4
565,21019,5
565,21020,6
565,21021,7
565,21022,8
565,21023,9
565,21024,10
565,21025,11
565,21026,12
565,21027,13
565,21028,14
565,21029,15
565,21030,16
565,21031,17
565,21032,18
566,21033,0
566,21034,1
566,21035,2
566,21036,3
566,21037,4
566,21038,5
566,21039,6
566,21040,7
566,21041,8
566,21042,9
566,21043,10
566,21044,11
566,21045,12
566,21046,13
566,21047,14
567,21048,0
567,21049,1
567,21050,2
567,21051,3
567,21052,4
567,21053,5
567,21054,6
567,21055,7
567,21056,8
567,21057,9
567,21058,10
567,21059,11
567,21060,12
567,21061,13
568,21062,0
568,21063,1
568,21064,2
568,21065,3
568,21066,4
568,21067,5
568,21068,6
568,21069,7
568,21070,8
568,21071,9
568,21072,10
568,21073,11
568,21074,12
568,21075,13
569,21076,0
569,21077,1
569,21078,2
569,21079,3
569,21080,4
569,21081,5
569,21082,6
569,21083,7
569,21084,8
569,21085,9
569,21086,10
569,21087,11
569,21088,12
569,21089,13
569,21090,14
569,21091,15
569,21092,16
569,21093,17
569,21094,18
569,21095,19
569,21096,20
569,21097,21
569,21098,22
569,21099,23
569,21100,24
569,21101,25
569,21102,26
569,21103,27
569,21104,28
569,21105,29
569,21106,30
569,21107,31
569,21108,32
569,21109,33
569,21110,34
569,21111,35
569,21112,36
569,21113,37
569,21114,38
569,21115,39
569,21116,40
569,21117,41
569,21118,42
569,21119,43
569,21120,44
569,21121,45
569,21122,46
569,21123,47
569,21124,48
569,21125,49
569,21126,50
569,21127,51
569,21128,52
569,21129,53
569,21130,54
570,21131,0
570,21132,1
570,21133,2
570,21134,3
570,21135,4
570,21136,5
570,21137,6
570,21138,7
570,21139,8
570,21140,9
570,21141,10
570,21142,11
570,21143,12
570,21144,13
570,21145,14
570,21146,15
570,21147,16
570,21148,17
570,21149,18
570,21150,19
570,21151,20
570,21152,21
570,21153,22
570,21154,23
570,21155,24
570,21156,25
570,21157,26
570,21158,27
570,21159,28
570,21160,29
570,21161,30
570,21162,31
570,21163,32
570,21164,33
570,21165,34
570,21166,35
570,21167,36
570,21168,37
570,21169,38
570,21170,39
570,21171,40
570,21172,41
570,21173,42
570,21174,43
570,21175,44
570,21176,45
570,21177,46
570,21178,47
570,21179,48
571,21180,0
571,21181,1
571,21182,2
571,21183,3
571,21184,4
571,21185,5
571,21186,6
571,21187,7
571,21188,8
571,21189,9
571,21190,10
571,21191,11
571,21192,12
571,21193,13
571,21194,14
571,21195,15
571,21196,16
571,21197,17
571,21198,18
571,21199,19
571,21200,20
571,21201,21
571,21202,22
571,21203,23
571,21204,24
571,21205,25
571,21206,26
571,21207,27
571,21208,28
571,21209,29
571,21210,30
571,21211,31
571,21212,32
571,21213,33
571,21214,34
571,21215,35
571,21216,36
571,21217,37
571,21218,38
571,21219,39
571,21220,40
571,21221,41
571,21222,42
571,21223,43
571,21224,44
571,21225,45
571,21226,46
571,21227,47
571,21228,48
571,21229,49
571,21230,50
571,21231,51
571,21232,52
571,21233,53
571,21234,54
571,21235,55
571,21236,56
571,21237,57
571,21238,58
571,21239,59
572,21240,0
572,21241,1
572,21242,2
572,21243,3
572,21244,4
572,21245,5
572,21246,6
572,21247,7
572,21248,8
572,21249,9
572,21250,10
572,21251,11
572,21252,12
572,21253,13
572,21254,14
572,21255,15
572,21256,16
572,21257,17
572,21258,18
572,21259,19
572,21260,20
572,21261,21
572,21262,22
572,21263,23
572,21264,24
572,21265,25
572,21266,26
572,21267,27
572,21268,28
572,21269,29
572,21270,30
572,21271,31
572,21272,32
572,21273,33
572,21274,34
572,21275,35
572,21276,36
572,21277,37
572,21278,38
572,21279,39
572,21280,40
572,21281,41
572,21282,42
572,21283,43
572,21284,44
572,21285,45
572,21286,46
572,21287,47
572,21288,48
572,21289,49
572,21290,50
572,21291,51
572,21292,52
572,21293,53
572,21294,54
572,21295,55
572,21296,56
572,21297,57
572,21298,58
573,21299,0
573,21300,1
573,21301,2
573,21302,3
573,21303,4
573,21304,5
573,21305,6
573,21306,7
573,21307,8
573,21308,9
573,21309,10
573,21310,11
573,21311,12
573,21312,13
573,21313,14
573,21314,15
573,21315,16
573,21316,17
573,21317,18
573,21318,19
573,21319,20
573,21320,21
573,21321,22
573,21322,23
573,21323,24
573,21324,25
573,21325,26
573,21326,27
573,21327,28
573,21328,29
573,21329,30
573,21330,31
573,21331,32
573,21332,33
573,21333,34
573,21334,35
573,21335,36
573,21336,37
573,21337,38
573,21338,39
573,21339,40
573,21340,41
573,21341,42
573,21342,43
574,21343,0
574,21344,1
574,21345,2
574,21346,3
574,21347,4
574,21348,5
574,21349,6
574,21350,7
574,21351,8
574,21352,9
574,21353,10
574,21354,11
574,21355,12
574,21356,13
574,21357,14
574,21358,15
574,21359,16
574,21360,17
574,21361,18
574,21362,19
574,21363,20
574,21364,21
574,21365,22
574,21366,23
574,21367,24
574,21368,25
574,21369,26
574,21370,27
574,21371,28
574,21372,29
574,21373,30
574,21374,31
574,21375,32
574,21376,33
574,21377,34
574,21378,35
574,21379,36
574,21380,37
574,21381,38
574,21382,39
574,21383,40
574,21384,41
574,21385,42
574,21386,43
575,21387,0
575,21388,1
575,21389,2
575,21390,3
575,21391,4
575,21392,5
575,21393,6
575,21394,7
575,21395,8
575,21396,9
575,21397,10
575,21398,11
575,21399,12
575,21400,13
575,21401,14
575,21402,15
575,21403,16
575,21404,17
575,21405,18
575,21406,19
575,21407,20
575,21408,21
575,21409,22
575,21410,23
575,21411,24
575,21412,25
575,21413,26
575,21414,27
575,21415,28
575,21416,29
575,21417,30
575,21418,31
575,21419,32
575,21420,33
575,21421,34
575,21422,35
575,21423,36
575,21424,37
575,21425,38
575,21426,39
575,21427,40
575,21428,41
575,21429,42
575,21430,43
575,21431,44
575,21432,45
575,21433,46
575,21434,47
575,21435,48
575,21436,49
575,21437,50
575,21438,51
575,21439,52
575,21440,53
575,21441,54
576,21442,0
576,21443,1
576,21444,2
576,21445,3
576,21446,4
576,21447,5
576,21448,6
576,21449,7
576,21450,8
576,21451,9
576,21452,10
576,21453,11
576,21454,12
576,21455,13
576,21456,14
576,21457,15
576,21458,16
576,21459,17
576,21460,18
576,21461,19
576,21462,20
576,21463,21
576,21464,22
576,21465,23
576,21466,24
576,21467,25
576,21468,26
576,21469,27
576,21470,28
576,21471,29
576,21472,30
576,21473,31
576,21474,32
576,21475,33
576,21476,34
576,21477,35
576,21478,36
576,21479,37
576,21480,38
576,21481,39
576,21482,40
576,21483,41
576,21484,42
576,21485,43
576,21486,44
576,21487,45
576,21488,46
576,21489,47
576,21490,48
576,21491,49
576,21492,50
576,21493,51
576,21494,52
576,21495,53
577,21496,0
577,21497,1
577,21498,2
577,21499,3
577,21500,4
577,21501,5
577,21502,6
577,21503,7
577,21504,8
577,21505,9
577,21506,10
577,21507,11
577,21508,12
577,21509,13
577,21510,14
577,21511,15
577,21512,16
577,21513,17
577,21514,18
577,21515,19
577,21516,20
577,21517,21
577,21518,22
577,21519,23
577,21520,24
577,21521,25
577,21522,26
577,21523,27
577,21524,28
577,21525,29
577,21526,30
577,21527,31
577,21528,32
577,21529,33
577,21530,34
577,21531,35
577,21532,36
577,21533,37
577,21534,38
577,21535,39
577,21536,40
577,21537,41
577,21538,42
577,21539,43
577,21540,44
577,21541,45
577,21542,46
577,21543,47
577,21544,48
577,21545,49
577,21546,50
577,21547,51
577,21548,52
577,21549,53
578,21550,0
578,21551,1
578,21552,2
578,21553,3
578,21554,4
578,21555,5
578,21556,6
578,21557,7
578,21558,8
578,21559,9
578,21560,10
578,21561,11
578,21562,12
578,21563,13
578,21564,14
578,21565,15
578,21566,16
578,21567,17
578,21568,18
578,21569,19
578,21570,20
578,21571,21
578,21572,22
578,21573,23
578,21574,24
578,21575,25
578,21576,26
578,21577,27
578,21578,28
578,21579,29
578,21580,30
578,21581,31
578,21582,32
578,21583,33
578,21584,34
578,21585,35
578,21586,36
578,21587,37
578,21588,38
578,21589,39
578,21590,40
578,21591,41
578,21592,42
578,21593,43
578,21594,44
578,21595,45
578,21596,46
578,21597,47
578,21598,48
578,21599,49
578,21600,50
578,21601,51
578,21602,52
578,21603,53
579,21604,0
579,21605,1
579,21606,2
579,21607,3
579,21608,4
579,21609,5
579,21610,6
579,21611,7
579,21612,8
579,21613,9
579,21614,10
579,21615,11
579,21616,12
579,21617,13
579,21618,14
579,21619,15
579,21620,16
579,21621,17
579,21622,18
579,21623,19
579,21624,20
579,21625,21
579,21626,22
579,21627,23
579,21628,24
579,21629,25
579,21630,26
579,21631,27
579,21632,28
579,21633,29
579,21634,30
579,21635,31
579,21636,32
579,21637,33
579,21638,34
579,21639,35
579,21640,36
579,21641,37
579,21642,38
579,21643,39
580,21644,0
580,21645,1
580,21646,2
580,21647,3
580,21648,4
580,21649,5
580,21650,6
580,21651,7
580,21652,8
580,21653,9
580,21654,10
580,21655,11
580,21656,12
580,21657,13
580,21658,14
580,21659,15
580,21660,16
580,21661,17
580,21662,18
580,21663,19
580,21664,20
580,21665,21
580,21666,22
580,21667,23
580,21668,24
580,21669,25
580,21670,26
580,21671,27
580,21672,28
580,21673,29
580,21674,30
580,21675,31
580,21676,32
580,21677,33
580,21678,34
580,21679,35
580,21680,36
580,21681,37
580,21682,38
580,21683,39
581,21684,0
581,21685,1
581,21686,2
581,21687,3
581,21688,4
581,21689,5
581,21690,6
581,21691,7
581,21692,8
581,21693,9
581,21694,10
581,21695,11
581,21696,12
581,21697,13
581,21698,14
581,21699,15
581,21700,16
581,21701,17
581,21702,18
581,21703,19
581,21704,20
581,21705,21
581,21706,22
581,21707,23
581,21708,24
581,21709,25
581,21710,26
581,21711,27
581,21712,28
581,21713,29
581,21714,30
581,21715,31
581,21716,32
581,21717,33
581,21718,34
581,21719,35
582,21720,0
582,21721,1
582,21722,2
582,21723,3
582,21724,4
582,21725,5
582,21726,6
582,21727,7
582,21728,8
582,21729,9
582,21730,10
582,21731,11
582,21732,12
582,21733,13
582,21734,14
582,21735,15
582,21736,16
582,21737,17
582,21738,18
582,21739,19
582,21740,20
582,21741,21
582,21742,22
582,21743,23
582,21744,24
582,21745,25
582,21746,26
582,21747,27
582,21748,28
582,21749,29
582,21750,30
582,21751,31
582,21752,32
582,21753,33
582,21754,34
582,21755,35
582,21756,36
583,21757,0
583,21758,1
583,21759,2
583,21760,3
583,21761,4
583,21762,5
583,21763,6
583,21764,7
583,21765,8
583,21766,9
583,21767,10
583,21768,11
583,21769,12
583,21770,13
583,21771,14
583,21772,15
583,21773,16
583,21774,17
583,21775,18
583,21776,19
583,21777,20
583,21778,21
583,21779,22
583,21780,23
583,21781,24
583,21782,25
583,21783,26
583,21784,27
583,21785,28
583,21786,29
583,21787,30
583,21788,31
583,21789,32
583,21790,33
583,21791,34
583,21792,35
583,21793,36
583,21794,37
583,21795,38
583,21796,39
583,21797,40
583,21798,41
583,21799,42
583,21800,43
583,21801,44
583,21802,45
583,21803,46
583,21804,47
583,21805,48
583,21806,49
583,21807,50
583,21808,51
583,21809,52
583,21810,53
583,21811,54
583,21812,55
583,21813,56
583,21814,57
583,21815,58
584,21816,0
584,21817,1
584,21818,2
584,21819,3
584,21820,4
584,21821,5
584,21822,6
584,21823,7
584,21824,8
584,21825,9
584,21826,10
584,21827,11
584,21828,12
584,21829,13
584,21830,14
584,21831,15
584,21832,16
584,21833,17
584,21834,18
584,21835,19
584,21836,20
584,21837,21
584,21838,22
584,21839,23
584,21840,24
584,21841,25
584,21842,26
584,21843,27
584,21844,28
584,21845,29
584,21846,30
584,21847,31
584,21848,32
584,21849,33
584,21850,34
584,21851,35
584,21852,36
584,21853,37
584,21854,38
584,21855,39
584,21856,40
584,21857,41
584,21858,42
584,21859,43
584,21860,44
584,21861,45
584,21862,46
584,21863,47
584,21864,48
584,21865,49
584,21866,50
584,21867,51
584,21868,52
584,21869,53
584,21870,54
584,21871,55
584,21872,56
584,21873,57
584,21874,58
584,21875,59
584,21876,60
585,21877,0
585,21878,1
585,21879,2
585,21880,3
585,21881,4
585,21882,5
585,21883,6
585,21884,7
585,21885,8
585,21886,9
585,21887,10
585,21888,11
585,21889,12
585,21890,13
585,21891,14
585,21892,15
585,21893,16
585,21894,17
585,21895,18
585,21896,19
585,21897,20
585,21898,21
585,21899,22
585,21900,23
585,21901,24
585,21902,25
585,21903,26
585,21904,27
585,21905,28
585,21906,29
585,21907,30
585,21908,31
585,21909,32
585,21910,33
585,21911,34
585,21912,35
585,21913,36
585,21914,37
585,21915,38
585,21916,39
585,21917,40
585,21918,41
585,21919,42
585,21920,43
585,21921,44
585,21922,45
585,21923,46
585,21924,47
585,21925,48
585,21926,49
585,21927,50
585,21928,51
585,21929,52
586,21930,0
586,21931,1
586,21932,2
586,21933,3
586,21934,4
586,21935,5
586,21936,6
586,21937,7
586,21938,8
586,21939,9
586,21940,10
586,21941,11
586,21942,12
586,21943,13
586,21944,14
586,21945,15
586,21946,16
586,21947,17
586,21948,18
586,21949,19
586,21950,20
586,21951,21
586,21952,22
586,21953,23
586,21954,24
586,21955,25
586,21956,26
586,21957,27
586,21958,28
586,21959,29
586,21960,30
586,21961,31
586,21962,32
586,21963,33
586,21964,34
586,21965,35
586,21966,36
586,21967,37
586,21968,38
586,21969,39
586,21970,40
586,21971,41
586,21972,42
586,21973,43
586,21974,44
586,21975,45
586,21976,46
586,21977,47
586,21978,48
586,21979,49
586,21980,50
586,21981,51
586,21982,52
586,21983,53
587,21984,0
587,21985,1
587,21986,2
587,21987,3
587,21988,4
587,21989,5
587,21990,6
587,21991,7
587,21992,8
587,21993,9
587,21994,10
587,21995,11
587,21996,12
587,21997,13
587,21998,14
587,21999,15
587,22000,16
587,22001,17
587,22002,18
587,22003,19
587,22004,20
587,22005,21
587,22006,22
587,22007,23
587,22008,24
587,22009,25
587,22010,26
587,22011,27
587,22012,28
587,22013,29
587,22014,30
587,22015,31
587,22016,32
587,22017,33
588,22018,0
588,22019,1
588,22020,2
588,22021,3
588,22022,4
588,22023,5
588,22024,6
588,22025,7
588,22026,8
588,22027,9
588,22028,10
588,22029,11
588,22030,12
588,22031,13
588,22032,14
588,22033,15
588,22034,16
588,22035,17
588,22036,18
588,22037,19
588,22038,20
588,22039,21
588,22040,22
588,22041,23
588,22042,24
588,22043,25
588,22044,26
588,22045,27
588,22046,28
588,22047,29
588,22048,30
588,22049,31
588,22050,32
588,22051,33
589,22052,0
589,22053,1
589,22054,2
589,22055,3
589,22056,4
589,22057,5
589,22058,6
589,22059,7
589,22060,8
589,22061,9
589,22062,10
589,22063,11
589,22064,12
589,22065,13
589,22066,14
589,22067,15
589,22068,16
589,22069,17
589,22070,18
589,22071,19
589,22072,20
589,22073,21
589,22074,22
589,22075,23
589,22076,24
589,22077,25
589,22078,26
589,22079,27
589,22080,28
589,22081,29
589,22082,30
589,22083,31
589,22084,32
589,22085,33
589,22086,34
589,22087,35
589,22088,36
590,22089,0
590,22090,1
590,22091,2
590,22092,3
590,22093,4
590,22094,5
590,22095,6
590,22096,7
590,22097,8
590,22098,9
590,22099,10
590,22100,11
590,22101,12
590,22102,13
590,22103,14
590,22104,15
590,22105,16
590,22106,17
590,22107,18
590,22108,19
590,22109,20
590,22110,21
590,22111,22
590,22112,23
590,22113,24
590,22114,25
590,22115,26
590,22116,27
590,22117,28
590,22118,29
590,22119,30
590,22120,31
590,22121,32
590,22122,33
590,22123,34
590,22124,35
590,22125,36
591,22126,0
591,22127,1
591,22128,2
591,22129,3
591,22130,4
591,22131,5
591,22132,6
591,22133,7
591,22134,8
591,22135,9
591,22136,10
591,22137,11
591,22138,12
591,22139,13
591,22140,14
591,22141,15
591,22142,16
591,22143,17
591,22144,18
591,22145,19
591,22146,20
591,22147,21
591,22148,22
591,22149,23
591,22150,24
591,22151,25
591,22152,26
591,22153,27
591,22154,28
591,22155,29
591,22156,30
591,22157,31
591,22158,32
591,22159,33
591,22160,34
591,22161,35
591,22162,36
591,22163,37
591,22164,38
591,22165,39
591,22166,40
591,22167,41
591,22168,42
591,22169,43
591,22170,44
591,22171,45
591,22172,46
591,22173,47
591,22174,48
591,22175,49
591,22176,50
591,22177,51
591,22178,52
591,22179,53
591,22180,54
591,22181,55
591,22182,56
591,22183,57
591,22184,58
592,22185,0
592,22186,1
592,22187,2
592,22188,3
592,22189,4
592,22190,5
592,22191,6
592,22192,7
592,22193,8
592,22194,9
592,22195,10
592,22196,11
592,22197,12
592,22198,13
592,22199,14
592,22200,15
592,22201,16
592,22202,17
592,22203,18
592,22204,19
592,22205,20
592,22206,21
592,22207,22
592,22208,23
592,22209,24
592,22210,25
592,22211,26
592,22212,27
592,22213,28
592,22214,29
592,22215,30
592,22216,31
592,22217,32
592,22218,33
592,22219,34
592,22220,35
592,22221,36
592,22222,37
592,22223,38
592,22224,39
592,22225,40
592,22226,41
592,22227,42
592,22228,43
592,22229,44
592,22230,45
592,22231,46
592,22232,47
592,22233,48
592,22234,49
592,22235,50
592,22236,51
592,22237,52
592,22238,53
592,22239,54
592,22240,55
592,22241,56
593,22242,0
593,22243,1
593,22244,2
593,22245,3
593,22246,4
593,22247,5
593,22248,6
593,22249,7
593,22250,8
593,22251,9
593,22252,10
593,22253,11
593,22254,12
593,22255,13
593,22256,14
593,22257,15
593,22258,16
593,22259,17
593,22260,18
593,22261,19
593,22262,20
593,22263,21
593,22264,22
593,22265,23
593,22266,24
593,22267,25
593,22268,26
593,22269,27
593,22270,28
593,22271,29
593,22272,30
593,22273,31
593,22274,32
593,22275,33
593,22276,34
593,22277,35
593,22278,36
593,22279,37
593,22280,38
593,22281,39
593,22282,40
593,22283,41
593,22284,42
593,22285,43
593,22286,44
593,22287,45
593,22288,46
593,22289,47
593,22290,48
594,22291,0
594,22292,1
594,22293,2
594,22294,3
594,22295,4
594,22296,5
594,22297,6
594,22298,7
594,22299,8
594,22300,9
594,22301,10
594,22302,11
594,22303,12
594,22304,13
594,22305,14
594,22306,15
594,22307,16
594,22308,17
594,22309,18
594,22310,19
594,22311,20
594,22312,21
594,22313,22
594,22314,23
594,22315,24
594,22316,25
594,22317,26
594,22318,27
594,22319,28
594,22320,29
594,22321,30
594,22322,31
594,22323,32
594,22324,33
594,22325,34
594,22326,35
594,22327,36
594,22328,37
594,22329,38
594,22330,39
594,22331,40
594,22332,41
594,22333,42
594,22334,43
594,22335,44
594,22336,45
594,22337,46
595,22338,0
595,22339,1
595,22340,2
595,22341,3
595,22342,4
595,22343,5
595,22344,6
595,22345,7
595,22346,8
595,22347,9
595,22348,10
595,22349,11
595,22350,12
595,22351,13
595,22352,14
595,22353,15
595,22354,16
595,22355,17
595,22356,18
595,22357,19
595,22358,20
595,22359,21
595,22360,22
595,22361,23
595,22362,24
595,22363,25
595,22364,26
595,22365,27
595,22366,28
595,22367,29
595,22368,30
595,22369,31
595,22370,32
595,22371,33
595,22372,34
595,22373,35
595,22374,36
596,22375,0
596,22376,1
596,22377,2
596,22378,3
596,22379,4
596,22380,5
596,22381,6
596,22382,7
596,22383,8
596,22384,9
596,22385,10
596,22386,11
596,22387,12
596,22388,13
596,22389,14
596,22390,15
596,22391,16
596,22392,17
596,22393,18
596,22394,19
596,22395,20
596,22396,21
596,22397,22
596,22398,23
596,22399,24
596,22400,25
596,22401,26
596,22402,27
596,22403,28
596,22404,29
596,22405,30
596,22406,31
596,22407,32
596,22408,33
596,22409,34
596,22410,35
596,22411,36
596,22412,37
596,22413,38
597,22414,0
597,22415,1
597,22416,2
597,22417,3
597,22418,4
597,22419,5
597,22420,6
597,22421,7
597,22422,8
597,22423,9
597,22424,10
597,22425,11
597,22426,12
597,22427,13
597,22428,14
597,22429,15
597,22430,16
597,22431,17
597,22432,18
597,22433,19
597,22434,20
597,22435,21
597,22436,22
597,22437,23
597,22438,24
597,22439,25
597,22440,26
597,22441,27
597,22442,28
597,22443,29
597,22444,30
597,22445,31
597,22446,32
598,22447,0
598,22448,1
598,22449,2
598,22450,3
598,22451,4
598,22452,5
598,22453,6
598,22454,7
598,22455,8
598,22456,9
598,22457,10
598,22458,11
598,22459,12
598,22460,13
598,22461,14
598,22462,15
598,22463,16
598,22464,17
598,22465,18
598,22466,19
598,22467,20
598,22468,21
598,22469,22
598,22470,23
598,22471,24
598,22472,25
598,22473,26
598,22474,27
598,22475,28
598,22476,29
598,22477,30
598,22478,31
598,22479,32
598,22480,33
599,22481,0
599,22482,1
599,22483,2
599,22484,3
599,22485,4
599,22486,5
599,22487,6
599,22488,7
599,22489,8
599,22490,9
599,22491,10
599,22492,11
599,22493,12
599,22494,13
599,22495,14
599,22496,15
599,22497,16
599,22498,17
599,22499,18
599,22500,19
599,22501,20
599,22502,21
599,22503,22
600,22504,0
600,22505,1
600,22506,2
600,22507,3
600,22508,4
600,22509,5
600,22510,6
600,22511,7
600,22512,8
600,22513,9
600,22514,10
600,22515,11
600,22516,12
600,22517,13
600,22518,14
600,22519,15
600,22520,16
600,22521,17
600,22522,18
600,22523,19
600,22524,20
600,22525,21
600,22526,22
601,22527,0
601,22528,1
601,22529,2
601,22530,3
601,22531,4
601,22532,5
601,22533,6
601,22534,7
601,22535,8
601,22536,9
601,22537,10
601,22538,11
601,22539,12
601,22540,13
601,22541,14
601,22542,15
601,22543,16
601,22544,17
601,22545,18
601,22546,19
601,22547,20
601,22548,21
601,22549,22
601,22550,23
601,22551,24
601,22552,25
602,22553,0
602,22554,1
602,22555,2
602,22556,3
602,22557,4
602,22558,5
602,22559,6
602,22560,7
602,22561,8
602,22562,9
602,22563,10
602,22564,11
602,22565,12
602,22566,13
602,22567,14
602,22568,15
602,22569,16
602,22570,17
602,22571,18
602,22572,19
602,22573,20
602,22574,21
602,22575,22
602,22576,23
602,22577,24
603,22578,0
603,22579,1
603,22580,2
603,22581,3
603,22582,4
603,22583,5
603,22584,6
603,22585,7
603,22586,8
603,22587,9
603,22588,10
603,22589,11
603,22590,12
603,22591,13
603,22592,14
603,22593,15
603,22594,16
603,22595,17
603,22596,18
603,22597,19
603,22598,20
603,22599,21
603,22600,22
603,22601,23
603,22602,24
603,22603,25
603,22604,26
603,22605,27
603,22606,28
603,22607,29
603,22608,30
603,22609,31
604,22610,0
604,22611,1
604,22612,2
604,22613,3
604,22614,4
604,22615,5
604,22616,6
604,22617,7
604,22618,8
604,22619,9
604,22620,10
604,22621,11
604,22622,12
604,22623,13
604,22624,14
604,22625,15
604,22626,16
604,22627,17
604,22628,18
604,22629,19
604,22630,20
604,22631,21
604,22632,22
604,22633,23
604,22634,24
604,22635,25
604,22636,26
604,22637,27
604,22638,28
604,22639,29
604,22640,30
604,22641,31
604,22642,32
604,22643,33
605,22644,0
605,22645,1
605,22646,2
605,22647,3
605,22648,4
605,22649,5
605,22650,6
605,22651,7
605,22652,8
605,22653,9
605,22654,10
605,22655,11
605,22656,12
605,22657,13
605,22658,14
605,22659,15
605,22660,16
605,22661,17
605,22662,18
605,22663,19
605,22664,20
605,22665,21
605,22666,22
605,22667,23
605,22668,24
605,22669,25
605,22670,26
605,22671,27
605,22672,28
605,22673,29
605,22674,30
605,22675,31
605,22676,32
606,22677,0
606,22678,1
606,22679,2
606,22680,3
606,22681,4
606,22682,5
606,22683,6
606,22684,7
606,22685,8
606,22686,9
606,22687,10
606,22688,11
606,22689,12
606,22690,13
606,22691,14
606,22692,15
606,22693,16
606,22694,17
606,22695,18
606,22696,19
606,22697,20
606,22698,21
606,22699,22
606,22700,23
606,22701,24
606,22702,25
606,22703,26
606,22704,27
606,22705,28
606,22706,29
606,22707,30
606,22708,31
606,22709,32
606,22710,33
606,22711,34
606,22712,35
607,22713,0
607,22714,1
607,22715,2
607,22716,3
607,22717,4
607,22718,5
607,22719,6
607,22720,7
607,22721,8
607,22722,9
607,22723,10
607,22724,11
607,22725,12
607,22726,13
607,22727,14
607,22728,15
608,22729,0
608,22730,0
608,22731,1
608,22750,1
608,22732,2
608,22751,2
608,22733,3
608,22752,3
608,22734,4
608,22753,4
608,22735,5
608,22754,5
608,22736,6
608,22755,6
608,22737,7
608,22756,7
608,22738,8
608,22757,8
608,22739,9
608,22758,9
608,22740,10
608,22759,10
608,22741,11
608,22760,11
608,22742,12
608,22761,12
608,22743,13
608,22762,13
608,22744,14
608,22763,14
608,22745,15
608,22764,15
608,22746,16
608,22765,16
608,22747,17
608,22766,17
608,22748,18
608,22767,18
608,22749,19
608,22768,19
608,22729,20
609,22769,0
609,22770,1
609,22771,2
609,22772,3
609,22773,4
609,22774,5
609,22775,6
609,22776,7
609,22777,8
609,22778,9
609,22779,10
609,22780,11
609,22781,12
609,22782,13
609,22783,14
609,22784,15
609,22785,16
610,22786,0
610,22787,1
610,22788,2
610,22789,3
610,22790,4
610,22791,5
610,22792,6
610,22793,7
610,22794,8
610,22795,9
610,22796,10
610,22797,11
610,22798,12
610,22799,13
610,22800,14
610,22801,15
610,22802,16
611,22803,0
611,22804,1
611,22805,2
611,22806,3
611,22807,4
611,22808,5
611,22809,6
611,22810,7
611,22811,8
611,22812,9
611,22813,10
611,22814,11
611,22815,12
611,22816,13
611,22817,14
611,22818,15
611,22819,16
611,22820,17
612,22821,0
612,22822,1
612,22823,2
612,22824,3
612,22825,4
612,22826,5
612,22827,6
612,22828,7
612,22829,8
612,22830,9
612,22831,10
612,22832,11
612,22833,12
612,22834,13
612,22835,14
612,22836,15
612,22837,16
612,22838,17
613,22839,0
613,22840,1
613,22841,2
613,22842,3
613,22843,4
613,22844,5
613,22845,6
613,22846,7
613,22847,8
613,22848,9
613,22849,10
613,22850,11
613,22851,12
613,22852,13
613,22853,14
614,22854,0
614,22855,1
614,22856,2
614,22857,3
614,22858,4
614,22859,5
614,22860,6
614,22861,7
614,22862,8
614,22863,9
614,22864,10
614,22865,11
614,22866,12
614,22867,13
614,22868,14
615,22869,0
615,22870,1
615,22871,2
615,22872,3
615,22873,4
615,22874,5
615,22875,6
615,22876,7
615,22877,8
615,22878,9
615,22879,10
615,22880,11
616,22881,0
616,22882,1
616,22883,2
616,22884,3
616,22885,4
616,22886,5
616,22887,6
616,22888,7
616,22889,8
616,22890,9
616,22891,10
616,22892,11
616,22893,12
616,22894,13
616,22895,14
616,22896,15
616,22897,16
616,22898,17
616,22899,18
616,22900,19
616,22901,20
616,22902,21
616,22903,22
616,22904,23
616,22905,24
616,22906,25
616,22907,26
616,22908,27
616,22909,28
616,22910,29
617,22911,0
617,22912,1
617,22913,2
617,22914,3
617,22915,4
617,22916,5
617,22917,6
617,22918,7
617,22919,8
617,22920,9
617,22921,10
617,22922,11
617,22923,12
617,22924,13
617,22925,14
617,22926,15
617,22927,16
617,22928,17
617,22929,18
617,22930,19
617,22931,20
617,22932,21
617,22933,22
617,22934,23
617,22935,24
617,22936,25
617,22937,26
617,22938,27
617,22939,28
617,22940,29
617,22941,30
618,22942,0
618,22943,1
618,22944,2
618,22945,3
618,22946,4
618,22947,5
618,22948,6
618,22949,7
618,22950,8
618,22951,9
618,22952,10
618,22953,11
618,22954,12
618,22955,13
618,22956,14
618,22957,15
618,22958,16
618,22959,17
618,22960,18
618,22961,19
618,22962,20
618,22963,21
618,22964,22
618,22965,23
618,22966,24
618,22967,25
618,22968,26
618,22969,27
618,22970,28
618,22971,29
618,22972,30
618,22973,31
618,22974,32
618,22975,33
618,22976,34
618,22977,35
618,22978,36
618,22979,37
618,22980,38
618,22981,39
618,22982,40
618,22983,41
618,22984,42
618,22985,43
618,22986,44
618,22987,45
619,22988,0
619,22989,1
619,22990,2
619,22991,3
619,22992,4
619,22993,5
619,22994,6
619,22995,7
619,22996,8
619,22997,9
619,22998,10
619,22999,11
619,23000,12
619,23001,13
619,23002,14
619,23003,15
619,23004,16
619,23005,17
619,23006,18
619,23007,19
619,23008,20
619,23009,21
619,23010,22
619,23011,23
619,23012,24
619,23013,25
619,23014,26
619,23015,27
619,23016,28
619,23017,29
619,23018,30
619,23019,31
619,23020,32
619,23021,33
619,23022,34
619,23023,35
619,23024,36
619,23025,37
619,23026,38
619,23027,39
619,23028,40
619,23029,41
619,23030,42
619,23031,43
619,23032,44
619,23033,45
620,23034,0
620,23035,1
620,23036,2
620,23037,3
620,23038,4
620,23039,5
620,23040,6
620,23041,7
620,23042,8
620,23043,9
620,23044,10
620,23045,11
620,23046,12
620,23047,13
620,23048,14
620,23049,15
620,23050,16
620,23051,17
620,23052,18
620,23053,19
620,23054,20
620,23055,21
620,23056,22
620,23057,23
620,23058,24
620,23059,25
620,23060,26
620,23061,27
620,23062,28
620,23063,29
620,23064,30
620,23065,31
620,23066,32
620,23067,33
620,23068,34
620,23069,35
621,23070,0
621,23071,1
621,23072,2
621,23073,3
621,23074,4
621,23075,5
621,23076,6
621,23077,7
621,23078,8
621,23079,9
621,23080,10
621,23081,11
621,23082,12
621,23083,13
621,23084,14
621,23085,15
621,23086,16
621,23087,17
621,23088,18
621,23089,19
621,23090,20
621,23091,21
621,23092,22
621,23093,23
621,23094,24
621,23095,25
621,23096,26
621,23097,27
621,23098,28
621,23099,29
621,23100,30
621,23101,31
621,23102,32
621,23103,33
622,23104,0
622,23105,1
622,23106,2
622,23107,3
622,23108,4
622,23109,5
622,23110,6
622,23111,7
622,23112,8
622,23113,9
622,23114,10
622,23115,11
622,23116,12
622,23117,13
622,23118,14
622,23119,15
622,23120,16
622,23121,17
622,23122,18
622,23123,19
622,23124,20
622,23125,21
622,23126,22
622,23127,23
622,23128,24
622,23129,25
622,23130,26
622,23131,27
622,23132,28
622,23133,29
622,23134,30
623,23135,0
623,23136,1
623,23137,2
623,23138,3
623,23139,4
623,23140,5
623,23141,6
623,23142,7
623,23143,8
623,23144,9
623,23145,10
623,23146,11
623,23147,12
623,23148,13
623,23149,14
623,23150,15
623,23151,16
623,23152,17
623,23153,18
623,23154,19
623,23155,20
623,23156,21
623,23157,22
623,23158,23
623,23159,24
623,23160,25
623,23161,26
623,23162,27
624,23163,0
624,23164,1
624,23165,2
624,23166,3
624,23167,4
624,23168,5
624,23169,6
624,23170,7
624,23171,8
624,23172,9
624,23173,10
624,23174,11
624,23175,12
624,23176,13
624,23177,14
624,23178,15
624,23179,16
624,23180,17
624,23181,18
624,23182,19
624,23183,20
624,23184,21
624,23185,22
624,23186,23
624,23187,24
624,23188,25
624,23189,26
624,23190,27
624,23191,28
624,23192,29
624,23193,30
625,23194,0
625,23195,1
625,23196,2
625,23197,3
625,23198,4
625,23199,5
625,23200,6
625,23201,7
625,23202,8
625,23203,9
625,23204,10
625,23205,11
625,23206,12
625,23207,13
625,23208,14
625,23209,15
625,23210,16
625,23211,17
625,23212,18
625,23213,19
625,23214,20
625,23215,21
625,23216,22
625,23217,23
625,23218,24
625,23219,25
626,23220,0
626,23221,1
626,23222,2
626,23223,3
626,23224,4
626,23225,5
626,23226,6
626,23227,7
626,23228,8
626,23229,9
626,23230,10
626,23231,11
626,23232,12
626,23233,13
626,23234,14
626,23235,15
626,23236,16
626,23237,17
626,23238,18
626,23239,19
626,23240,20
626,23241,21
626,23242,22
626,23243,23
626,23244,24
626,23245,25
626,23246,26
626,23247,27
626,23248,28
626,23249,29
626,23250,30
626,23251,31
627,23252,0
627,23253,1
627,23254,2
627,23255,3
627,23256,4
627,23257,5
627,23258,6
627,23259,7
627,23260,8
627,23261,9
627,23262,10
627,23263,11
627,23264,12
627,23265,13
627,23266,14
627,23267,15
627,23268,16
627,23269,17
627,23270,18
627,23271,19
627,23272,20
627,23273,21
627,23274,22
627,23275,23
627,23276,24
627,23277,25
627,23278,26
627,23279,27
627,23280,28
627,23281,29
627,23282,30
627,23283,31
628,23284,0
628,23285,1
628,23286,2
628,23287,3
628,23288,4
628,23289,5
628,23290,6
628,23291,7
628,23292,8
628,23293,9
628,23294,10
628,23295,11
628,23296,12
628,23297,13
628,23298,14
628,23299,15
628,23300,16
628,23301,17
628,23302,18
628,23303,19
628,23304,20
628,23305,21
628,23306,22
628,23307,23
628,23308,24
628,23309,25
628,23310,26
628,23311,27
628,23312,28
628,23313,29
628,23314,30
628,23315,31
628,23316,32
628,23317,33
628,23318,34
628,23319,35
628,23320,36
628,23321,37
628,23322,38
629,23323,0
629,23324,1
629,23325,2
629,23326,3
629,23327,4
629,23328,5
629,23329,6
629,23330,7
629,23331,8
629,23332,9
629,23333,10
629,23334,11
629,23335,12
629,23336,13
629,23337,14
629,23338,15
629,23339,16
629,23340,17
629,23341,18
629,23342,19
629,23343,20
629,23344,21
629,23345,22
629,23346,23
629,23347,24
629,23348,25
629,23349,26
629,23350,27
629,23351,28
629,23352,29
629,23353,30
629,23354,31
629,23355,32
629,23356,33
629,23357,34
629,23358,35
629,23359,36
629,23360,37
629,23361,38
630,23362,0
630,23363,1
630,23364,2
630,23365,3
630,23366,4
630,23367,5
630,23368,6
630,23369,7
630,23370,8
630,23371,9
630,23372,10
630,23373,11
630,23374,12
630,23375,13
630,23376,14
630,23377,15
630,23378,16
630,23379,17
630,23380,18
630,23381,19
630,23382,20
630,23383,21
630,23384,22
630,23385,23
630,23386,24
630,23387,25
630,23388,26
630,23389,27
630,23390,28
630,23391,29
630,23392,30
630,23393,31
630,23394,32
630,23395,33
630,23396,34
630,23397,35
630,23398,36
630,23399,37
630,23400,38
630,23401,39
631,23402,0
631,23403,1
631,23404,2
631,23405,3
631,23406,4
631,23407,5
631,23408,6
631,23409,7
631,23410,8
631,23411,9
631,23412,10
631,23413,11
631,23414,12
631,23415,13
631,23416,14
631,23417,15
631,23418,16
631,23419,17
631,23420,18
631,23421,19
631,23422,20
631,23423,21
631,23424,22
631,23425,23
631,23426,24
631,23427,25
631,23428,26
631,23429,27
631,23430,28
631,23431,29
631,23432,30
631,23433,31
631,23434,32
631,23435,33
631,23436,34
631,23437,35
631,23438,36
631,23439,37
632,23440,0
632,23441,1
632,23442,2
632,23443,3
632,23444,4
632,23445,5
632,23446,6
632,23447,7
632,23448,8
632,23449,9
632,23450,10
632,23451,11
632,23452,12
632,23453,13
632,23454,14
632,23455,15
632,23456,16
632,23457,17
632,23458,18
632,23459,19
632,23460,20
632,23461,21
632,23462,22
632,23463,23
632,23464,24
632,23465,25
632,23466,26
632,23467,27
632,23468,28
632,23469,29
632,23470,30
632,23471,31
632,23472,32
632,23473,33
632,23474,34
632,23475,35
632,23476,36
632,23477,37
632,23478,38
632,23479,39
632,23480,40
632,23481,41
632,23482,42
632,23483,43
632,23484,44
632,23485,45
632,23486,46
632,23487,47
632,23488,48
632,23489,49
632,23490,50
632,23491,51
632,23492,52
632,23493,53
632,23494,54
633,23495,0
633,23496,1
633,23497,2
633,23498,3
633,23499,4
633,23500,5
633,23501,6
633,23502,7
633,23503,8
633,23504,9
633,23505,10
633,23506,11
633,23507,12
633,23508,13
633,23509,14
633,23510,15
633,23511,16
633,23512,17
633,23513,18
633,23514,19
633,23515,20
633,23516,21
633,23517,22
633,23518,23
633,23519,24
633,23520,25
633,23521,26
633,23522,27
633,23523,28
633,23524,29
633,23525,30
633,23526,31
633,23527,32
633,23528,33
633,23529,34
633,23530,35
633,23531,36
633,23532,37
633,23533,38
633,23534,39
633,23535,40
633,23536,41
633,23537,42
633,23538,43
633,23539,44
633,23540,45
633,23541,46
633,23542,47
633,23543,48
633,23544,49
633,23545,50
633,23546,51
633,23547,52
633,23548,53
634,23549,1
634,23550,2
634,23551,3
634,23552,4
634,23553,5
634,23554,6
634,23555,7
634,23556,8
634,23557,9
634,23558,10
634,23559,11
634,23560,12
634,23561,13
634,23562,14
634,23563,15
634,23564,16
634,23565,17
634,23566,18
634,23567,19
634,23568,20
634,23569,21
634,23570,22
634,23571,23
634,23572,24
634,23573,25
634,23574,26
634,23575,27
634,23576,28
634,23577,29
634,23578,30
634,23579,31
634,23580,32
634,23581,33
634,23582,34
634,23583,35
634,23584,36
634,23585,37
634,23586,38
634,23587,39
634,23588,40
634,23589,41
635,23590,1
635,23591,2
635,23592,3
635,23593,4
635,23594,5
635,23595,6
635,23596,7
635,23597,8
635,23598,9
635,23599,10
635,23600,11
635,23601,12
635,23602,13
635,23603,14
635,23604,15
635,23605,16
635,23606,17
635,23607,18
635,23608,19
635,23609,20
635,23610,21
635,23611,22
635,23612,23
635,23613,24
635,23614,25
635,23615,26
635,23616,27
635,23617,28
635,23618,29
635,23619,30
635,23620,31
635,23621,32
635,23622,33
635,23623,34
635,23624,35
635,23625,36
635,23626,37
635,23627,38
635,23628,39
635,23629,40
636,23630,0
636,23631,1
636,23632,2
636,23633,3
636,23634,4
636,23635,5
636,23636,6
636,23637,7
636,23638,8
636,23639,9
636,23640,10
636,23641,11
636,23642,12
636,23643,13
636,23644,14
636,23645,15
636,23646,16
636,23647,17
636,23648,18
636,23649,19
636,23650,20
636,23651,21
636,23652,22
636,23653,23
636,23654,24
636,23655,25
636,23656,26
636,23657,27
636,23658,28
636,23659,29
636,23660,30
636,23661,31
636,23662,32
636,23663,33
636,23664,34
636,23665,35
636,23666,36
636,23667,37
636,23668,38
636,23669,39
636,23670,40
636,23671,41
636,23672,42
636,23673,43
637,23674,0
637,23675,1
637,23676,2
637,23677,3
637,23678,4
637,23679,5
637,23680,6
637,23681,7
637,23682,8
637,23683,9
637,23684,10
637,23685,11
637,23686,12
637,23687,13
637,23688,14
637,23689,15
637,23690,16
637,23691,17
637,23692,18
637,23693,19
637,23694,20
637,23695,21
637,23696,22
637,23697,23
637,23698,24
637,23699,25
637,23700,26
637,23701,27
637,23702,28
637,23703,29
637,23704,30
637,23705,31
637,23706,32
637,23707,33
637,23708,34
637,23709,35
637,23710,36
637,23711,37
637,23712,38
637,23713,39
637,23714,40
637,23715,41
637,23716,42
637,23717,43
638,23718,0
638,23719,1
638,23720,2
638,23721,3
638,23722,4
638,23723,5
638,23724,6
638,23725,7
638,23726,8
638,23727,9
638,23728,10
638,23729,11
638,23730,12
638,23731,13
638,23732,14
638,23733,15
638,23734,16
638,23735,17
638,23736,18
638,23737,19
638,23738,20
638,23739,21
638,23740,22
638,23741,23
638,23742,24
638,23743,25
638,23744,26
638,23745,27
638,23746,28
638,23747,29
638,23748,30
638,23749,31
638,23750,32
638,23751,33
638,23752,34
638,23753,35
639,23754,0
639,23755,1
639,23756,2
639,23757,3
639,23758,4
639,23759,5
639,23760,6
639,23761,7
639,23762,8
639,23763,9
639,23764,10
639,23765,11
639,23766,12
639,23767,13
639,23768,14
639,23769,15
639,23770,16
639,23771,17
639,23772,18
639,23773,19
639,23774,20
639,23775,21
639,23776,22
639,23777,23
639,23778,24
639,23779,25
639,23780,26
639,23781,27
639,23782,28
639,23783,29
639,23784,30
639,23785,31
639,23786,32
639,23787,33
639,23788,34
639,23789,35
639,23790,36
640,23791,0
640,23792,1
640,23793,2
640,23794,3
640,23795,4
640,23796,5
640,23797,6
640,23798,7
640,23799,8
640,23800,9
640,23801,10
640,23802,11
640,23803,12
640,23804,13
640,23805,14
640,23806,15
640,23807,16
640,23808,17
640,23809,18
640,23810,19
640,23811,20
640,23812,21
640,23813,22
640,23814,23
640,23815,24
640,23816,25
640,23817,26
640,23818,27
640,23819,28
640,23820,29
640,23821,30
640,23822,31
640,23823,32
640,23824,33
640,23825,34
640,23826,35
640,23827,36
640,23828,37
640,23829,38
640,23830,39
640,23831,40
640,23832,41
640,23833,42
640,23834,43
640,23835,44
640,23836,45
640,23837,46
640,23838,47
640,23839,48
640,23840,49
640,23841,50
640,23842,51
640,23843,52
640,23844,53
640,23845,54
640,23846,55
640,23847,56
640,23848,57
640,23849,58
640,23850,59
640,23851,60
640,23852,61
640,23853,62
640,23854,63
641,23855,0
641,23856,1
641,23857,2
641,23858,3
641,23859,4
641,23860,5
641,23861,6
641,23862,7
641,23863,8
641,23864,9
641,23865,10
641,23866,11
641,23867,12
641,23868,13
641,23869,14
641,23870,15
641,23871,16
641,23872,17
641,23873,18
641,23874,19
641,23875,20
641,23876,21
641,23877,22
641,23878,23
641,23879,24
641,23880,25
641,23881,26
641,23882,27
641,23883,28
641,23884,29
641,23885,30
641,23886,31
641,23887,32
641,23888,33
641,23889,34
641,23890,35
641,23891,36
641,23892,37
641,23893,38
641,23894,39
641,23895,40
641,23896,41
641,23897,42
641,23898,43
641,23899,44
641,23900,45
641,23901,46
641,23902,47
641,23903,48
641,23904,49
641,23905,50
641,23906,51
641,23907,52
641,23908,53
641,23909,54
641,23910,55
641,23911,56
641,23912,57
641,23913,58
641,23914,59
641,23915,60
641,23916,61
641,23917,62
642,23918,0
642,23919,1
642,23920,2
642,23921,3
642,23922,4
642,23923,5
642,23924,6
642,23925,7
642,23926,8
642,23927,9
642,23928,10
642,23929,11
642,23930,12
642,23931,13
642,23932,14
642,23933,15
642,23934,16
642,23935,17
642,23936,18
642,23937,19
642,23938,20
642,23939,21
642,23940,22
642,23941,23
642,23942,24
642,23943,25
642,23944,26
642,23945,27
642,23946,28
642,23947,29
642,23948,30
642,23949,31
642,23950,32
642,23951,33
642,23952,34
642,23953,35
642,23954,36
642,23955,37
642,23956,38
642,23957,39
642,23958,40
642,23959,41
642,23960,42
642,23961,43
642,23962,44
642,23963,45
642,23964,46
642,23965,47
642,23966,48
642,23967,49
642,23968,50
642,23969,51
642,23970,52
642,23971,53
642,23972,54
642,23973,55
642,23974,56
642,23975,57
642,23976,58
642,23977,59
642,23978,60
642,23979,61
642,23980,62
642,23981,63
642,23982,64
643,23983,0
643,23984,1
643,23985,2
643,23986,3
643,23987,4
643,23988,5
643,23989,6
643,23990,7
643,23991,8
643,23992,9
643,23993,10
643,23994,11
643,23995,12
643,23996,13
643,23997,14
643,23998,15
643,23999,16
643,24000,17
643,24001,18
643,24002,19
643,24003,20
643,24004,21
643,24005,22
643,24006,23
643,24007,24
643,24008,25
643,24009,26
643,24010,27
643,24011,28
643,24012,29
643,24013,30
643,24014,31
643,24015,32
643,24016,33
643,24017,34
643,24018,35
643,24019,36
643,24020,37
643,24021,38
643,24022,39
643,24023,40
643,24024,41
643,24025,42
643,24026,43
643,24027,44
643,24028,45
643,24029,46
643,24030,47
643,24031,48
643,24032,49
643,24033,50
643,24034,51
643,24035,52
643,24036,53
643,24037,54
643,24038,55
643,24039,56
643,24040,57
643,24041,58
643,24042,59
643,24043,60
643,24044,61
643,24045,62
643,24046,63
643,24047,64
644,24048,0
644,24049,1
644,24050,2
644,24051,3
644,24052,4
644,24053,5
644,24054,6
644,24055,7
644,24056,8
644,24057,9
644,24058,10
644,24059,11
644,24060,12
644,24061,13
644,24062,14
644,24063,15
644,24064,16
644,24065,17
644,24066,18
644,24067,19
644,24068,20
644,24069,21
644,24070,22
644,24071,23
644,24072,24
644,24073,25
644,24074,26
644,24075,27
644,24076,28
644,24077,29
644,24078,30
644,24079,31
644,24080,32
644,24081,33
644,24082,34
644,24083,35
644,24084,36
644,24085,37
644,24086,38
645,24087,0
645,24088,1
645,24089,2
645,24090,3
645,24091,4
645,24092,5
645,24093,6
645,24094,7
645,24095,8
645,24096,9
645,24097,10
645,24098,11
645,24099,12
645,24100,13
645,24101,14
645,24102,15
645,24103,16
645,24104,17
645,24105,18
645,24106,19
645,24107,20
645,24108,21
645,24109,22
645,24110,23
645,24111,24
645,24112,25
645,24113,26
645,24114,27
645,24115,28
645,24116,29
645,24117,30
645,24118,31
645,24119,32
645,24120,33
645,24121,34
645,24122,35
645,24123,36
645,24124,37
645,24125,38
646,24126,0
646,24127,1
646,24128,2
646,24129,3
646,24130,4
646,24131,5
646,24132,6
646,24133,7
646,24134,8
646,24135,9
646,24136,10
646,24137,11
646,24138,12
646,24139,13
646,24140,14
646,24141,15
646,24142,16
646,24143,17
646,24144,18
646,24145,19
646,24146,20
646,24147,21
646,24148,22
646,24149,23
646,24150,24
646,24151,25
646,24152,26
646,24153,27
646,24154,28
646,24155,29
646,24156,30
646,24157,31
646,24158,32
646,24159,33
646,24160,34
646,24161,35
646,24162,36
646,24163,37
646,24164,38
646,24165,39
646,24166,40
646,24167,41
646,24168,42
646,24169,43
646,24170,44
646,24171,45
646,24172,46
646,24173,47
646,24174,48
647,24175,0
647,24176,1
647,24177,2
647,24178,3
647,24179,4
647,24180,5
647,24181,6
647,24182,7
647,24183,8
647,24184,9
647,24185,10
647,24186,11
647,24187,12
647,24188,13
647,24189,14
647,24190,15
647,24191,16
647,24192,17
647,24193,18
647,24194,19
647,24195,20
647,24196,21
647,24197,22
647,24198,23
647,24199,24
647,24200,25
647,24201,26
647,24202,27
647,24203,28
647,24204,29
647,24205,30
647,24206,31
647,24207,32
647,24208,33
647,24209,34
647,24210,35
647,24211,36
647,24212,37
647,24213,38
647,24214,39
647,24215,40
647,24216,41
647,24217,42
647,24218,43
647,24219,44
647,24220,45
647,24221,46
647,24222,47
647,24223,48
648,24224,0
648,24225,1
648,24226,2
648,24227,3
648,24228,4
648,24229,5
648,24230,6
648,24231,7
648,24232,8
648,24233,9
648,24234,10
648,24235,11
648,24236,12
648,24237,13
648,24238,14
648,24239,15
648,24240,16
648,24241,17
648,24242,18
648,24243,19
648,24244,20
648,24245,21
648,24246,22
648,24247,23
648,24248,24
648,24249,25
648,24250,26
648,24251,27
648,24252,28
648,24253,29
648,24254,30
648,24255,31
648,24256,32
648,24257,33
648,24258,34
648,24259,35
648,24260,36
648,24261,37
648,24262,38
649,24263,0
649,24264,1
649,24265,2
649,24266,3
649,24267,4
649,24268,5
649,24269,6
649,24270,7
649,24271,8
649,24272,9
649,24273,10
649,24274,11
649,24275,12
649,24276,13
649,24277,14
649,24278,15
649,24279,16
649,24280,17
649,24281,18
649,24282,19
649,24283,20
649,24284,21
649,24285,22
649,24286,23
649,24287,24
649,24288,25
649,24289,26
649,24290,27
649,24291,28
649,24292,29
649,24293,30
649,24294,31
649,24295,32
649,24296,33
649,24297,34
649,24298,35
649,24299,36
649,24300,37
649,24301,38
649,24302,39
649,24303,40
650,24304,0
650,24305,1
650,24306,2
650,24307,3
650,24308,4
650,24309,5
650,24310,6
650,24311,7
650,24312,8
650,24313,9
650,24314,10
650,24315,11
650,24316,12
650,24317,13
650,24318,14
650,24319,15
650,24320,16
650,24321,17
650,24322,18
650,24323,19
650,24324,20
650,24325,21
650,24326,22
650,24327,23
650,24328,24
650,24329,25
650,24330,26
650,24331,27
650,24332,28
650,24333,29
650,24334,30
650,24335,31
650,24336,32
651,24337,0
651,24338,1
651,24339,2
651,24340,3
651,24341,4
651,24342,5
651,24343,6
651,24344,7
651,24345,8
651,24346,9
651,24347,10
651,24348,11
651,24349,12
651,24350,13
651,24351,14
651,24352,15
651,24353,16
651,24354,17
651,24355,18
651,24356,19
651,24357,20
651,24358,21
651,24359,22
651,24360,23
651,24361,24
651,24362,25
651,24363,26
651,24364,27
651,24365,28
651,24366,29
651,24367,30
651,24368,31
652,24369,0
652,24370,1
652,24371,2
652,24372,3
652,24373,4
652,24374,5
652,24375,6
652,24376,7
652,24377,8
652,24378,9
652,24379,10
652,24380,11
652,24381,12
652,24382,13
652,24383,14
652,24384,15
652,24385,16
652,24386,17
652,24387,18
652,24388,19
652,24389,20
652,24390,21
652,24391,22
652,24392,23
652,24393,24
652,24394,25
652,24395,26
652,24396,27
652,24397,28
652,24398,29
652,24399,30
652,24400,31
652,24401,32
652,24402,33
652,24403,34
652,24404,35
652,24405,36
653,24406,0
653,24407,1
653,24408,2
653,24409,3
653,24410,4
653,24411,5
653,24412,6
653,24413,7
653,24414,8
653,24415,9
653,24416,10
653,24417,11
653,24418,12
653,24419,13
653,24420,14
653,24421,15
653,24422,16
653,24423,17
653,24424,18
653,24425,19
653,24426,20
653,24427,21
653,24428,22
653,24429,23
653,24430,24
653,24431,25
653,24432,26
653,24433,27
653,24434,28
653,24435,29
653,24436,30
653,24437,31
653,24438,32
653,24439,33
653,24440,34
653,24441,35
653,24442,36
654,24443,0
654,24444,1
654,24445,2
654,24446,3
654,24447,4
654,24448,5
654,24449,6
654,24450,7
654,24451,8
654,24452,9
654,24453,10
654,24454,11
654,24455,12
654,24456,13
654,24457,14
654,24458,15
654,24459,16
654,24460,17
654,24461,18
654,24462,19
654,24463,20
654,24464,21
654,24465,22
654,24466,23
654,24467,24
654,24468,25
654,24469,26
654,24470,27
654,24471,28
654,24472,29
654,24473,30
654,24474,31
654,24475,32
654,24476,33
654,24477,34
654,24478,35
654,24479,36
654,24480,37
654,24481,38
654,24482,39
654,24483,40
654,24484,41
654,24485,42
654,24486,43
654,24487,44
654,24488,45
654,24489,46
654,24490,47
654,24491,48
654,24492,49
654,24493,50
654,24494,51
654,24495,52
654,24496,53
654,24497,54
654,24498,55
654,24499,56
654,24500,57
654,24501,58
654,24502,59
655,24503,0
655,24504,1
655,24505,2
655,24506,3
655,24507,4
655,24508,5
655,24509,6
655,24510,7
655,24511,8
655,24512,9
655,24513,10
655,24514,11
655,24515,12
655,24516,13
655,24517,14
655,24518,15
655,24519,16
655,24520,17
655,24521,18
655,24522,19
655,24523,20
655,24524,21
655,24525,22
655,24526,23
655,24527,24
655,24528,25
655,24529,26
655,24530,27
655,24531,28
655,24532,29
655,24533,30
655,24534,31
655,24535,32
655,24536,33
655,24537,34
655,24538,35
655,24539,36
655,24540,37
655,24541,38
655,24542,39
655,24543,40
655,24544,41
655,24545,42
655,24546,43
655,24547,44
655,24548,45
655,24549,46
655,24550,47
655,24551,48
656,24552,0
656,24553,1
656,24554,2
656,24555,3
656,24556,4
656,24557,5
656,24558,6
656,24559,7
656,24560,8
656,24561,9
656,24562,10
656,24563,11
656,24564,12
656,24565,13
656,24566,14
656,24567,15
656,24568,16
656,24569,17
656,24570,18
656,24571,19
656,24572,20
656,24573,21
656,24574,22
656,24575,23
656,24576,24
656,24577,25
656,24578,26
656,24579,27
656,24580,28
656,24581,29
656,24582,30
656,24583,31
656,24584,32
656,24585,33
656,24586,34
656,24587,35
656,24588,36
656,24589,37
656,24590,38
656,24591,39
656,24592,40
656,24593,41
656,24594,42
656,24595,43
656,24596,44
656,24597,45
656,24598,46
656,24599,47
656,24600,48
657,24601,0
657,24602,1
657,24603,2
657,24604,3
657,24605,4
657,24606,5
657,24607,6
657,24608,7
657,24609,8
657,24610,9
657,24611,10
657,24612,11
657,24613,12
657,24614,13
657,24615,14
657,24616,15
657,24617,16
657,24618,17
657,24619,18
657,24620,19
657,24621,20
657,24622,21
657,24623,22
657,24624,23
657,24625,24
657,24626,25
657,24627,26
657,24628,27
657,24629,28
657,24630,29
657,24631,30
657,24632,31
657,24633,32
657,24634,33
657,24635,34
657,24636,35
657,24637,36
657,24638,37
657,24639,38
657,24640,39
657,24641,40
657,24642,41
657,24643,42
657,24644,43
657,24645,44
657,24646,45
657,24647,46
657,24648,47
657,24649,48
657,24650,49
657,24651,50
657,24652,51
657,24653,52
658,24654,0
658,24655,1
658,24656,2
658,24657,3
658,24658,4
658,24659,5
658,24660,6
658,24661,7
658,24662,8
658,24663,9
658,24664,10
658,24665,11
658,24666,12
658,24667,13
658,24668,14
658,24669,15
658,24670,16
658,24671,17
658,24672,18
658,24673,19
658,24674,20
658,24675,21
658,24676,22
658,24677,23
658,24678,24
658,24679,25
658,24680,26
658,24681,27
658,24682,28
658,24683,29
658,24684,30
658,24685,31
658,24686,32
658,24687,33
658,24688,34
658,24689,35
658,24690,36
658,24691,37
658,24692,38
658,24693,39
658,24694,40
658,24695,41
658,24696,42
658,24697,43
658,24698,44
658,24699,45
658,24700,46
658,24701,47
658,24702,48
658,24703,49
658,24704,50
658,24705,51
658,24706,52
659,24707,0
659,24708,1
659,24709,2
659,24710,3
659,24711,4
659,24712,5
659,24713,6
659,24714,7
659,24715,8
659,24716,9
659,24717,10
659,24718,11
659,24719,12
659,24720,13
659,24721,14
659,24722,15
659,24723,16
659,24724,17
659,24725,18
659,24726,19
659,24727,20
659,24728,21
659,24729,22
659,24730,23
659,24731,24
659,24732,25
659,24733,26
659,24734,27
659,24735,28
659,24736,29
659,24737,30
659,24738,31
659,24739,32
659,24740,33
659,24741,34
659,24742,35
659,24743,36
659,24744,37
660,24745,0
660,24746,1
660,24747,2
660,24748,3
660,24749,4
660,24750,5
660,24751,6
660,24752,7
660,24753,8
660,24754,9
660,24755,10
660,24756,11
660,24757,12
660,24758,13
660,24759,14
660,24760,15
660,24761,16
660,24762,17
660,24763,18
660,24764,19
660,24765,20
660,24766,21
660,24767,22
660,24768,23
660,24769,24
660,24770,25
660,24771,26
660,24772,27
660,24773,28
660,24774,29
660,24775,30
660,24776,31
660,24777,32
660,24778,33
660,24779,34
660,24780,35
660,24781,36
660,24782,37
661,24783,0
661,24784,1
661,24785,2
661,24786,3
661,24787,4
661,24788,5
661,24789,6
661,24790,7
661,24791,8
661,24792,9
661,24793,10
661,24794,11
661,24795,12
661,24796,13
661,24797,14
661,24798,15
661,24799,16
661,24800,17
661,24801,18
661,24802,19
661,24803,20
661,24804,21
661,24805,22
661,24806,23
661,24807,24
661,24808,25
661,24809,26
661,24810,27
661,24811,28
661,24812,29
661,24813,30
661,24814,31
661,24815,32
661,24816,33
661,24817,34
661,24818,35
661,24819,36
661,24820,37
661,24821,38
661,24822,39
661,24823,40
661,24824,41
661,24825,42
661,24826,43
661,24827,44
661,24828,45
661,24829,46
661,24830,47
661,24831,48
661,24832,49
661,24833,50
661,24834,51
661,24835,52
661,24836,53
662,24837,0
662,24838,1
662,24839,2
662,24840,3
662,24841,4
662,24842,5
662,24843,6
662,24844,7
662,24845,8
662,24846,9
662,24847,10
662,24848,11
662,24849,12
662,24850,13
662,24851,14
662,24852,15
662,24853,16
662,24854,17
662,24855,18
662,24856,19
662,24857,20
662,24858,21
662,24859,22
662,24860,23
662,24861,24
662,24862,25
662,24863,26
662,24864,27
662,24865,28
662,24866,29
662,24867,30
662,24868,31
662,24869,32
662,24870,33
662,24871,34
662,24872,35
662,24873,36
662,24874,37
662,24875,38
662,24876,39
662,24877,40
662,24878,41
662,24879,42
662,24880,43
662,24881,44
662,24882,45
662,24883,46
662,24884,47
662,24885,48
662,24886,49
662,24887,50
662,24888,51
662,24889,52
662,24890,53
662,24891,54
663,24892,0
663,24893,1
663,24894,2
663,24895,3
663,24896,4
663,24897,5
663,24898,6
663,24899,7
663,24900,8
663,24901,9
663,24902,10
663,24903,11
663,24904,12
663,24905,13
663,24906,14
663,24907,15
663,24908,16
663,24909,17
663,24910,18
663,24911,19
663,24912,20
663,24913,21
663,24914,22
663,24915,23
663,24916,24
663,24917,25
663,24918,26
663,24919,27
663,24920,28
663,24921,29
664,24922,0
664,24923,1
664,24924,2
664,24925,3
664,24926,4
664,24927,5
664,24928,6
664,24929,7
664,24930,8
664,24931,9
664,24932,10
664,24933,11
664,24934,12
664,24935,13
664,24936,14
664,24937,15
664,24938,16
664,24939,17
664,24940,18
664,24941,19
664,24942,20
664,24943,21
664,24944,22
664,24945,23
664,24946,24
664,24947,25
664,24948,26
664,24949,27
664,24950,28
664,24951,29
664,24952,30
664,24953,31
665,24954,0
665,24955,1
665,24956,2
665,24957,3
665,24958,4
665,24959,5
665,24960,6
665,24961,7
665,24962,8
665,24963,9
665,24964,10
665,24965,11
665,24966,12
665,24967,13
665,24968,14
665,24969,15
665,24970,16
665,24971,17
665,24972,18
665,24973,19
665,24974,20
665,24975,21
665,24976,22
665,24977,23
665,24978,24
665,24979,25
666,24980,0
666,24981,1
666,24982,2
666,24983,3
666,24984,4
666,24985,5
666,24986,6
666,24987,7
666,24988,8
666,24989,9
666,24990,10
666,24991,11
666,24992,12
666,24993,13
666,24994,14
666,24995,15
666,24996,16
666,24997,17
666,24998,18
666,24999,19
666,25000,20
666,25001,21
666,25002,22
666,25003,23
666,25004,24
666,25005,25
666,25006,26
666,25007,27
666,25008,28
667,25009,0
667,25010,1
667,25011,2
667,25012,3
667,25013,4
667,25014,5
667,25015,6
667,25016,7
667,25017,8
667,25018,9
667,25019,10
667,25020,11
667,25021,12
667,25022,13
667,25023,14
667,25024,15
667,25025,16
667,25026,17
667,25027,18
667,25028,19
667,25029,20
667,25030,21
667,25031,22
667,25032,23
667,25033,24
667,25034,25
667,25035,26
667,25036,27
667,25037,28
667,25038,29
667,25039,30
667,25040,31
667,25041,32
667,25042,33
667,25043,34
667,25044,35
667,25045,36
668,25046,0
668,25047,1
668,25048,2
668,25049,3
668,25050,4
668,25051,5
668,25052,6
668,25053,7
668,25054,8
668,25055,9
668,25056,10
668,25057,11
668,25058,12
668,25059,13
668,25060,14
668,25061,15
668,25062,16
668,25063,17
668,25064,18
668,25065,19
668,25066,20
668,25067,21
668,25068,22
668,25069,23
668,25070,24
668,25071,25
668,25072,26
668,25073,27
668,25074,28
668,25075,29
668,25076,30
668,25077,31
668,25078,32
668,25079,33
668,25080,34
669,25081,0
669,25082,1
669,25083,2
669,25084,3
669,25085,4
669,25086,5
669,25087,6
669,25088,7
669,25089,8
669,25090,9
669,25091,10
669,25092,11
669,25093,12
669,25094,13
669,25095,14
669,25096,15
669,25097,16
669,25098,17
669,25099,18
669,25100,19
669,25101,20
669,25102,21
670,25103,0
670,25104,1
670,25105,2
670,25106,3
670,25107,4
670,25108,5
670,25109,6
670,25110,7
670,25111,8
670,25112,9
670,25113,10
670,25114,11
670,25115,12
670,25116,13
670,25117,14
670,25118,15
670,25119,16
670,25120,17
670,25121,18
670,25122,19
670,25123,20
670,25124,21
670,25125,22
670,25126,23
670,25127,24
671,25128,0
671,25129,1
671,25130,2
671,25131,3
671,25132,4
671,25133,5
671,25134,6
671,25135,7
671,25136,8
671,25137,9
671,25138,10
671,25139,11
671,25140,12
671,25141,13
671,25142,14
671,25143,15
671,25144,16
671,25145,17
671,25146,18
671,25147,19
671,25148,20
671,25149,21
671,25150,22
671,25151,23
671,25152,24
671,25153,25
671,25154,26
671,25155,27
671,25156,28
671,25157,29
671,25158,30
671,25159,31
671,25160,32
671,25161,33
671,25162,34
671,25163,35
671,25164,36
671,25165,37
671,25166,38
671,25167,39
671,25168,40
671,25169,41
671,25170,42
671,25171,43
671,25172,44
671,25173,45
671,25174,46
671,25175,47
671,25176,48
671,25177,49
671,25178,50
671,25179,51
671,25180,52
671,25181,53
671,25182,54
671,25183,55
671,25184,56
671,25185,57
671,25186,58
671,25187,59
671,25188,60
671,25189,61
671,25190,62
671,25191,63
671,25192,64
671,25193,65
671,25194,66
672,25195,0
672,25196,1
672,25197,2
672,25198,3
672,25199,4
672,25200,5
672,25201,6
672,25202,7
672,25203,8
672,25204,9
672,25205,10
672,25206,11
672,25207,12
672,25208,13
672,25209,14
672,25210,15
672,25211,16
672,25212,17
672,25213,18
672,25214,19
672,25215,20
672,25216,21
672,25217,22
672,25218,23
672,25219,24
672,25220,25
672,25221,26
672,25222,27
672,25223,28
672,25224,29
672,25225,30
672,25226,31
672,25227,32
672,25228,33
672,25229,34
672,25230,35
672,25231,36
672,25232,37
672,25233,38
672,25234,39
672,25235,40
672,25236,41
672,25237,42
672,25238,43
672,25239,44
672,25240,45
672,25241,46
672,25242,47
672,25243,48
672,25244,49
672,25245,50
672,25246,51
672,25247,52
672,25248,53
672,25249,54
672,25250,55
672,25251,56
672,25252,57
673,25253,0
673,25254,1
673,25255,2
673,25256,3
673,25257,4
673,25258,5
673,25259,6
673,25260,7
673,25261,8
673,25262,9
673,25263,10
673,25264,11
673,25265,12
673,25266,13
673,25267,14
673,25268,15
673,25269,16
673,25270,17
673,25271,18
673,25272,19
673,25273,20
673,25274,21
673,25275,22
673,25276,23
673,25277,24
673,25278,25
673,25279,26
673,25280,27
673,25281,28
673,25282,29
673,25283,30
673,25284,31
673,25285,32
673,25286,33
673,25287,34
673,25288,35
673,25289,36
673,25290,37
673,25291,38
673,25292,39
673,25293,40
673,25294,41
673,25295,42
673,25296,43
673,25297,44
673,25298,45
673,25299,46
673,25300,47
673,25301,48
673,25302,49
673,25303,50
673,25304,51
673,25305,52
673,25306,53
673,25307,54
673,25308,55
673,25309,56
673,25310,57
674,25311,0
674,25312,1
674,25313,2
674,25314,3
674,25315,4
674,25316,5
674,25317,6
674,25318,7
674,25319,8
674,25320,9
674,25321,10
674,25322,11
674,25323,12
674,25324,13
674,25325,14
674,25326,15
674,25327,16
674,25328,17
674,25329,18
674,25330,19
674,25331,20
674,25332,21
674,25333,22
674,25334,23
674,25335,24
674,25336,25
674,25337,26
674,25338,27
674,25339,28
674,25340,29
674,25341,30
674,25342,31
674,25343,32
674,25344,33
674,25345,34
674,25346,35
674,25347,36
674,25348,37
674,25349,38
674,25350,39
674,25351,40
674,25352,41
674,25353,42
674,25354,43
674,25355,44
674,25356,45
675,25357,0
675,25358,1
675,25359,2
675,25360,3
675,25361,4
675,25362,5
675,25363,6
675,25364,7
675,25365,8
675,25366,9
675,25367,10
675,25368,11
675,25369,12
675,25370,13
675,25371,14
675,25372,15
675,25373,16
675,25374,17
675,25375,18
675,25376,19
675,25377,20
675,25378,21
675,25379,22
675,25380,23
675,25381,24
675,25382,25
675,25383,26
675,25384,27
675,25385,28
675,25386,29
675,25387,30
675,25388,31
675,25389,32
675,25390,33
675,25391,34
675,25392,35
675,25393,36
675,25394,37
675,25395,38
675,25396,39
675,25397,40
675,25398,41
675,25399,42
675,25400,43
675,25401,44
675,25402,45
676,25403,0
676,25404,1
676,25405,2
676,25406,3
676,25407,4
676,25408,5
676,25409,6
676,25410,7
676,25411,8
676,25412,9
676,25413,10
676,25414,11
676,25415,12
676,25416,13
676,25417,14
676,25418,15
676,25419,16
676,25420,17
676,25421,18
676,25422,19
676,25423,20
676,25424,21
676,25425,22
676,25426,23
676,25427,24
676,25428,25
676,25429,26
676,25430,27
676,25431,28
676,25432,29
676,25433,30
676,25434,31
676,25435,32
676,25436,33
676,25437,34
676,25438,35
676,25439,36
676,25440,37
676,25441,38
676,25442,39
676,25443,40
676,25444,41
676,25445,42
676,25446,43
676,25447,44
677,25448,0
677,25449,1
677,25450,2
677,25451,3
677,25452,4
677,25453,5
677,25454,6
677,25455,7
677,25456,8
677,25457,9
677,25458,10
677,25459,11
677,25460,12
677,25461,13
677,25462,14
677,25463,15
677,25464,16
677,25465,17
677,25466,18
677,25467,19
677,25468,20
677,25469,21
677,25470,22
677,25471,23
677,25472,24
677,25473,25
677,25474,26
677,25475,27
677,25476,28
677,25477,29
677,25478,30
677,25479,31
677,25480,32
677,25481,33
677,25482,34
677,25483,35
677,25484,36
677,25485,37
677,25486,38
677,25487,39
677,25488,40
677,25489,41
678,25490,0
678,25491,1
678,25492,2
678,25493,3
678,25494,4
678,25495,5
678,25496,6
678,25497,7
678,25498,8
678,25499,9
678,25500,10
678,25501,11
678,25502,12
678,25503,13
678,25504,14
678,25505,15
678,25506,16
678,25507,17
678,25508,18
678,25509,19
678,25510,20
678,25511,21
678,25512,22
678,25513,23
678,25514,24
678,25515,25
678,25516,26
678,25517,27
678,25518,28
678,25519,29
678,25520,30
678,25521,31
678,25522,32
678,25523,33
678,25524,34
678,25525,35
678,25526,36
678,25527,37
678,25528,38
678,25529,39
678,25530,40
678,25531,41
678,25532,42
678,25533,43
679,25534,0
679,25566,0
679,25535,1
679,25567,1
679,25536,2
679,25568,2
679,25537,3
679,25569,3
679,25538,4
679,25570,4
679,25539,5
679,25571,5
679,25540,6
679,25572,6
679,25541,7
679,25573,7
679,25542,8
679,25574,8
679,25543,9
679,25575,9
679,25544,10
679,25576,10
679,25545,11
679,25577,11
679,25546,12
679,25578,12
679,25547,13
679,25579,13
679,25548,14
679,25580,14
679,25549,15
679,25581,15
679,25550,16
679,25582,16
679,25551,17
679,25583,17
679,25552,18
679,25584,18
679,25553,19
679,25585,19
679,25554,20
679,25586,20
679,25555,21
679,25587,21
679,25556,22
679,25588,22
679,25557,23
679,25589,23
679,25558,24
679,25590,24
679,25559,25
679,25591,25
679,25560,26
679,25592,26
679,25561,27
679,25593,27
679,25562,28
679,25594,28
679,25563,29
679,25595,29
679,25564,30
679,25596,30
679,25565,31
679,25597,31
679,25598,32
679,25599,33
679,25600,34
680,25601,0
680,25602,1
680,25603,2
680,25604,3
680,25605,4
680,25606,5
680,25607,6
680,25608,7
680,25609,8
680,25610,9
680,25611,10
680,25612,11
680,25613,12
680,25614,13
680,25615,14
680,25616,15
680,25617,16
680,25618,17
680,25619,18
680,25620,19
680,25621,20
680,25622,21
680,25623,22
680,25624,23
680,25625,24
680,25626,25
680,25627,26
680,25628,27
680,25629,28
681,25630,0
681,25631,1
681,25632,2
681,25633,3
681,25634,4
681,25635,5
681,25636,6
681,25637,7
681,25638,8
681,25639,9
681,25640,10
681,25641,11
681,25642,12
681,25643,13
681,25644,14
681,25645,15
681,25646,16
681,25647,17
681,25648,18
681,25649,19
681,25650,20
681,25651,21
681,25652,22
681,25653,23
681,25654,24
681,25655,25
681,25656,26
681,25657,27
681,25658,28
681,25659,29
682,25660,0
682,25661,1
682,25662,2
682,25663,3
682,25664,4
682,25665,5
682,25666,6
682,25667,7
682,25668,8
682,25669,9
682,25670,10
682,25671,11
682,25672,12
682,25673,13
682,25674,14
682,25675,15
682,25676,16
682,25677,17
682,25678,18
682,25679,19
682,25680,20
682,25681,21
682,25682,22
682,25683,23
682,25684,24
683,25685,0
683,25686,1
683,25687,2
683,25688,3
683,25689,4
683,25690,5
683,25691,6
683,25692,7
683,25693,8
683,25694,9
683,25695,10
683,25696,11
683,25697,12
683,25698,13
683,25699,14
683,25700,15
683,25701,16
683,25702,17
683,25703,18
683,25704,19
683,25705,20
683,25706,21
683,25707,22
683,25708,23
683,25709,24
683,25710,25
683,25711,26
683,25712,27
683,25713,28
683,25714,29
684,25715,0
684,25716,1
684,25717,2
684,25718,3
684,25719,4
684,25720,5
684,25721,6
684,25722,7
684,25723,8
684,25724,9
684,25725,10
684,25726,11
684,25727,12
684,25728,13
684,25729,14
684,25730,15
684,25731,16
684,25732,17
684,25733,18
684,25734,19
684,25735,20
684,25736,21
684,25737,22
684,25738,23
684,25739,24
684,25740,25
684,25741,26
684,25742,27
684,25743,28
684,25744,29
684,25745,30
684,25746,31
684,25747,32
684,25748,33
684,25749,34
684,25750,35
684,25751,36
684,25752,37
684,25753,38
684,25754,39
685,25755,0
685,25756,1
685,25757,2
685,25758,3
685,25759,4
685,25760,5
685,25761,6
685,25762,7
685,25763,8
685,25764,9
685,25765,10
685,25766,11
685,25767,12
685,25768,13
685,25769,14
685,25770,15
685,25771,16
685,25772,17
685,25773,18
685,25774,19
685,25775,20
685,25776,21
685,25777,22
685,25778,23
685,25779,24
685,25780,25
685,25781,26
685,25782,27
685,25783,28
685,25784,29
685,25785,30
685,25786,31
685,25787,32
685,25788,33
685,25789,34
685,25790,35
685,25791,36
685,25792,37
685,25793,38
685,25794,39
686,25795,0
686,25796,1
686,25797,2
686,25798,3
686,25799,4
686,25800,5
686,25801,6
686,25802,7
686,25803,8
686,25804,9
686,25805,10
686,25806,11
686,25807,12
686,25808,13
686,25809,14
686,25810,15
686,25811,16
686,25812,17
686,25813,18
686,25814,19
686,25815,20
686,25816,21
687,25817,0
687,25818,1
687,25819,2
687,25820,3
687,25821,4
687,25822,5
687,25823,6
687,25824,7
687,25825,8
687,25826,9
687,25827,10
687,25828,11
687,25829,12
687,25830,13
687,25831,14
687,25832,15
687,25833,16
687,25834,17
687,25835,18
687,25836,19
688,25837,0
688,25838,1
688,25839,2
688,25840,3
688,25841,4
688,25842,5
688,25843,6
688,25844,7
688,25845,8
688,25846,9
688,25847,10
688,25848,11
688,25849,12
688,25850,13
688,25851,14
688,25852,15
688,25853,16
688,25854,17
688,25855,18
688,25856,19
688,25857,20
688,25858,21
688,25859,22
688,25860,23
688,25861,24
688,25862,25
688,25863,26
688,25864,27
688,25865,28
688,25866,29
688,25867,30
688,25868,31
689,25869,0
689,25870,1
689,25871,2
689,25872,3
689,25873,4
689,25874,5
689,25875,6
689,25876,7
689,25877,8
689,25878,9
689,25879,10
689,25880,11
689,25881,12
689,25882,13
689,25883,14
689,25884,15
689,25885,16
689,25886,17
689,25887,18
689,25888,19
689,25889,20
689,25890,21
689,25891,22
689,25892,23
689,25893,24
689,25894,25
689,25895,26
689,25896,27
689,25897,28
689,25898,29
689,25899,30
689,25900,31
690,25901,0
690,25902,1
690,25903,2
690,25904,3
690,25905,4
690,25906,5
690,25907,6
690,25908,7
690,25909,8
690,25910,9
690,25911,10
690,25912,11
690,25913,12
690,25914,13
690,25915,14
690,25916,15
690,25917,16
690,25918,17
690,25919,18
690,25920,19
690,25921,20
691,25922,0
691,25923,1
691,25924,2
691,25925,3
691,25926,4
691,25927,5
691,25928,6
691,25929,7
691,25930,8
691,25931,9
691,25932,10
691,25933,11
691,25934,12
691,25935,13
691,25936,14
691,25937,15
691,25938,16
691,25939,17
691,25940,18
691,25941,19
691,25942,20
691,25943,21
691,25944,22
691,25945,23
692,25946,0
692,25947,1
692,25948,2
692,25949,3
692,25950,4
692,25951,5
692,25952,6
692,25953,7
692,25954,8
692,25955,9
692,25956,10
692,25957,11
692,25958,12
692,25959,13
692,25960,14
692,25961,15
692,25962,16
692,25963,17
692,25964,18
692,25965,19
692,25966,20
692,25967,21
693,25968,0
693,25969,1
693,25970,2
693,25971,3
693,25972,4
693,25973,5
693,25974,6
693,25975,7
693,25976,8
693,25977,9
693,25978,10
693,25979,11
693,25980,12
693,25981,13
693,25982,14
693,25983,15
693,25984,16
693,25985,17
693,25986,18
694,25987,0
694,25988,1
694,25989,2
694,25990,3
694,25991,4
694,25992,5
694,25993,6
694,25994,7
694,25995,8
694,25996,9
694,25997,10
694,25998,11
694,25999,12
694,26000,13
694,26001,14
694,26002,15
694,26003,16
694,26004,17
694,26005,18
694,26006,19
694,26007,20
695,26008,0
695,26009,1
695,26010,2
695,26011,3
695,26012,4
695,26013,5
695,26014,6
695,26015,7
695,26016,8
695,26017,9
695,26018,10
695,26019,11
695,26020,12
695,26021,13
695,26022,14
695,26023,15
695,26024,16
695,26025,17
696,26026,0
696,26027,1
696,26028,2
696,26029,3
696,26030,4
696,26031,5
696,26032,6
696,26033,7
696,26034,8
696,26035,9
696,26036,10
696,26037,11
696,26038,12
696,26039,13
696,26040,14
696,26041,15
696,26042,16
696,26043,17
696,26044,18
696,26045,19
696,26046,20
696,26047,21
696,26048,22
696,26049,23
696,26050,24
697,26051,0
697,26052,1
697,26053,2
697,26054,3
697,26055,4
697,26056,5
697,26057,6
697,26058,7
697,26059,8
697,26060,9
697,26061,10
697,26062,11
697,26063,12
697,26064,13
697,26065,14
697,26066,15
697,26067,16
697,26068,17
697,26069,18
697,26070,19
697,26071,20
697,26072,21
697,26073,22
698,26074,0
698,26075,1
698,26076,2
698,26077,3
698,26078,4
698,26079,5
698,26080,6
698,26081,7
698,26082,8
698,26083,9
698,26084,10
698,26085,11
698,26086,12
698,26087,13
698,26088,14
698,26089,15
698,26090,16
698,26091,17
698,26092,18
698,26093,19
698,26094,20
698,26095,21
698,26096,22
699,26097,0
699,26098,1
699,26099,2
699,26100,3
699,26101,4
699,26102,5
699,26103,6
699,26104,7
699,26105,8
699,26106,9
699,26107,10
699,26108,11
699,26109,12
699,26110,13
699,26111,14
699,26112,15
699,26113,16
699,26114,17
699,26115,18
699,26116,19
699,26117,20
699,26118,21
699,26119,22
699,26120,23
699,26121,24
699,26122,25
699,26123,26
700,26124,1
700,26125,2
700,26126,3
700,26127,4
700,26128,5
700,26129,6
700,26130,7
700,26131,8
700,26132,9
700,26133,10
700,26134,11
700,26135,12
700,26136,13
700,26137,14
700,26138,15
700,26139,16
700,26140,17
700,26141,18
700,26142,19
700,26143,20
700,26144,21
700,26145,22
700,26146,23
700,26147,24
700,26148,25
700,26149,26
700,26150,27
700,26151,28
700,26152,29
700,26153,30
700,26154,31
700,26155,32
700,26156,33
700,26157,34
700,26158,35
700,26159,36
700,26160,37
700,26161,38
700,26162,39
700,26163,40
700,26164,41
700,26165,42
700,26166,43
700,26167,44
700,26168,45
701,26169,1
701,26170,2
701,26171,3
701,26172,4
701,26173,5
701,26174,6
701,26175,7
701,26176,8
701,26177,9
701,26178,10
701,26179,11
701,26180,12
701,26181,13
701,26182,14
701,26183,15
701,26184,16
701,26185,17
701,26186,18
701,26187,19
701,26188,20
701,26189,21
701,26190,22
701,26191,23
701,26192,24
701,26193,25
701,26194,26
701,26195,27
701,26196,28
701,26197,29
701,26198,30
701,26199,31
701,26200,32
701,26201,33
701,26202,34
701,26203,35
701,26204,36
701,26205,37
701,26206,38
701,26207,39
701,26208,40
701,26209,41
701,26210,42
702,26211,0
702,26212,1
702,26213,2
702,26214,3
702,26215,4
702,26216,5
702,26217,6
702,26218,7
702,26219,8
702,26220,9
702,26221,10
702,26222,11
702,26223,12
702,26224,13
702,26225,14
702,26226,15
702,26227,16
702,26228,17
702,26229,18
702,26230,19
702,26231,20
702,26232,21
702,26233,22
702,26234,23
702,26235,24
702,26236,25
702,26237,26
702,26238,27
702,26239,28
702,26240,29
702,26241,30
702,26242,31
703,26243,0
703,26244,1
703,26245,2
703,26246,3
703,26247,4
703,26248,5
703,26249,6
703,26250,7
703,26251,8
703,26252,9
703,26253,10
703,26254,11
703,26255,12
703,26256,13
703,26257,14
703,26258,15
703,26259,16
703,26260,17
703,26261,18
703,26262,19
703,26263,20
703,26264,21
703,26265,22
703,26266,23
703,26267,24
703,26268,25
703,26269,26
703,26270,27
703,26271,28
703,26272,29
704,26273,0
704,26274,1
704,26275,2
704,26276,3
704,26277,4
704,26278,5
704,26279,6
704,26280,7
704,26281,8
704,26282,9
704,26283,10
704,26284,11
704,26285,12
704,26286,13
704,26287,14
704,26288,15
704,26289,16
704,26290,17
704,26291,18
704,26292,19
704,26293,20
704,26294,21
704,26295,22
704,26296,23
704,26297,24
704,26298,25
704,26299,26
704,26300,27
704,26301,28
704,26302,29
704,26303,30
704,26304,31
704,26305,32
704,26306,33
704,26307,34
704,26308,35
704,26309,36
704,26310,37
704,26311,38
704,26312,39
704,26313,40
704,26314,41
704,26315,42
704,26316,43
704,26317,44
704,26318,45
704,26319,46
704,26320,47
704,26321,48
705,26322,0
705,26323,1
705,26324,2
705,26325,3
705,26326,4
705,26327,5
705,26328,6
705,26329,7
705,26330,8
705,26331,9
705,26332,10
705,26333,11
705,26334,12
705,26335,13
705,26336,14
705,26337,15
705,26338,16
705,26339,17
705,26340,18
705,26341,19
705,26342,20
705,26343,21
705,26344,22
705,26345,23
705,26346,24
705,26347,25
705,26348,26
705,26349,27
705,26350,28
705,26351,29
705,26352,30
705,26353,31
705,26354,32
705,26355,33
705,26356,34
705,26357,35
705,26358,36
705,26359,37
705,26360,38
705,26361,39
705,26362,40
705,26363,41
705,26364,42
705,26365,43
705,26366,44
706,26367,0
706,26368,1
706,26369,2
706,26370,3
706,26371,4
706,26372,5
706,26373,6
706,26374,7
706,26375,8
706,26376,9
706,26377,10
706,26378,11
706,26379,12
706,26380,13
706,26381,14
706,26382,15
706,26383,16
706,26384,17
706,26385,18
706,26386,19
706,26387,20
706,26388,21
706,26389,22
706,26390,23
706,26391,24
706,26392,25
706,26393,26
706,26394,27
706,26395,28
706,26396,29
706,26397,30
706,26398,31
706,26399,32
706,26400,33
706,26401,34
706,26402,35
706,26403,36
706,26404,37
706,26405,38
706,26406,39
706,26407,40
706,26408,41
706,26409,42
706,26410,43
706,26411,44
706,26412,45
706,26413,46
706,26414,47
706,26415,48
706,26416,49
706,26417,50
706,26418,51
706,26419,52
706,26420,53
707,26421,0
707,26422,1
707,26423,2
707,26424,3
707,26425,4
707,26426,5
707,26427,6
707,26428,7
707,26429,8
707,26430,9
707,26431,10
707,26432,11
707,26433,12
707,26434,13
707,26435,14
707,26436,15
707,26437,16
707,26438,17
707,26439,18
707,26440,19
707,26441,20
707,26442,21
707,26443,22
707,26444,23
707,26445,24
707,26446,25
707,26447,26
707,26448,27
707,26449,28
707,26450,29
707,26451,30
707,26452,31
707,26453,32
707,26454,33
707,26455,34
707,26456,35
707,26457,36
707,26458,37
707,26459,38
707,26460,39
707,26461,40
707,26462,41
707,26463,42
707,26464,43
707,26465,44
707,26466,45
707,26467,46
707,26468,47
708,26469,0
708,26470,1
708,26471,2
708,26472,3
708,26473,4
708,26474,5
708,26475,6
708,26476,7
708,26477,8
708,26478,9
708,26479,10
708,26480,11
708,26481,12
708,26482,13
708,26483,14
708,26484,15
708,26485,16
708,26486,17
708,26487,18
708,26488,19
708,26489,20
708,26490,21
708,26491,22
708,26492,23
708,26493,24
708,26494,25
708,26495,26
708,26496,27
708,26497,28
708,26498,29
708,26499,30
708,26500,31
708,26501,32
708,26502,33
708,26503,34
708,26504,35
708,26505,36
708,26506,37
708,26507,38
708,26508,39
708,26509,40
708,26510,41
708,26511,42
708,26512,43
708,26513,44
708,26514,45
708,26515,46
708,26516,47
708,26517,48
708,26518,49
708,26519,50
709,26520,0
709,26521,1
709,26522,2
709,26523,3
709,26524,4
709,26525,5
709,26526,6
709,26527,7
709,26528,8
709,26529,9
709,26530,10
709,26531,11
709,26532,12
709,26533,13
709,26534,14
709,26535,15
709,26536,16
709,26537,17
709,26538,18
709,26539,19
709,26540,20
709,26541,21
709,26542,22
709,26543,23
709,26544,24
709,26545,25
709,26546,26
709,26547,27
709,26548,28
709,26549,29
709,26550,30
709,26551,31
709,26552,32
709,26553,33
709,26554,34
709,26555,35
709,26556,36
709,26557,37
709,26558,38
709,26559,39
709,26560,40
709,26561,41
709,26562,42
709,26563,43
709,26564,44
709,26565,45
709,26566,46
709,26567,47
709,26568,48
709,26569,49
709,26570,50
709,26571,51
709,26572,52
710,26573,0
710,26574,1
710,26575,2
710,26576,3
710,26577,4
710,26578,5
710,26579,6
710,26580,7
710,26581,8
710,26582,9
710,26583,10
710,26584,11
710,26585,12
710,26586,13
710,26587,14
710,26588,15
710,26589,16
710,26590,17
710,26591,18
710,26592,19
710,26593,20
710,26594,21
710,26595,22
710,26596,23
710,26597,24
710,26598,25
710,26599,26
710,26600,27
710,26601,28
710,26602,29
710,26603,30
710,26604,31
710,26605,32
710,26606,33
710,26607,34
710,26608,35
710,26609,36
710,26610,37
710,26611,38
710,26612,39
711,26613,0
711,26614,1
711,26615,2
711,26616,3
711,26617,4
711,26618,5
711,26619,6
711,26620,7
711,26621,8
711,26622,9
711,26623,10
711,26624,11
711,26625,12
711,26626,13
711,26627,14
711,26628,15
711,26629,16
711,26630,17
711,26631,18
711,26632,19
711,26633,20
711,26634,21
711,26635,22
711,26636,23
711,26637,24
711,26638,25
711,26639,26
711,26640,27
711,26641,28
711,26642,29
711,26643,30
711,26644,31
711,26645,32
711,26646,33
711,26647,34
711,26648,35
711,26649,36
711,26650,37
711,26651,38
711,26652,39
711,26653,40
711,26654,41
712,26655,0
712,26656,1
712,26657,2
712,26658,3
712,26659,4
712,26660,5
712,26661,6
712,26662,7
712,26663,8
712,26664,9
712,26665,10
712,26666,11
712,26667,12
712,26668,13
712,26669,14
712,26670,15
712,26671,16
712,26672,17
712,26673,18
712,26674,19
712,26675,20
712,26676,21
712,26677,22
712,26678,23
712,26679,24
712,26680,25
712,26681,26
712,26682,27
712,26683,28
712,26684,29
712,26685,30
712,26686,31
712,26687,32
712,26688,33
712,26689,34
712,26690,35
712,26691,36
712,26692,37
712,26693,38
712,26694,39
712,26695,40
712,26696,41
712,26697,42
712,26698,43
712,26699,44
713,26700,0
713,26701,1
713,26702,2
713,26703,3
713,26704,4
713,26705,5
713,26706,6
713,26707,7
713,26708,8
713,26709,9
713,26710,10
713,26711,11
713,26712,12
713,26713,13
713,26714,14
713,26715,15
713,26716,16
713,26717,17
713,26718,18
713,26719,19
713,26720,20
713,26721,21
713,26722,22
713,26723,23
713,26724,24
713,26725,25
713,26726,26
713,26727,27
713,26728,28
713,26729,29
713,26730,30
713,26731,31
713,26732,32
713,26733,33
713,26734,34
713,26735,35
713,26736,36
713,26737,37
713,26738,38
713,26739,39
713,26740,40
713,26741,41
713,26742,42
713,26743,43
713,26744,44
714,26746,0
714,26747,1
714,26748,2
714,26749,3
714,26750,4
714,26751,5
714,26752,6
714,26753,7
714,26754,8
714,26755,9
714,26756,10
714,26757,11
714,26758,12
714,26759,13
714,26760,14
714,26761,15
714,26762,16
714,26763,17
714,26764,18
714,26765,19
714,26766,20
714,26767,21
714,26768,22
714,26769,23
714,26770,24
714,26771,25
714,26772,26
714,26773,27
714,26774,28
714,26775,29
714,26776,30
714,26777,31
714,26778,32
714,26779,33
714,26780,34
714,26781,35
714,26782,36
714,26783,37
714,26784,38
714,26785,39
714,26786,40
714,26787,41
714,26788,42
714,26789,43
714,26790,44
714,26791,45
715,26792,0
715,26793,1
715,26794,2
715,26795,3
715,26796,4
715,26797,5
715,26798,6
715,26799,7
715,26800,8
715,26801,9
715,26802,10
715,26803,11
715,26804,12
715,26805,13
715,26806,14
715,26807,15
715,26808,16
715,26809,17
715,26810,18
715,26811,19
715,26812,20
715,26813,21
715,26814,22
715,26815,23
715,26816,24
715,26817,25
715,26818,26
715,26819,27
715,26820,28
715,26821,29
715,26822,30
715,26823,31
715,26824,32
715,26825,33
715,26826,34
715,26827,35
715,26828,36
715,26829,37
715,26830,38
715,26831,39
715,26832,40
715,26833,41
715,26834,42
715,26835,43
716,26836,0
716,26837,1
716,26838,2
716,26839,3
716,26840,4
716,26841,5
716,26842,6
716,26843,7
716,26844,8
716,26845,9
716,26846,10
716,26847,11
716,26848,12
716,26849,13
716,26850,14
716,26851,15
716,26852,16
716,26853,17
716,26854,18
716,26855,19
716,26856,20
716,26857,21
716,26858,22
716,26859,23
716,26860,24
716,26861,25
716,26862,26
716,26863,27
716,26864,28
716,26865,29
716,26866,30
716,26867,31
716,26868,32
716,26869,33
716,26870,34
716,26871,35
716,26872,36
716,26873,37
716,26874,38
716,26875,39
716,26876,40
716,26877,41
716,26878,42
716,26879,43
717,26880,1
717,26881,2
717,26882,3
717,26883,4
717,26884,5
717,26885,6
717,26886,7
717,26887,8
717,26888,9
717,26889,10
717,26890,11
717,26891,12
717,26892,13
717,26893,14
717,26894,15
717,26895,16
717,26896,17
717,26897,18
717,26898,19
717,26899,20
717,26900,21
717,26901,22
717,26902,23
717,26903,24
717,26904,25
717,26905,26
717,26906,27
717,26907,28
717,26908,29
717,26909,30
717,26910,31
717,26911,32
717,26912,33
717,26913,34
717,26914,35
717,26915,36
717,26916,37
717,26917,38
717,26918,39
717,26919,40
717,26920,41
717,26921,42
717,26922,43
717,26923,44
717,26924,45
717,26925,46
717,26926,47
717,26927,48
717,26928,49
717,26929,50
717,26930,51
717,26931,52
717,26932,53
718,26933,1
718,26934,2
718,26935,3
718,26936,4
718,26937,5
718,26938,6
718,26939,7
718,26940,8
718,26941,9
718,26942,10
718,26943,11
718,26944,12
718,26945,13
718,26946,14
718,26947,15
718,26948,16
718,26949,17
718,26950,18
718,26951,19
718,26952,20
718,26953,21
718,26954,22
718,26955,23
718,26956,24
718,26957,25
718,26958,26
718,26959,27
718,26960,28
718,26961,29
718,26962,30
718,26963,31
718,26964,32
718,26965,33
718,26966,34
718,26967,35
718,26968,36
718,26969,37
718,26970,38
718,26971,39
718,26972,40
718,26973,41
718,26974,42
718,26975,43
718,26976,44
718,26977,45
718,26978,46
718,26979,47
718,26980,48
718,26981,49
718,26982,50
718,26983,51
719,26984,0
719,26985,1
719,26986,2
719,26987,3
719,26988,4
719,26989,5
719,26990,6
719,26991,7
719,26992,8
719,26993,9
719,26994,10
719,26995,11
719,26996,12
719,26997,13
719,26998,14
719,26999,15
719,27000,16
719,27001,17
719,27002,18
719,27003,19
719,27004,20
719,27005,21
719,27006,22
719,27007,23
719,27008,24
719,27009,25
719,27010,26
719,27011,27
719,27012,28
719,27013,29
719,27014,30
719,27015,31
719,27016,32
719,27017,33
719,27018,34
719,27019,35
719,27020,36
720,27021,0
720,27022,1
720,27023,2
720,27024,3
720,27025,4
720,27026,5
720,27027,6
720,27028,7
720,27029,8
720,27030,9
720,27031,10
720,27032,11
720,27033,12
720,27034,13
720,27035,14
720,27036,15
720,27037,16
720,27038,17
720,27039,18
720,27040,19
720,27041,20
720,27042,21
720,27043,22
720,27044,23
720,27045,24
720,27046,25
720,27047,26
720,27048,27
720,27049,28
720,27050,29
720,27051,30
720,27052,31
720,27053,32
720,27054,33
720,27055,34
720,27056,35
720,27057,36
721,27058,1
721,27059,2
721,27060,3
721,27061,4
721,27062,5
721,27063,6
721,27064,7
721,27065,8
721,27066,9
721,27067,10
721,27068,11
721,27069,12
721,27070,13
721,27071,14
721,27072,15
721,27073,16
721,27074,17
721,27075,18
721,27076,19
721,27077,20
721,27078,21
721,27079,22
721,27080,23
721,27081,24
721,27082,25
721,27083,26
721,27084,27
721,27085,28
721,27086,29
721,27087,30
721,27088,31
721,27089,32
722,27090,1
722,27091,2
722,27092,3
722,27093,4
722,27094,5
722,27095,6
722,27096,7
722,27097,8
722,27098,9
722,27099,10
722,27100,11
722,27101,12
722,27102,13
722,27103,14
722,27104,15
722,27105,16
722,27106,17
722,27107,18
722,27108,19
722,27109,20
722,27110,21
722,27111,22
722,27112,23
722,27113,24
722,27114,25
722,27115,26
722,27116,27
722,27117,28
722,27118,29
722,27119,30
722,27120,31
722,27121,32
722,27122,33
723,27123,1
723,27124,2
723,27125,3
723,27126,4
723,27127,5
723,27128,6
723,27129,7
723,27130,8
723,27131,9
723,27132,10
723,27133,11
723,27134,12
723,27135,13
723,27136,14
723,27137,15
723,27138,16
723,27139,17
723,27140,18
723,27141,19
723,27142,20
723,27143,21
723,27144,22
723,27145,23
723,27146,24
723,27147,25
723,27148,26
723,27149,27
723,27150,28
723,27151,29
723,27152,30
723,27153,31
723,27154,32
723,27155,33
724,27156,1
724,27157,2
724,27158,3
724,27159,4
724,27160,5
724,27161,6
724,27162,7
724,27163,8
724,27164,9
724,27165,10
724,27166,11
724,27167,12
724,27168,13
724,27169,14
724,27170,15
724,27171,16
724,27172,17
724,27173,18
724,27174,19
724,27175,20
724,27176,21
724,27177,22
724,27178,23
724,27179,24
724,27180,25
724,27181,26
724,27182,27
724,27183,28
724,27184,29
724,27185,30
724,27186,31
724,27187,32
724,27188,33
725,27189,1
725,27190,2
725,27191,3
725,27192,4
725,27193,5
725,27194,6
725,27195,7
725,27196,8
725,27197,9
725,27198,10
725,27199,11
725,27200,12
725,27201,13
725,27202,14
725,27203,15
725,27204,16
725,27205,17
725,27206,18
725,27207,19
725,27208,20
725,27209,21
725,27210,22
725,27211,23
725,27212,24
725,27213,25
725,27214,26
725,27215,27
725,27216,28
725,27217,29
725,27218,30
725,27219,31
725,27220,32
725,27221,33
725,27222,34
725,27223,35
725,27224,36
725,27225,37
725,27226,38
726,27227,1
726,27228,2
726,27229,3
726,27230,4
726,27231,5
726,27232,6
726,27233,7
726,27234,8
726,27235,9
726,27236,10
726,27237,11
726,27238,12
726,27239,13
726,27240,14
726,27241,15
726,27242,16
726,27243,17
726,27244,18
726,27245,19
726,27246,20
726,27247,21
726,27248,22
726,27249,23
726,27250,24
726,27251,25
726,27252,26
726,27253,27
726,27254,28
726,27255,29
726,27256,30
726,27257,31
726,27258,32
726,27259,33
726,27260,34
726,27261,35
726,27262,36
726,27263,37
726,27264,38
727,27265,0
727,27266,1
727,27267,2
727,27268,3
727,27269,4
727,27270,5
727,27271,6
727,27272,7
727,27273,8
727,27274,9
727,27275,10
727,27276,11
727,27277,12
727,27278,13
727,27279,14
727,27280,15
727,27281,16
727,27282,17
727,27283,18
727,27284,19
727,27285,20
727,27286,21
727,27287,22
727,27288,23
727,27289,24
727,27290,25
727,27291,26
727,27292,27
727,27293,28
727,27294,29
728,27295,0
728,27296,1
728,27297,2
728,27298,3
728,27299,4
728,27300,5
728,27301,6
728,27302,7
728,27303,8
728,27304,9
728,27305,10
728,27306,11
728,27307,12
728,27308,13
728,27309,14
728,27310,15
728,27311,16
728,27312,17
728,27313,18
728,27314,19
728,27315,20
728,27316,21
728,27317,22
728,27318,23
728,27319,24
728,27320,25
728,27321,26
728,27322,27
728,27323,28
728,27324,29
729,27325,0
729,27326,1
729,27327,2
729,27328,3
729,27329,4
729,27330,5
729,27331,6
729,27332,7
729,27333,8
729,27334,9
729,27335,10
729,27336,11
729,27337,12
729,27338,13
729,27339,14
729,27340,15
729,27341,16
729,27342,17
729,27343,18
729,27344,19
729,27345,20
729,27346,21
729,27347,22
729,27348,23
729,27349,24
729,27350,25
729,27351,26
729,27352,27
729,27353,28
729,27354,29
730,27355,0
730,27356,1
730,27357,2
730,27358,3
730,27359,4
730,27360,5
730,27361,6
730,27362,7
730,27363,8
730,27364,9
730,27365,10
730,27366,11
730,27367,12
730,27368,13
730,27369,14
730,27370,15
730,27371,16
730,27372,17
730,27373,18
730,27374,19
730,27375,20
730,27376,21
730,27377,22
730,27378,23
730,27379,24
730,27380,25
730,27381,26
731,27382,0
731,27383,1
731,27384,2
731,27385,3
731,27386,4
731,27387,5
731,27388,6
731,27389,7
731,27390,8
731,27391,9
731,27392,10
731,27393,11
731,27394,12
731,27395,13
731,27396,14
731,27397,15
731,27398,16
731,27399,17
731,27400,18
731,27401,19
731,27402,20
731,27403,21
731,27404,22
731,27405,23
731,27406,24
731,27407,25
731,27408,26
731,27409,27
731,27410,28
731,27411,29
731,27412,30
732,27413,0
732,27414,1
732,27415,2
732,27416,3
732,27417,4
732,27418,5
732,27419,6
732,27420,7
732,27421,8
732,27422,9
732,27423,10
732,27424,11
732,27425,12
732,27426,13
732,27427,14
732,27428,15
732,27429,16
732,27430,17
732,27431,18
732,27432,19
732,27433,20
732,27434,21
732,27435,22
732,27436,23
732,27437,24
732,27438,25
732,27439,26
732,27440,27
733,27441,0
733,27442,1
733,27443,2
733,27444,3
733,27445,4
733,27446,5
733,27447,6
733,27448,7
733,27449,8
733,27450,9
733,27451,10
733,27452,11
733,27453,12
733,27454,13
733,27455,14
733,27456,15
733,27457,16
733,27458,17
733,27459,18
733,27460,19
733,27461,20
733,27462,21
733,27463,22
733,27464,23
733,27465,24
733,27466,25
733,27467,26
733,27468,27
733,27469,28
733,27470,29
733,27471,30
733,27472,31
733,27473,32
734,27474,0
734,27475,1
734,27476,2
734,27477,3
734,27478,4
734,27479,5
734,27480,6
734,27481,7
734,27482,8
734,27483,9
734,27484,10
734,27485,11
734,27486,12
734,27487,13
734,27488,14
734,27489,15
734,27490,16
734,27491,17
734,27492,18
734,27493,19
734,27494,20
734,27495,21
734,27496,22
734,27497,23
734,27498,24
734,27499,25
734,27500,26
734,27501,27
734,27502,28
734,27503,29
735,27505,0
735,27506,1
735,27507,2
735,27508,3
735,27509,4
735,27510,5
735,27511,6
735,27512,7
735,27513,8
735,27514,9
735,27515,10
735,27516,11
735,27517,12
735,27518,13
735,27519,14
735,27520,15
735,27521,16
735,27522,17
735,27523,18
736,27524,0
736,27525,1
736,27526,2
736,27527,3
736,27528,4
736,27529,5
736,27530,6
736,27531,7
736,27532,8
736,27533,9
736,27534,10
736,27535,11
736,27536,12
736,27537,13
736,27538,14
736,27539,15
736,27540,16
736,27541,17
736,27542,18
736,27543,19
736,27544,20
736,27545,21
737,27546,0
737,27547,1
737,27548,2
737,27549,3
737,27550,4
737,27551,5
737,27552,6
737,27553,7
737,27554,8
737,27555,9
737,27556,10
737,27557,11
737,27558,12
737,27559,13
737,27560,14
737,27561,15
737,27562,16
737,27563,17
737,27564,18
738,27565,0
738,27566,1
738,27567,2
738,27568,3
738,27569,4
738,27570,5
738,27571,6
738,27572,7
738,27573,8
738,27574,9
738,27575,10
738,27576,11
738,27577,12
738,27578,13
738,27579,14
738,27580,15
738,27581,16
738,27582,17
738,27583,18
738,27584,19
738,27585,20
738,27586,21
738,27587,22
738,27588,23
738,27589,24
738,27590,25
738,27591,26
738,27592,27
738,27593,28
738,27594,29
739,27595,0
739,27596,1
739,27597,2
739,27598,3
739,27599,4
739,27600,5
739,27601,6
739,27602,7
739,27603,8
739,27604,9
739,27605,10
739,27606,11
739,27607,12
739,27608,13
739,27609,14
739,27610,15
739,27611,16
739,27612,17
739,27613,18
739,27614,19
739,27615,20
739,27616,21
739,27617,22
739,27618,23
739,27619,24
739,27620,25
739,27621,26
740,27622,0
740,27623,1
740,27624,2
740,27625,3
740,27626,4
740,27627,5
740,27628,6
740,27629,7
740,27630,8
740,27631,9
740,27632,10
740,27633,11
740,27634,12
741,27635,0
741,27636,1
741,27637,2
741,27638,3
741,27639,4
741,27640,5
741,27641,6
741,27642,7
741,27643,8
741,27644,9
741,27645,10
741,27646,11
741,27647,12
742,27648,0
742,27649,1
742,27650,2
742,27651,3
742,27652,4
742,27653,5
742,27654,6
742,27655,7
742,27656,8
742,27657,9
742,27658,10
743,27659,0
743,27660,1
743,27661,2
743,27662,3
743,27663,4
743,27664,5
743,27665,6
743,27666,7
743,27667,8
743,27668,9
743,27669,10
744,27670,0
744,27671,1
744,27672,2
744,27673,3
744,27674,4
744,27675,5
744,27676,6
744,27677,7
744,27678,8
744,27679,9
744,27680,10
744,27681,11
744,27682,12
744,27683,13
744,27684,14
744,27685,15
744,27686,16
744,27687,17
744,27688,18
744,27689,19
744,27690,20
744,27691,21
744,27692,22
744,27693,23
744,27694,24
744,27695,25
744,27696,26
744,27697,27
744,27698,28
745,27699,0
745,27700,1
745,27701,2
745,27702,3
745,27703,4
745,27704,5
745,27705,6
745,27706,7
745,27707,8
745,27708,9
745,27709,10
745,27710,11
745,27711,12
745,27712,13
745,27713,14
745,27714,15
745,27715,16
745,27716,17
745,27717,18
745,27718,19
745,27719,20
745,27720,21
745,27721,22
745,27722,23
745,27723,24
745,27724,25
745,27725,26
745,27726,27
745,27727,28
746,27728,0
746,27729,1
746,27730,2
746,27731,3
746,27732,4
746,27733,5
746,27734,6
746,27735,7
746,27736,8
746,27737,9
746,27738,10
746,27739,11
746,27740,12
746,27741,13
746,27742,14
746,27743,15
746,27744,16
746,27745,17
746,27746,18
746,27747,19
746,27748,20
746,27749,21
746,27750,22
746,27751,23
746,27752,24
747,27753,0
747,27754,1
747,27755,2
747,27756,3
747,27757,4
747,27758,5
747,27759,6
747,27760,7
747,27761,8
747,27762,9
747,27763,10
747,27764,11
747,27765,12
747,27766,13
747,27767,14
747,27768,15
747,27769,16
747,27770,17
747,27771,18
747,27772,19
747,27773,20
747,27774,21
747,27775,22
747,27776,23
748,27777,0
748,27778,1
748,27779,2
748,27780,3
748,27781,4
748,27782,5
748,27783,6
748,27784,7
748,27785,8
748,27786,9
748,27787,10
748,27788,11
748,27789,12
748,27790,13
748,27791,14
748,27792,15
748,27793,16
748,27794,17
748,27795,18
748,27796,19
748,27797,20
748,27798,21
748,27799,22
748,27800,23
748,27801,24
748,27802,25
748,27803,26
748,27804,27
748,27805,28
748,27806,29
748,27807,30
748,27808,31
748,27809,32
748,27810,33
748,27811,34
749,27812,0
749,27813,1
749,27814,2
749,27815,3
749,27816,4
749,27817,5
749,27818,6
749,27819,7
749,27820,8
749,27821,9
749,27822,10
749,27823,11
749,27824,12
749,27825,13
749,27826,14
749,27827,15
749,27828,16
749,27829,17
749,27830,18
749,27831,19
749,27832,20
749,27833,21
749,27834,22
749,27835,23
749,27836,24
749,27837,25
749,27838,26
749,27839,27
749,27840,28
749,27841,29
749,27842,30
749,27843,31
750,27844,0
750,27845,1
750,27846,2
750,27847,3
750,27848,4
750,27849,5
750,27850,6
750,27851,7
750,27852,8
750,27853,9
750,27854,10
750,27855,11
750,27856,12
750,27857,13
750,27858,14
750,27859,15
750,27860,16
750,27861,17
750,27862,18
750,27863,19
750,27864,20
750,27865,21
750,27866,22
750,27867,23
750,27868,24
750,27869,25
750,27870,26
750,27871,27
750,27872,28
750,27873,29
750,27874,30
750,27875,31
751,27876,0
751,27877,1
751,27878,2
751,27879,3
751,27880,4
751,27881,5
751,27882,6
751,27883,7
751,27884,8
751,27885,9
751,27886,10
751,27887,11
751,27888,12
751,27889,13
751,27890,14
751,27891,15
751,27892,16
751,27893,17
751,27894,18
751,27895,19
751,27896,20
751,27897,21
751,27898,22
751,27899,23
751,27900,24
751,27901,25
751,27902,26
751,27903,27
751,27904,28
751,27905,29
751,27906,30
752,27907,0
752,27908,1
752,27909,2
752,27910,3
752,27911,4
752,27912,5
752,27913,6
752,27914,7
752,27915,8
752,27916,9
752,27917,10
752,27918,11
752,27919,12
752,27920,13
752,27921,14
752,27922,15
752,27923,16
752,27924,17
752,27925,18
752,27926,19
752,27927,20
752,27928,21
752,27929,22
752,27930,23
752,27931,24
752,27932,25
752,27933,26
753,27934,0
753,27935,1
753,27936,2
753,27937,3
753,27938,4
753,27939,5
753,27940,6
753,27941,7
753,27942,8
753,27943,9
753,27944,10
753,27945,11
753,27946,12
753,27947,13
753,27948,14
753,27949,15
753,27950,16
753,27951,17
753,27952,18
753,27953,19
753,27954,20
753,27955,21
753,27956,22
753,27957,23
753,27958,24
754,27959,0
754,27960,1
754,27961,2
754,27962,3
754,27963,4
754,27964,5
754,27965,6
754,27966,7
754,27967,8
754,27968,9
754,27969,10
754,27970,11
754,27971,12
754,27972,13
754,27973,14
754,27974,15
754,27975,16
754,27976,17
754,27977,18
754,27978,19
754,27979,20
754,27980,21
754,27981,22
754,27982,23
754,27983,24
754,27984,25
754,27985,26
754,27986,27
754,27987,28
754,27988,29
754,27989,30
754,27990,31
754,27991,32
754,27992,33
754,27993,34
754,27994,35
754,27995,36
754,27996,37
754,27997,38
754,27998,39
754,27999,40
754,28000,41
754,28001,42
755,28002,0
755,28003,1
755,28004,2
755,28005,3
755,28006,4
755,28007,5
755,28008,6
755,28009,7
755,28010,8
755,28011,9
755,28012,10
755,28013,11
755,28014,12
755,28015,13
755,28016,14
755,28017,15
755,28018,16
755,28019,17
755,28020,18
755,28021,19
755,28022,20
755,28023,21
755,28024,22
755,28025,23
755,28026,24
755,28027,25
755,28028,26
755,28029,27
755,28030,28
755,28031,29
755,28032,30
755,28033,31
755,28034,32
755,28035,33
755,28036,34
755,28037,35
755,28038,36
755,28039,37
755,28040,38
755,28041,39
755,28042,40
755,28043,41
755,28044,42
756,28045,0
756,28046,1
756,28047,2
756,28048,4
756,28048,5
756,28049,6
756,28050,7
756,28051,8
756,28052,9
756,28053,10
756,28054,11
756,28055,12
756,28056,13
756,28057,14
756,28058,15
756,28059,16
756,28060,17
756,28061,18
756,28062,19
756,28063,20
756,28064,21
756,28065,22
756,28066,23
756,28067,24
756,28068,25
756,28069,26
756,28070,27
756,28071,28
756,28072,29
756,28073,30
756,28074,31
756,28075,32
756,28076,33
757,28077,0
757,28078,1
757,28079,2
757,28080,3
757,28081,4
757,28082,5
757,28083,6
757,28084,7
757,28085,8
757,28086,9
757,28087,10
757,28088,11
757,28089,12
757,28090,13
757,28091,14
757,28092,15
757,28093,16
757,28094,17
757,28095,18
757,28096,19
757,28097,20
757,28098,21
757,28099,22
757,28100,23
757,28101,24
757,28102,25
757,28103,26
757,28104,27
757,28105,28
757,28106,29
757,28107,30
757,28108,31
757,28109,32
758,28110,1
758,28111,2
758,28112,3
758,28113,4
758,28114,5
758,28115,6
758,28116,7
758,28117,8
758,28118,9
758,28119,10
758,28120,11
758,28121,12
758,28122,13
758,28123,14
758,28124,15
758,28125,16
758,28126,17
758,28127,18
758,28128,19
758,28129,20
758,28130,21
758,28131,22
758,28132,23
758,28133,24
758,28134,25
758,28135,26
758,28136,27
758,28137,28
758,28138,29
758,28139,30
758,28140,31
758,28141,32
758,28142,33
758,28143,34
758,28144,35
758,28145,36
758,28146,37
758,28147,38
758,28148,39
759,28149,1
759,28150,2
759,28151,3
759,28152,4
759,28153,5
759,28154,6
759,28155,7
759,28156,8
759,28157,9
759,28158,10
759,28159,11
759,28160,12
759,28161,13
759,28162,14
759,28163,15
759,28164,16
759,28165,17
759,28166,18
759,28167,19
759,28168,20
759,28169,21
759,28170,22
759,28171,23
759,28172,24
759,28173,25
759,28174,26
759,28175,27
759,28176,28
759,28177,29
759,28178,30
759,28179,31
759,28180,32
759,28181,33
759,28182,34
759,28183,35
759,28184,36
760,28185,0
760,28186,1
760,28187,2
760,28188,3
760,28189,4
760,28190,5
760,28191,6
760,28192,7
760,28193,8
760,28194,9
760,28195,10
760,28196,11
760,28197,12
760,28198,13
760,28199,14
760,28200,15
760,28201,16
760,28202,17
760,28203,18
760,28204,19
760,28205,20
760,28206,21
760,28207,22
760,28208,23
760,28209,24
760,28210,25
760,28211,26
760,28212,27
761,28213,0
761,28214,1
761,28215,2
761,28216,3
761,28217,4
761,28218,5
761,28219,6
761,28220,7
761,28221,8
761,28222,9
761,28223,10
761,28224,11
761,28225,12
761,28226,13
761,28227,14
761,28228,15
761,28229,16
761,28230,17
761,28231,18
761,28232,19
761,28233,20
761,28234,21
761,28235,22
761,28236,23
761,28237,24
761,28238,25
761,28239,26
761,28240,27
762,28241,0
762,28242,1
762,28243,2
762,28244,3
762,28245,4
762,28246,5
762,28247,6
762,28248,7
762,28249,8
762,28250,9
762,28251,10
762,28252,11
762,28253,12
762,28254,13
762,28255,14
762,28256,15
762,28257,16
762,28258,17
762,28259,18
762,28260,19
762,28261,20
762,28262,21
762,28263,22
762,28264,23
762,28265,24
762,28266,25
762,28267,26
762,28268,27
763,28269,0
763,28270,1
763,28271,2
763,28272,3
763,28273,4
763,28274,5
763,28275,6
763,28276,7
763,28277,8
763,28278,9
763,28279,10
763,28280,11
763,28281,12
763,28282,13
763,28283,14
763,28284,15
763,28285,16
763,28286,17
763,28287,18
763,28288,19
763,28289,20
763,28290,21
763,28291,22
763,28292,23
763,28293,24
763,28294,25
764,28295,0
764,28296,1
764,28297,2
764,28298,3
764,28299,4
764,28300,5
764,28301,6
764,28302,7
764,28303,8
764,28304,9
764,28305,10
764,28306,11
764,28307,12
764,28308,13
764,28309,14
764,28310,15
764,28311,16
764,28312,17
764,28313,18
764,28314,19
764,28315,20
764,28316,21
764,28317,22
764,28318,23
764,28319,24
764,28320,25
764,28321,26
764,28322,27
764,28323,28
764,28324,29
764,28325,30
764,28326,31
764,28327,32
765,28328,0
765,28329,1
765,28330,2
765,28331,3
765,28332,4
765,28333,5
765,28334,6
765,28335,7
765,28336,8
765,28337,9
765,28338,10
765,28339,11
765,28340,12
765,28341,13
765,28342,14
765,28343,15
765,28344,16
765,28345,17
765,28346,18
765,28347,19
765,28348,20
765,28349,21
765,28350,22
765,28351,23
765,28352,24
765,28353,25
765,28354,26
765,28355,27
765,28356,28
765,28357,29
765,28358,30
766,28359,0
766,28360,1
766,28361,2
766,28362,3
766,28363,4
766,28364,5
766,28365,6
766,28366,7
766,28367,8
766,28368,9
766,28369,10
766,28370,11
766,28371,12
766,28372,13
766,28373,14
766,28374,15
766,28375,16
766,28376,17
766,28377,18
766,28378,19
766,28379,20
766,28380,21
766,28381,22
766,28382,23
766,28383,24
766,28384,25
767,28385,0
767,28386,1
767,28387,2
767,28388,3
767,28389,4
767,28390,5
767,28391,6
767,28392,7
767,28393,8
767,28394,9
767,28395,10
767,28396,11
767,28397,12
767,28398,13
767,28399,14
767,28400,15
767,28401,16
767,28402,17
767,28403,18
767,28404,19
767,28405,20
767,28406,21
767,28407,22
767,28408,23
768,28409,0
768,28410,1
768,28411,2
768,28412,3
768,28413,4
768,28414,5
768,28415,6
768,28416,7
768,28417,8
768,28418,9
768,28419,10
768,28420,11
768,28421,12
768,28422,13
768,28423,14
768,28424,15
768,28425,16
768,28426,17
768,28427,18
768,28428,19
768,28429,20
768,28430,21
768,28431,22
768,28432,23
768,28433,24
768,28434,25
768,28435,26
768,28436,27
769,28437,0
769,28438,1
769,28439,2
769,28440,3
769,28441,4
769,28442,5
769,28443,6
769,28444,7
769,28445,8
769,28446,9
769,28447,10
769,28448,11
769,28449,12
769,28450,13
769,28451,14
769,28452,15
769,28453,16
769,28454,17
769,28455,18
769,28456,19
769,28457,20
769,28458,21
769,28459,22
769,28460,23
769,28461,24
769,28462,25
770,28463,0
770,28464,1
770,28465,2
770,28466,3
770,28467,4
770,28468,5
770,28469,6
770,28470,7
770,28471,8
770,28472,9
770,28473,10
770,28474,11
770,28475,12
770,28476,13
770,28477,14
770,28478,15
770,28479,16
770,28480,17
770,28481,18
770,28482,19
770,28483,20
770,28484,21
770,28485,22
770,28486,23
770,28487,24
770,28488,25
770,28489,26
770,28490,27
770,28491,28
770,28492,29
770,28493,30
770,28494,31
770,28495,32
770,28496,33
770,28497,34
770,28498,35
770,28499,36
770,28500,37
770,28501,38
770,28502,39
770,28503,40
770,28504,41
770,28505,42
770,28506,43
770,28507,44
770,28508,45
770,28509,46
770,28510,47
770,28511,48
770,28512,49
771,28513,0
771,28514,1
771,28515,2
771,28516,3
771,28517,4
771,28518,5
771,28519,6
771,28520,7
771,28521,8
771,28522,9
771,28523,10
771,28524,11
771,28525,12
771,28526,13
771,28527,14
771,28528,15
771,28529,16
771,28530,17
771,28531,18
771,28532,19
771,28533,20
771,28534,21
771,28535,22
771,28536,23
771,28537,24
771,28538,25
771,28539,26
771,28540,27
771,28541,28
771,28542,29
771,28543,30
771,28544,31
771,28545,32
771,28546,33
771,28547,34
771,28548,35
771,28549,36
771,28550,37
771,28551,38
771,28552,39
771,28553,40
771,28554,41
771,28555,42
771,28556,43
771,28557,44
771,28558,45
771,28559,46
771,28560,47
772,28561,0
772,28562,1
772,28563,2
772,28564,3
772,28565,4
772,28566,5
772,28567,6
772,28568,7
772,28569,8
772,28570,9
772,28571,10
772,28572,11
772,28573,12
772,28574,13
772,28575,14
772,28576,15
772,28577,16
772,28578,17
772,28579,18
772,28580,19
772,28581,20
772,28582,21
772,28583,22
772,28584,23
772,28585,24
772,28586,25
772,28587,26
772,28588,27
772,28589,28
772,28590,29
772,28591,30
772,28592,31
772,28593,32
772,28594,33
772,28595,34
772,28596,35
772,28597,36
772,28598,37
772,28599,38
772,28600,39
772,28601,40
772,28602,41
772,28603,42
772,28604,43
772,28605,44
772,28606,45
772,28607,46
772,28608,47
772,28609,48
772,28610,49
772,28611,50
772,28612,51
772,28613,52
772,28614,53
772,28615,54
772,28616,55
773,28617,0
773,28618,1
773,28619,2
773,28620,3
773,28621,4
773,28622,5
773,28623,6
773,28624,7
773,28625,8
773,28626,9
773,28627,10
773,28628,11
773,28629,12
773,28630,13
773,28631,14
773,28632,15
773,28633,16
773,28634,17
773,28635,18
773,28636,19
773,28637,20
773,28638,21
773,28639,22
773,28640,23
773,28641,24
773,28642,25
773,28643,26
773,28644,27
773,28645,28
773,28646,29
773,28647,30
773,28648,31
773,28649,32
773,28650,33
773,28651,34
773,28652,35
773,28653,36
773,28654,37
773,28655,38
773,28656,39
773,28657,40
773,28658,41
773,28659,42
773,28660,43
773,28661,44
773,28662,45
773,28663,46
773,28664,47
773,28665,48
773,28666,49
773,28667,50
773,28668,51
773,28669,52
773,28670,53
774,28671,0
774,28672,1
774,28673,2
774,28674,3
774,28675,4
774,28676,5
774,28677,6
774,28678,7
774,28679,8
774,28680,9
774,28681,10
774,28682,11
774,28683,12
774,28684,13
774,28685,14
774,28686,15
774,28687,16
774,28688,17
774,28689,18
774,28690,19
774,28691,20
775,28692,0
775,28693,1
775,28694,2
775,28695,3
775,28696,4
775,28697,5
775,28698,6
775,28699,7
775,28700,8
775,28701,9
775,28702,10
775,28703,11
775,28704,12
775,28705,13
775,28706,14
775,28707,15
775,28708,16
775,28709,17
775,28710,18
775,28711,19
775,28712,20
776,28713,0
776,28714,1
776,28715,2
776,28716,3
776,28717,4
776,28718,5
776,28719,6
776,28720,7
776,28721,8
776,28722,9
776,28723,10
776,28724,11
776,28725,12
776,28726,13
776,28727,14
776,28728,15
776,28729,16
776,28730,17
776,28731,18
776,28732,19
776,28733,20
777,28734,0
777,28735,1
777,28736,2
777,28737,3
777,28738,4
777,28739,5
777,28740,6
777,28741,7
777,28742,8
777,28743,9
777,28744,10
777,28745,11
777,28746,12
777,28747,13
777,28748,14
777,28749,15
777,28750,16
777,28751,17
777,28752,18
777,28753,19
778,28754,0
778,28755,1
778,28756,2
778,28757,3
778,28758,4
778,28759,5
778,28760,6
778,28761,7
778,28762,8
778,28763,9
778,28764,10
778,28765,11
778,28766,12
778,28767,13
778,28768,14
778,28769,15
778,28770,16
778,28771,17
778,28772,18
778,28773,19
779,28774,0
779,28775,1
779,28776,2
779,28777,3
779,28778,4
779,28779,5
779,28780,6
779,28781,7
779,28782,8
779,28783,9
779,28784,10
779,28785,11
779,28786,12
779,28787,13
779,28788,14
779,28789,15
779,28790,16
779,28791,17
779,28792,18
780,28793,0
780,28794,1
780,28795,2
780,28796,3
780,28797,4
780,28798,5
780,28799,6
780,28800,7
780,28801,8
780,28802,9
780,28803,10
780,28804,11
780,28805,12
780,28806,13
780,28807,14
780,28808,15
780,28809,16
780,28810,17
780,28811,18
780,28812,19
780,28813,20
780,28814,21
780,28815,22
780,28816,23
780,28817,24
780,28818,25
780,28819,26
780,28820,27
780,28821,28
780,28822,29
781,28823,0
781,28824,1
781,28825,2
781,28826,3
781,28827,4
781,28828,5
781,28829,6
781,28830,7
781,28831,8
781,28832,9
781,28833,10
781,28834,11
781,28835,12
781,28836,13
781,28837,14
781,28838,15
781,28839,16
781,28840,17
781,28841,18
781,28842,19
781,28843,20
781,28844,21
781,28845,22
781,28846,23
781,28847,24
781,28848,25
781,28849,26
781,28850,27
781,28851,28
782,28852,0
782,28853,1
782,28854,2
782,28855,3
782,28856,4
782,28857,5
782,28858,6
782,28859,7
782,28860,8
782,28861,9
782,28862,10
782,28863,11
782,28864,12
782,28865,13
782,28866,14
782,28867,15
782,28868,16
782,28869,17
782,28870,18
782,28871,19
782,28872,20
782,28873,21
782,28874,22
782,28875,23
782,28876,24
782,28877,25
782,28878,26
782,28879,27
782,28880,28
782,28881,29
782,28882,30
782,28883,31
782,28884,32
782,28885,33
783,28886,0
783,28887,1
783,28888,2
783,28889,3
783,28890,4
783,28891,5
783,28892,6
783,28893,7
783,28894,8
783,28895,9
783,28896,10
783,28897,11
783,28898,12
783,28899,13
783,28900,14
783,28901,15
783,28902,16
783,28903,17
783,28904,18
783,28905,19
783,28906,20
783,28907,21
783,28908,22
783,28909,23
783,28910,24
783,28911,25
783,28912,26
783,28913,27
783,28914,28
783,28915,29
783,28916,30
783,28917,31
783,28918,32
784,28919,0
784,28920,1
784,28921,2
784,28922,3
784,28923,4
784,28924,5
784,28925,6
784,28926,7
784,28927,8
784,28928,9
784,28929,10
784,28930,11
784,28931,12
784,28932,13
784,28933,14
784,28934,15
784,28935,16
784,28936,17
784,28937,18
784,28938,19
784,28939,20
784,28940,21
784,28941,22
784,28942,23
784,28943,24
784,28944,25
784,28945,26
784,28946,27
784,28947,28
784,28948,29
784,28949,30
784,28950,31
784,28951,32
784,28952,33
784,28953,34
784,28954,35
784,28955,36
784,28956,37
784,28957,38
784,28958,39
784,28959,40
784,28960,41
784,28961,42
784,28962,43
784,28963,44
785,28964,0
785,28965,1
785,28966,2
785,28967,3
785,28968,4
785,28969,5
785,28970,6
785,28971,7
785,28972,8
785,28973,9
785,28974,10
785,28975,11
785,28976,12
785,28977,13
785,28978,14
785,28979,15
785,28980,16
785,28981,17
785,28982,18
785,28983,19
785,28984,20
785,28985,21
785,28986,22
785,28987,23
785,28988,24
785,28989,25
785,28990,26
785,28991,27
785,28992,28
785,28993,29
785,28994,30
785,28995,31
785,28996,32
785,28997,33
785,28998,34
785,28999,35
785,29000,36
785,29001,37
785,29002,38
785,29003,39
785,29004,40
785,29005,41
785,29006,42
785,29007,43
785,29008,44
785,29009,45
786,29010,0
786,29011,1
786,29012,2
786,29013,3
786,29014,4
786,29015,5
786,29016,6
786,29017,7
786,29018,8
786,29019,9
786,29020,10
786,29021,11
786,29022,12
786,29023,13
786,29024,14
786,29025,15
786,29026,16
786,29027,17
786,29028,18
786,29029,19
786,29030,20
786,29031,21
786,29032,22
786,29033,23
786,29034,24
786,29035,25
786,29036,26
786,29037,27
786,29038,28
787,29039,0
787,29040,1
787,29041,2
787,29042,3
787,29043,4
787,29044,5
787,29045,6
787,29046,7
787,29047,8
787,29048,9
787,29049,10
787,29050,11
787,29051,12
787,29052,13
787,29053,14
787,29054,15
787,29055,16
787,29056,17
787,29057,18
787,29058,19
787,29059,20
787,29060,21
787,29061,22
787,29062,23
787,29063,24
787,29064,25
787,29065,26
787,29066,27
787,29067,28
788,29068,0
788,29069,1
788,29070,2
788,29071,3
788,29072,4
788,29073,5
788,29074,6
788,29075,7
788,29076,8
788,29077,9
788,29078,10
788,29079,11
788,29080,12
789,29081,0
789,29082,1
789,29083,2
789,29084,3
789,29085,4
789,29086,5
789,29087,6
789,29088,7
789,29089,8
789,29090,9
789,29091,10
789,29092,11
789,29093,12
790,29094,0
790,29095,1
790,29096,2
790,29097,3
790,29098,4
790,29099,5
790,29100,6
790,29101,7
790,29102,8
790,29103,9
790,29104,10
790,29105,11
790,29106,12
790,29107,13
790,29108,14
790,29109,15
790,29110,16
790,29111,17
790,29112,18
790,29113,19
790,29114,20
790,29115,21
790,29116,22
790,29117,23
790,29118,24
790,29119,25
790,29120,26
790,29121,27
790,29122,28
790,29123,29
790,29124,30
790,29125,31
790,29126,32
790,29127,33
790,29128,34
790,29129,35
790,29130,36
790,29131,37
790,29132,38
791,29133,0
791,29134,1
791,29135,2
791,29136,3
791,29137,4
791,29138,5
791,29139,6
791,29140,7
791,29141,8
791,29142,9
791,29143,10
791,29144,11
791,29145,12
791,29146,13
791,29147,14
791,29148,15
791,29149,16
791,29150,17
791,29151,18
791,29152,19
791,29153,20
791,29154,21
791,29155,22
791,29156,23
791,29157,24
791,29158,25
791,29159,26
791,29160,27
791,29161,28
791,29162,29
791,29163,30
791,29164,31
791,29165,32
791,29166,33
791,29167,34
791,29168,35
791,29169,36
791,29170,37
791,29171,38
792,29172,0
792,29173,1
792,29174,2
792,29175,3
792,29176,4
792,29177,5
792,29178,6
792,29179,7
792,29180,8
792,29181,9
792,29182,10
792,29183,11
792,29184,12
792,29185,13
792,29186,14
792,29187,15
792,29188,16
792,29189,17
792,29190,18
792,29191,19
792,29192,20
792,29193,21
792,29194,22
792,29195,23
792,29196,24
792,29197,25
792,29198,26
792,29199,27
792,29200,28
792,29201,29
792,29202,30
792,29203,31
792,29204,32
792,29205,33
792,29206,34
793,29207,0
793,29208,1
793,29209,2
793,29210,3
793,29211,4
793,29212,5
793,29213,6
793,29214,7
793,29215,8
793,29216,9
793,29217,10
793,29218,11
793,29219,12
793,29220,13
793,29221,14
793,29222,15
793,29223,16
793,29224,17
793,29225,18
793,29226,19
793,29227,20
793,29228,21
793,29229,22
793,29230,23
793,29231,24
793,29232,25
793,29233,26
793,29234,27
793,29235,28
793,29236,29
793,29237,30
793,29238,31
793,29239,32
793,29240,33
793,29241,34
793,29242,35
793,29243,36
793,29244,37
793,29245,38
793,29246,39
793,29247,40
793,29248,41
793,29249,42
793,29250,43
793,29251,44
793,29252,45
793,29253,46
793,29254,47
793,29255,48
793,29256,49
793,29257,50
793,29258,51
794,29259,0
794,29260,1
794,29261,2
794,29262,3
794,29263,4
794,29264,5
794,29265,6
794,29266,7
794,29267,8
794,29268,9
794,29269,10
794,29270,11
794,29271,12
794,29272,13
794,29273,14
794,29274,15
794,29275,16
794,29276,17
794,29277,18
794,29278,19
794,29279,20
794,29280,21
794,29281,22
794,29282,23
794,29283,24
794,29284,25
794,29285,26
794,29286,27
794,29287,28
794,29288,29
794,29289,30
794,29290,31
794,29291,32
794,29292,33
794,29293,34
794,29294,35
794,29295,36
794,29296,37
794,29297,38
794,29298,39
794,29299,40
794,29300,41
794,29301,42
794,29302,43
794,29303,44
794,29304,45
794,29305,46
794,29306,47
794,29307,48
794,29308,49
794,29309,50
794,29310,51
794,29311,52
795,29312,0
795,29313,1
795,29314,2
795,29315,3
795,29316,4
795,29317,5
795,29318,6
795,29319,7
795,29320,8
795,29321,9
795,29322,10
795,29323,11
795,29324,12
795,29325,13
795,29326,14
795,29327,15
796,29328,0
796,29329,1
796,29330,2
796,29331,3
796,29332,4
796,29333,5
796,29334,6
796,29335,7
796,29336,8
796,29337,9
796,29338,10
796,29339,11
796,29340,12
796,29341,13
796,29342,14
796,29343,15
797,29344,0
797,29345,1
797,29346,2
797,29347,3
797,29348,4
797,29349,5
797,29350,6
797,29351,7
797,29352,8
797,29353,9
797,29354,10
797,29355,11
797,29356,12
797,29357,13
797,29358,14
797,29359,15
797,29360,16
797,29361,17
798,29362,0
798,29363,1
798,29364,2
798,29365,3
798,29366,4
798,29367,5
798,29368,6
798,29369,7
798,29370,8
798,29371,9
798,29372,10
798,29373,11
798,29374,12
798,29375,13
798,29376,14
798,29377,15
798,29378,16
799,29379,0
799,29380,1
799,29381,2
799,29382,3
799,29383,4
799,29384,5
799,29385,6
799,29386,7
799,29387,8
799,29388,9
799,29389,10
799,29390,11
799,29391,12
799,29392,13
799,29393,14
799,29394,15
799,29395,16
799,29396,17
799,29397,18
799,29398,19
799,29399,20
799,29400,21
799,29401,22
799,29402,23
799,29403,24
799,29404,25
799,29405,26
799,29406,27
799,29407,28
799,29408,29
799,29409,30
799,29410,31
799,29411,32
799,29412,33
799,29413,34
799,29414,35
799,29415,36
799,29416,37
799,29417,38
800,29418,0
800,29419,1
800,29420,2
800,29421,3
800,29422,4
800,29423,5
800,29424,6
800,29425,7
800,29426,8
800,29427,9
800,29428,10
800,29429,11
800,29430,12
800,29431,13
800,29432,14
800,29433,15
800,29434,16
800,29435,17
800,29436,18
800,29437,19
800,29438,20
800,29439,21
800,29440,22
800,29441,23
800,29442,24
800,29443,25
800,29444,26
800,29445,27
800,29446,28
800,29447,29
800,29448,30
800,29449,31
800,29450,32
800,29451,33
800,29452,34
800,29453,35
800,29454,36
800,29455,37
800,29456,38
800,29457,39
801,29458,0
801,29459,1
801,29460,2
801,29461,3
801,29462,4
801,29463,5
801,29464,6
801,29465,7
801,29466,8
801,29467,9
801,29468,10
801,29469,11
801,29470,12
801,29471,13
801,29472,14
801,29473,15
801,29474,16
801,29475,17
802,29476,0
802,29477,1
802,29478,2
802,29479,3
802,29480,4
802,29481,5
802,29482,6
802,29483,7
802,29484,8
802,29485,9
802,29486,10
802,29487,11
802,29488,12
802,29489,13
802,29490,14
802,29491,15
802,29492,16
803,29493,0
803,29494,1
803,29495,2
803,29496,3
803,29497,4
803,29498,5
803,29499,6
803,29500,7
803,29501,8
803,29502,9
803,29503,10
803,29504,11
803,29505,12
803,29506,13
803,29507,14
803,29508,15
803,29509,16
803,29510,17
803,29511,18
803,29512,19
804,29513,0
804,29514,1
804,29515,2
804,29516,3
804,29517,4
804,29518,5
804,29519,6
804,29520,7
804,29521,8
804,29522,9
804,29523,10
804,29524,11
804,29525,12
804,29526,13
804,29527,14
804,29528,15
804,29529,16
804,29530,17
804,29531,18
804,29532,19
805,29533,0
805,29534,1
805,29535,2
805,29536,3
805,29537,4
805,29538,5
805,29539,6
805,29540,7
805,29541,8
805,29542,9
805,29543,10
805,29544,11
805,29545,12
805,29546,13
805,29547,14
805,29548,15
805,29549,16
805,29550,17
805,29551,18
805,29552,19
806,29553,0
806,29554,1
806,29555,2
806,29556,3
806,29557,4
806,29558,5
806,29559,6
806,29560,7
806,29561,8
806,29562,9
806,29563,10
806,29564,11
806,29565,12
806,29566,13
806,29567,14
806,29568,15
806,29569,16
806,29570,17
806,29571,18
806,29572,19
806,29573,20
807,29574,0
807,29575,1
807,29576,2
807,29577,3
807,29578,4
807,29579,5
807,29580,6
807,29581,7
807,29582,8
807,29583,9
807,29584,10
807,29585,11
807,29586,12
807,29587,13
807,29588,14
807,29589,15
807,29590,16
807,29591,17
807,29592,18
807,29593,19
807,29594,20
807,29595,21
807,29596,22
807,29597,23
807,29598,24
807,29599,25
807,29600,26
807,29601,27
807,29602,28
808,29603,0
808,29604,1
808,29605,2
808,29606,3
808,29607,4
808,29608,5
808,29609,6
808,29610,7
808,29611,8
808,29612,9
808,29613,10
808,29614,11
808,29615,12
808,29616,13
808,29617,14
808,29618,15
808,29619,16
808,29620,17
808,29621,18
808,29622,19
808,29623,20
808,29624,21
808,29625,22
808,29626,23
808,29627,24
808,29628,25
808,29629,26
808,29630,27
808,29631,28
808,29632,29
809,29633,0
809,29634,1
809,29635,2
809,29636,3
809,29637,4
809,29638,5
809,29639,6
809,29640,7
809,29641,8
809,29642,9
809,29643,10
809,29644,11
809,29645,12
809,29646,13
809,29647,14
809,29648,15
809,29649,16
809,29650,17
809,29651,18
810,29652,0
810,29653,1
810,29654,2
810,29655,3
810,29656,4
810,29657,5
810,29658,6
810,29659,7
810,29660,8
810,29661,9
810,29662,10
810,29663,11
810,29664,12
810,29665,13
810,29666,14
810,29667,15
810,29668,16
810,29669,17
810,29670,18
811,29671,0
811,29672,1
811,29673,2
811,29674,3
811,29675,4
811,29676,5
811,29677,6
811,29678,7
811,29679,8
811,29680,9
811,29681,10
811,29682,11
811,29683,12
811,29684,13
811,29685,14
811,29686,15
811,29687,16
811,29688,17
811,29689,18
811,29690,19
811,29691,20
811,29692,21
811,29693,22
811,29694,23
811,29695,24
812,29696,0
812,29697,1
812,29698,2
812,29699,3
812,29700,4
812,29701,5
812,29702,6
812,29703,7
812,29704,8
812,29705,9
812,29706,10
812,29707,11
812,29708,12
812,29709,13
812,29710,14
812,29711,15
812,29712,16
812,29713,17
812,29714,18
812,29715,19
812,29716,20
812,29717,21
812,29718,22
812,29719,23
812,29720,24
813,29721,0
813,29722,1
813,29723,2
813,29724,3
813,29725,4
813,29726,5
813,29727,6
813,29728,7
813,29729,8
813,29730,9
813,29731,10
813,29732,11
813,29733,12
813,29734,13
813,29735,14
813,29736,15
813,29737,16
813,29738,17
813,29739,18
813,29740,19
813,29741,20
813,29742,21
814,29743,0
814,29744,1
814,29745,2
814,29746,3
814,29747,4
814,29748,5
814,29749,6
814,29750,7
814,29751,8
814,29752,9
814,29753,10
814,29754,11
814,29755,12
814,29756,13
814,29757,14
814,29758,15
814,29759,16
814,29760,17
814,29761,18
814,29762,19
814,29763,20
814,29764,21
815,29765,0
815,29766,1
815,29767,2
815,29768,3
815,29769,4
815,29770,5
815,29771,6
815,29772,7
815,29773,8
815,29774,9
815,29775,10
815,29776,11
815,29777,12
815,29778,13
815,29779,14
815,29780,15
815,29781,16
815,29782,17
815,29783,18
815,29784,19
816,29785,0
816,29786,1
816,29787,2
816,29788,3
816,29789,4
816,29790,5
816,29791,6
816,29792,7
816,29793,8
816,29794,9
816,29795,10
816,29796,11
816,29797,12
816,29798,13
816,29799,14
816,29800,15
816,29801,16
816,29802,17
816,29803,18
817,29804,0
817,29805,1
817,29806,2
817,29807,3
817,29808,4
817,29809,5
817,29810,6
817,29811,7
817,29812,8
817,29813,9
817,29814,10
817,29815,11
817,29816,12
817,29817,13
817,29818,14
817,29819,15
817,29820,16
817,29821,17
817,29822,18
817,29823,19
818,29824,0
818,29825,1
818,29826,2
818,29827,3
818,29828,4
818,29829,5
818,29830,6
818,29831,7
818,29832,8
818,29833,9
818,29834,10
818,29835,11
818,29836,12
818,29837,13
818,29838,14
818,29839,15
818,29840,16
818,29841,17
818,29842,18
818,29843,19
819,29844,0
819,29845,1
819,29846,2
819,29847,3
819,29848,4
819,29849,5
819,29850,6
819,29851,7
819,29852,8
819,29853,9
819,29854,10
819,29855,11
819,29856,12
819,29857,13
819,29858,14
819,29859,15
819,29860,16
819,29861,17
819,29862,18
819,29863,19
819,29864,20
819,29865,21
819,29866,22
819,29867,23
819,29868,24
819,29869,25
819,29870,26
819,29871,27
819,29872,28
819,29873,29
819,29874,30
819,29875,31
819,29876,32
819,29877,33
819,29878,34
819,29879,35
819,29880,36
819,29881,37
819,29882,38
819,29883,39
819,29884,40
819,29885,41
819,29886,42
819,29887,43
819,29888,44
819,29889,45
819,29890,46
819,29891,47
819,29892,48
819,29893,49
819,29894,50
819,29895,51
820,29896,0
820,29897,1
820,29898,2
820,29899,3
820,29900,4
820,29901,5
820,29902,6
820,29903,7
820,29904,8
820,29905,9
820,29906,10
820,29907,11
820,29908,12
820,29909,13
820,29910,14
820,29911,15
820,29912,16
821,29913,0
821,29914,1
821,29915,2
821,29916,3
821,29917,4
821,29918,5
822,29919,0
822,29920,1
822,29921,2
822,29922,3
822,29923,4
822,29924,5
823,29925,0
823,29926,1
823,29927,2
823,29928,3
823,29929,4
823,29930,5
823,29931,6
823,29932,7
823,29933,8
823,29934,9
823,29935,10
823,29936,11
823,29937,12
823,29938,13
823,29939,14
823,29940,15
823,29941,16
823,29942,17
823,29943,18
823,29944,19
823,29945,20
823,29946,21
823,29947,22
823,29948,23
823,29949,24
823,29950,25
823,29951,26
823,29952,27
823,29953,28
823,29954,29
823,29955,30
823,29956,31
823,29957,32
823,29958,33
823,29959,34
823,29960,35
823,29961,36
823,29962,37
823,29963,38
823,29964,39
823,29965,40
823,29966,41
823,29967,42
823,29968,43
823,29969,44
823,29970,45
823,29971,46
823,29972,47
823,29973,48
823,29974,49
824,29975,0
824,29976,1
824,29977,2
824,29978,3
824,29979,4
824,29980,5
824,29981,6
824,29982,7
824,29983,8
824,29984,9
824,29985,10
824,29986,11
824,29987,12
824,29988,13
824,29989,14
824,29990,15
824,29991,16
824,29992,17
824,29993,18
824,29994,19
824,29995,20
824,29996,21
824,29997,22
824,29998,23
824,29999,24
824,30000,25
824,30001,26
824,30002,27
824,30003,28
824,30004,29
824,30005,30
824,30006,31
824,30007,32
824,30008,33
824,30009,34
824,30010,35
824,30011,36
824,30012,37
824,30013,38
824,30014,39
824,30015,40
824,30016,41
824,30017,42
824,30018,43
824,30019,44
824,30020,45
824,30021,46
824,30022,47
824,30023,48
824,30024,49
825,30025,0
825,30026,1
825,30027,2
825,30028,3
825,30029,4
825,30030,5
825,30031,6
825,30032,7
825,30033,8
825,30034,9
825,30035,10
825,30036,11
825,30037,12
825,30038,13
825,30039,14
825,30040,15
825,30041,16
825,30042,17
825,30043,18
825,30044,19
825,30045,20
825,30046,21
825,30047,22
825,30048,23
825,30049,24
825,30050,25
825,30051,26
825,30052,27
825,30053,28
825,30054,29
825,30055,30
825,30056,31
825,30057,32
825,30058,33
825,30059,34
825,30060,35
825,30061,36
825,30062,37
825,30063,38
825,30064,39
825,30065,40
825,30066,41
825,30067,42
826,30068,0
826,30069,1
826,30070,2
826,30071,3
826,30072,4
826,30073,5
826,30074,6
826,30075,7
826,30076,8
826,30077,9
826,30078,10
826,30079,11
826,30080,12
826,30081,13
826,30082,14
826,30083,15
826,30084,16
826,30085,17
826,30086,18
826,30087,19
826,30088,20
826,30089,21
826,30090,22
826,30091,23
826,30092,24
826,30093,25
826,30094,26
826,30095,27
826,30096,28
826,30097,29
826,30098,30
826,30099,31
826,30100,32
826,30101,33
826,30102,34
826,30103,35
826,30104,36
826,30105,37
826,30106,38
826,30107,39
826,30108,40
826,30109,41
826,30110,42
827,30111,0
827,30112,1
827,30113,2
827,30114,3
827,30115,4
827,30116,5
827,30117,6
827,30118,7
827,30119,8
827,30120,9
827,30121,10
827,30122,11
827,30123,12
827,30124,13
827,30125,14
827,30126,15
827,30127,16
827,30128,17
827,30129,18
827,30130,19
827,30131,20
827,30132,21
827,30133,22
827,30134,23
827,30135,24
827,30136,25
827,30137,26
827,30138,27
827,30139,28
827,30140,29
827,30141,30
827,30142,31
827,30143,32
827,30144,33
827,30145,34
827,30146,35
827,30147,36
827,30148,37
827,30149,38
827,30150,39
827,30151,40
827,30152,41
828,30153,0
828,30154,1
828,30155,2
828,30156,3
828,30157,4
828,30158,5
828,30159,6
828,30160,7
828,30161,8
828,30162,9
828,30163,10
828,30164,11
828,30165,12
828,30166,13
828,30167,14
828,30168,15
828,30169,16
828,30170,17
828,30171,18
828,30172,19
828,30173,20
828,30174,21
828,30175,22
828,30176,23
828,30177,24
828,30178,25
828,30179,26
828,30180,27
828,30181,28
828,30182,29
828,30183,30
828,30184,31
828,30185,32
828,30186,33
828,30187,34
828,30188,35
828,30189,36
828,30190,37
828,30191,38
828,30192,39
828,30193,40
828,30194,41
829,30195,0
829,30196,1
829,30197,2
829,30198,3
829,30199,4
829,30200,5
829,30201,6
830,30202,0
830,30203,1
830,30204,2
830,30205,3
830,30206,4
830,30207,5
830,30208,6
831,30209,0
831,30210,1
831,30211,2
831,30212,3
831,30213,4
831,30214,5
831,30215,6
831,30216,7
831,30217,8
831,30218,9
831,30219,10
831,30220,11
831,30221,12
831,30222,13
831,30223,14
831,30224,15
831,30225,16
831,30226,17
831,30227,18
831,30228,19
831,30229,20
831,30230,21
831,30231,22
831,30232,23
831,30233,24
831,30234,25
831,30235,26
831,30236,27
831,30237,28
832,30238,0
832,30239,1
832,30240,2
832,30241,3
832,30242,4
832,30243,5
832,30244,6
832,30245,7
832,30246,8
832,30247,9
832,30248,10
832,30249,11
832,30250,12
833,30251,0
833,30252,1
833,30253,2
833,30254,3
833,30255,4
833,30256,5
833,30257,6
833,30258,7
833,30259,8
833,30260,9
833,30261,10
833,30262,11
833,30263,12
834,30264,0
834,30265,1
834,30266,2
834,30267,3
834,30268,4
834,30269,5
834,30270,6
834,30271,7
834,30272,8
834,30273,9
834,30274,10
834,30275,11
834,30276,12
834,30277,13
834,30278,14
834,30279,15
834,30280,16
834,30281,17
834,30282,18
835,30283,0
835,30284,1
835,30285,2
835,30286,3
835,30287,4
835,30288,5
835,30289,6
835,30290,7
835,30291,8
835,30292,9
835,30293,10
835,30294,11
835,30295,12
835,30296,13
835,30297,14
835,30298,15
835,30299,16
835,30300,17
835,30301,18
836,30302,0
836,30303,1
836,30304,2
836,30305,3
836,30306,4
836,30307,5
836,30308,6
836,30309,7
836,30310,8
836,30311,9
836,30312,10
836,30313,11
836,30314,12
836,30315,13
836,30316,14
836,30317,15
837,30318,0
837,30319,1
837,30320,2
837,30321,3
837,30322,4
837,30323,5
837,30324,6
837,30325,7
837,30326,8
837,30327,9
837,30328,10
837,30329,11
837,30330,12
837,30331,13
837,30332,14
837,30333,15
837,30334,16
837,30335,17
837,30336,18
837,30337,19
837,30338,20
837,30339,21
837,30340,22
837,30341,23
837,30342,24
837,30343,25
838,30344,0
838,30345,1
838,30346,2
838,30347,3
838,30348,4
838,30349,5
838,30350,6
838,30351,7
838,30352,8
838,30353,9
838,30354,10
838,30355,11
838,30356,12
838,30357,13
838,30358,14
838,30359,15
838,30360,16
838,30361,17
838,30362,18
838,30363,19
838,30364,20
838,30365,21
838,30366,22
838,30367,23
838,30368,24
838,30369,25
838,30370,26
838,30371,27
838,30372,28
839,30373,0
839,30374,1
839,30375,2
839,30376,3
839,30377,4
839,30378,5
839,30379,6
839,30380,7
839,30381,8
839,30382,9
839,30383,10
839,30384,11
839,30385,12
839,30386,13
839,30387,14
839,30388,15
839,30389,16
839,30390,17
839,30391,18
839,30392,19
839,30393,20
839,30394,21
839,30395,22
839,30396,23
839,30397,24
839,30398,25
839,30399,26
839,30400,27
839,30401,28
840,30402,0
840,30403,1
840,30404,2
840,30405,3
840,30406,4
840,30407,5
840,30408,6
840,30409,7
840,30410,8
840,30411,9
840,30412,10
840,30413,11
840,30414,12
840,30415,13
840,30416,14
840,30417,15
840,30418,16
840,30419,17
840,30420,18
840,30421,19
840,30422,20
840,30423,21
840,30424,22
840,30425,23
840,30426,24
840,30427,25
840,30428,26
840,30429,27
840,30430,28
840,30431,29
841,30432,0
841,30433,1
841,30434,2
841,30435,3
841,30436,4
841,30437,5
841,30438,6
841,30439,7
841,30440,8
841,30441,9
841,30442,10
841,30443,11
841,30444,12
841,30445,13
841,30446,14
841,30447,15
841,30448,16
841,30449,17
841,30450,18
841,30451,19
841,30452,20
841,30453,21
841,30454,22
841,30455,23
841,30456,24
841,30457,25
841,30458,26
841,30459,27
841,30460,28
841,30461,29
841,30462,30
841,30463,31
841,30464,32
841,30465,33
842,30466,0
842,30467,1
842,30468,2
842,30469,3
843,30470,0
843,30471,1
843,30472,2
843,30473,3
844,30474,0
844,30475,1
844,30476,2
844,30477,3
844,30478,4
845,30479,0
845,30480,1
845,30481,2
845,30482,3
845,30483,4
846,30484,0
846,30485,1
846,30486,2
846,30487,3
846,30488,4
846,30489,5
846,30490,6
846,30491,7
846,30492,8
847,30493,0
847,30494,1
847,30495,2
847,30496,3
847,30497,4
847,30498,5
847,30499,6
847,30500,7
847,30501,8
848,30502,0
848,30503,1
848,30504,2
848,30505,3
848,30506,4
848,30507,5
848,30508,6
848,30509,7
848,30510,8
848,30511,9
848,30512,10
848,30513,11
848,30514,12
848,30515,13
848,30516,14
848,30517,15
848,30518,16
849,30519,0
849,30520,1
849,30521,2
849,30522,3
849,30523,4
849,30524,5
849,30525,6
849,30526,7
849,30527,8
849,30528,9
849,30529,10
849,30530,11
849,30531,12
849,30532,13
849,30533,14
849,30534,15
849,30535,16
850,30536,0
850,30537,1
850,30538,2
850,30539,3
850,30540,4
850,30541,5
850,30542,6
850,30543,7
850,30544,8
850,30545,9
851,30546,0
851,30547,1
851,30548,2
851,30549,3
851,30550,4
851,30551,5
851,30552,6
851,30553,7
851,30554,8
851,30555,9
852,30556,0
852,30557,1
852,30558,2
852,30559,3
852,30560,4
852,30561,5
852,30562,6
852,30563,7
852,30564,8
852,30565,9
852,30566,10
852,30567,11
852,30568,12
852,30569,13
852,30570,14
852,30571,15
852,30572,16
852,30573,17
852,30574,18
852,30575,19
852,30576,20
852,30577,21
852,30578,22
852,30579,23
852,30580,24
852,30581,25
852,30582,26
852,30583,27
852,30584,28
852,30585,29
852,30586,30
852,30587,31
852,30588,32
852,30589,33
852,30590,34
852,30591,35
852,30592,36
852,30593,37
852,30594,38
853,30595,0
853,30596,1
853,30597,2
853,30598,3
853,30599,4
853,30600,5
853,30601,6
853,30602,7
853,30603,8
853,30604,9
853,30605,10
853,30606,11
853,30607,12
853,30608,13
853,30609,14
853,30610,15
853,30611,16
853,30612,17
853,30613,18
853,30614,19
853,30615,20
853,30616,21
853,30617,22
853,30618,23
853,30619,24
853,30620,25
853,30621,26
853,30622,27
853,30623,28
853,30624,29
853,30625,30
853,30626,31
853,30627,32
853,30628,33
853,30629,34
853,30630,35
853,30631,36
853,30632,37
854,30633,0
854,30634,1
854,30635,2
854,30636,3
854,30637,4
854,30638,5
854,30639,6
854,30640,7
854,30641,8
854,30642,9
854,30643,10
854,30644,11
854,30645,12
854,30646,13
854,30647,14
854,30648,15
854,30649,16
854,30650,17
854,30651,18
854,30652,19
854,30653,20
854,30654,21
854,30655,22
854,30656,23
854,30657,24
854,30658,25
854,30659,26
854,30660,27
854,30661,28
854,30662,29
854,30663,30
854,30664,31
854,30665,32
854,30666,33
854,30667,34
854,30668,35
854,30669,36
854,30670,37
854,30671,38
854,30672,39
854,30673,40
854,30674,41
854,30675,42
854,30676,43
854,30677,44
854,30678,45
854,30679,46
854,30680,47
854,30681,48
854,30682,49
854,30683,50
855,30684,0
855,30685,1
855,30686,2
855,30687,3
855,30688,4
855,30689,5
855,30690,6
855,30691,7
855,30692,8
855,30693,9
855,30694,10
855,30695,11
855,30696,12
855,30697,13
855,30698,14
855,30699,15
855,30700,16
855,30701,17
855,30702,18
855,30703,19
855,30704,20
855,30705,21
855,30706,22
855,30707,23
855,30708,24
855,30709,25
855,30710,26
855,30711,27
855,30712,28
855,30713,29
855,30714,30
855,30715,31
855,30716,32
855,30717,33
855,30718,34
855,30719,35
855,30720,36
855,30721,37
855,30722,38
855,30723,39
855,30724,40
855,30725,41
855,30726,42
855,30727,43
855,30728,44
855,30729,45
855,30730,46
855,30731,47
855,30732,48
855,30733,49
856,30734,0
856,30735,1
856,30736,2
856,30737,3
856,30738,4
856,30739,5
856,30740,6
856,30741,7
856,30742,8
856,30743,9
856,30744,10
856,30745,11
857,30746,0
857,30747,1
857,30748,2
857,30749,3
857,30750,4
857,30751,5
857,30752,6
857,30753,7
857,30754,8
857,30755,9
857,30756,10
857,30757,11
858,30758,0
858,30759,1
858,30760,2
858,30761,3
858,30762,4
858,30763,5
858,30764,6
858,30765,7
858,30766,8
858,30767,9
858,30768,10
858,30769,11
858,30770,12
858,30771,13
858,30772,14
858,30773,15
858,30774,16
858,30775,17
858,30776,18
858,30777,19
858,30778,20
858,30779,21
858,30780,22
858,30781,23
858,30782,24
858,30783,25
858,30784,26
858,30785,27
858,30786,28
858,30787,29
858,30788,30
858,30789,31
858,30790,32
858,30791,33
858,30792,34
858,30793,35
858,30794,36
858,30795,37
858,30796,38
858,30797,39
858,30798,40
858,30799,41
858,30800,42
858,30801,43
858,30802,44
858,30803,45
858,30804,46
858,30805,47
858,30806,48
858,30807,49
858,30808,50
858,30809,51
858,30810,52
858,30811,53
859,30812,0
859,30813,1
859,30814,2
859,30815,3
859,30816,4
859,30817,5
859,30818,6
859,30819,7
859,30820,8
859,30821,9
859,30822,10
859,30823,11
859,30824,12
859,30825,13
859,30826,14
859,30827,15
859,30828,16
859,30829,17
859,30830,18
859,30831,19
859,30832,20
859,30833,21
859,30834,22
859,30835,23
859,30836,24
859,30837,25
859,30838,26
859,30839,27
859,30840,28
859,30841,29
859,30842,30
859,30843,31
859,30844,32
859,30845,33
859,30846,34
859,30847,35
859,30848,36
859,30849,37
859,30850,38
859,30851,39
859,30852,40
859,30853,41
859,30854,42
859,30855,43
859,30856,44
859,30857,45
859,30858,46
859,30859,47
859,30860,48
859,30861,49
859,30862,50
859,30863,51
859,30864,52
859,30865,53
860,30866,0
860,30867,1
860,30868,2
860,30869,3
860,30870,4
860,30871,5
860,30872,6
860,30873,7
860,30874,8
860,30875,9
860,30876,10
860,30877,11
860,30878,12
860,30879,13
860,30880,14
860,30881,15
860,30882,16
860,30883,17
860,30884,18
860,30885,19
860,30886,20
860,30887,21
861,30888,0
861,30889,1
861,30890,2
861,30891,3
861,30892,4
861,30893,5
861,30894,6
861,30895,7
861,30896,8
861,30897,9
861,30898,10
861,30899,11
861,30900,12
861,30901,13
861,30902,14
861,30903,15
861,30904,16
861,30905,17
861,30906,18
861,30907,19
861,30908,20
861,30909,21
862,30910,0
862,30911,1
862,30912,2
862,30913,3
862,30914,4
862,30915,5
862,30916,6
862,30917,7
862,30918,8
862,30919,9
862,30920,10
862,30921,11
862,30922,12
862,30923,13
862,30924,14
862,30925,15
862,30926,16
862,30927,17
862,30928,18
862,30929,19
862,30930,20
862,30931,21
862,30932,22
862,30933,23
862,30934,24
862,30935,25
862,30936,26
862,30937,27
862,30938,28
862,30939,29
862,30940,30
862,30941,31
862,30942,32
862,30943,33
862,30944,34
862,30945,35
863,30946,0
863,30947,1
863,30948,2
863,30949,3
863,30950,4
863,30951,5
863,30952,6
863,30953,7
863,30954,8
863,30955,9
863,30956,10
863,30957,11
863,30958,12
863,30959,13
863,30960,14
863,30961,15
863,30962,16
863,30963,17
863,30964,18
863,30965,19
863,30966,20
863,30967,21
863,30968,22
863,30969,23
863,30970,24
863,30971,25
863,30972,26
863,30973,27
863,30974,28
863,30975,29
863,30976,30
863,30977,31
863,30978,32
863,30979,33
863,30980,34
863,30981,35
864,30982,0
864,30983,1
864,30984,2
864,30985,3
864,30986,4
864,30987,5
864,30988,6
864,30989,7
864,30990,8
864,30991,9
864,30992,10
864,30993,11
864,30994,12
864,30995,13
864,30996,14
864,30997,15
864,30998,16
864,30999,17
864,31000,18
864,31001,19
864,31002,20
864,31003,21
864,31004,22
864,31005,23
864,31006,24
864,31007,25
864,31008,26
864,31009,27
864,31010,28
864,31011,29
864,31012,30
864,31013,31
864,31014,32
864,31015,33
864,31016,34
864,31017,35
864,31018,36
864,31019,37
864,31020,38
864,31021,39
864,31022,40
864,31023,41
864,31024,42
864,31025,43
864,31026,44
865,31027,0
865,31028,1
865,31029,2
865,31030,3
865,31031,4
865,31032,5
865,31033,6
865,31034,7
865,31035,8
865,31036,9
865,31037,10
865,31038,11
865,31039,12
865,31040,13
865,31041,14
865,31042,15
865,31043,16
865,31044,17
865,31045,18
865,31046,19
865,31047,20
865,31048,21
865,31049,22
865,31050,23
865,31051,24
865,31052,25
865,31053,26
865,31054,27
865,31055,28
865,31056,29
865,31057,30
865,31058,31
865,31059,32
865,31060,33
865,31061,34
865,31062,35
865,31063,36
865,31064,37
865,31065,38
865,31066,39
865,31067,40
865,31068,41
865,31069,42
865,31070,43
865,31071,44
865,31072,45
865,31073,46
865,31074,47
865,31075,48
865,31076,49
865,31077,50
865,31078,51
865,31079,52
865,31080,53
865,31081,54
866,31082,0
866,31083,1
866,31084,2
866,31085,3
866,31086,4
866,31087,5
866,31088,6
866,31089,7
866,31090,8
866,31091,9
866,31092,10
866,31093,11
866,31094,12
866,31095,13
866,31096,14
866,31097,15
866,31098,16
866,31099,17
866,31100,18
866,31101,19
866,31102,20
866,31103,21
866,31104,22
866,31105,23
866,31106,24
866,31107,25
866,31108,26
866,31109,27
866,31110,28
866,31111,29
866,31112,30
866,31113,31
866,31114,32
866,31115,33
866,31116,34
866,31117,35
866,31118,36
866,31119,37
866,31120,38
866,31121,39
866,31122,40
866,31123,41
866,31124,42
866,31125,43
866,31126,44
866,31127,45
866,31128,46
866,31129,47
866,31130,48
867,31131,0
867,31132,1
867,31133,2
867,31134,3
867,31135,4
867,31136,5
867,31137,6
867,31138,7
867,31139,8
867,31140,9
867,31141,10
867,31142,11
867,31143,12
867,31144,13
867,31145,14
867,31146,15
867,31147,16
867,31148,17
867,31149,18
867,31150,19
867,31151,20
867,31152,21
867,31153,22
867,31154,23
867,31155,24
867,31156,25
868,31157,0
868,31158,1
868,31159,2
868,31160,3
868,31161,4
868,31162,5
868,31163,6
868,31164,7
868,31165,8
868,31166,9
868,31167,10
868,31168,11
868,31169,12
868,31170,13
868,31171,14
868,31172,15
868,31173,16
869,31174,0
869,31175,1
869,31176,2
869,31177,3
869,31178,4
869,31179,5
869,31180,6
869,31181,7
869,31182,8
869,31183,9
869,31184,10
869,31185,11
869,31186,12
869,31187,13
869,31188,14
869,31189,15
869,31190,16
869,31191,17
869,31192,18
869,31193,19
869,31194,20
869,31195,21
869,31196,22
869,31197,23
869,31198,24
869,31199,25
870,31200,0
870,31201,1
870,31202,2
870,31203,3
870,31204,4
870,31205,5
870,31206,6
870,31207,7
870,31208,8
870,31209,9
870,31210,10
870,31211,11
870,31212,12
870,31213,13
870,31214,14
870,31215,15
870,31216,16
870,31217,17
870,31218,18
870,31219,19
870,31220,20
870,31221,21
870,31222,22
870,31223,23
871,31224,0
871,31225,1
871,31226,2
871,31227,3
871,31228,4
871,31229,5
871,31230,6
871,31231,7
871,31232,8
871,31233,9
871,31234,10
871,31235,11
871,31236,12
872,31237,0
872,31238,1
872,31239,2
872,31240,3
872,31241,4
872,31242,5
872,31243,6
872,31244,7
872,31245,8
872,31246,9
872,31247,10
872,31248,11
872,31249,12
873,31250,0
873,31251,1
873,31252,2
873,31253,3
873,31254,4
873,31255,5
873,31256,6
873,31257,7
873,31258,8
873,31259,9
873,31260,10
873,31261,11
873,31262,12
873,31263,13
873,31264,14
873,31265,15
874,31266,0
874,31267,1
874,31268,2
874,31269,3
874,31270,4
874,31271,5
874,31272,6
874,31273,7
874,31274,8
874,31275,9
874,31276,10
874,31277,11
874,31278,12
874,31279,13
874,31280,14
874,31281,15
875,31282,0
875,31283,1
875,31284,2
875,31285,3
875,31286,4
875,31287,5
875,31288,6
875,31289,7
875,31290,8
875,31291,9
875,31292,10
875,31293,11
875,31294,12
875,31295,13
875,31296,14
875,31297,15
875,31298,16
875,31299,17
875,31300,18
875,31301,19
875,31302,20
875,31303,21
875,31304,22
875,31305,23
875,31306,24
875,31307,25
875,31308,26
876,31309,0
876,31310,1
876,31311,2
876,31312,3
876,31313,4
876,31314,5
876,31315,6
876,31316,7
876,31317,8
876,31318,9
876,31319,10
876,31320,11
876,31321,12
876,31322,13
876,31323,14
876,31324,15
876,31325,16
876,31326,17
876,31327,18
876,31328,19
876,31329,20
876,31330,21
876,31331,22
876,31332,23
876,31333,24
876,31334,25
876,31335,26
877,31336,0
877,31337,1
877,31338,2
877,31339,3
877,31340,4
877,31341,5
877,31342,6
877,31343,7
877,31344,8
877,31345,9
877,31346,10
877,31347,11
877,31348,12
877,31349,13
877,31350,14
877,31351,15
877,31352,16
877,31353,17
877,31354,18
877,31355,19
877,31356,20
877,31357,21
877,31358,22
878,31359,0
878,31360,1
878,31361,2
878,31362,3
878,31363,4
878,31364,5
878,31365,6
878,31366,7
878,31367,8
878,31368,9
878,31369,10
878,31370,11
878,31371,12
878,31372,13
878,31373,14
878,31374,15
878,31375,16
878,31376,17
878,31377,18
878,31378,19
878,31379,20
878,31380,21
878,31381,22
878,31382,23
878,31383,24
878,31384,25
878,31385,26
878,31386,27
878,31387,28
878,31388,29
878,31389,30
878,31390,31
878,31391,32
878,31392,33
878,31393,34
878,31394,35
878,31395,36
878,31396,37
878,31397,38
879,31398,0
879,31399,1
879,31400,2
879,31401,3
879,31402,4
879,31403,5
879,31404,6
879,31405,7
879,31406,8
879,31407,9
879,31408,10
879,31409,11
879,31410,12
879,31411,13
879,31412,14
879,31413,15
879,31414,16
879,31415,17
879,31416,18
879,31417,19
879,31418,20
879,31419,21
879,31420,22
879,31421,23
879,31422,24
879,31423,25
879,31424,26
879,31425,27
879,31426,28
879,31427,29
879,31428,30
879,31429,31
879,31430,32
879,31431,33
879,31432,34
879,31433,35
879,31434,36
879,31435,37
879,31436,38
880,31437,0
880,31438,1
880,31439,2
880,31440,3
880,31441,4
880,31442,5
880,31443,6
880,31444,7
880,31445,8
880,31446,9
880,31447,10
880,31448,11
880,31449,12
880,31450,13
880,31451,14
880,31452,15
880,31453,16
880,31454,17
880,31455,18
880,31456,19
880,31457,20
880,31458,21
880,31459,22
880,31460,23
880,31461,24
880,31462,25
880,31463,26
880,31464,27
880,31465,28
880,31466,29
880,31467,30
880,31468,31
880,31469,32
880,31470,33
880,31471,34
880,31472,35
880,31473,36
880,31474,37
880,31475,38
880,31476,39
880,31477,40
880,31478,41
880,31479,42
880,31480,43
880,31481,44
880,31482,45
881,31483,0
881,31484,1
881,31485,2
881,31486,3
881,31487,4
881,31488,5
881,31489,6
881,31490,7
881,31491,8
881,31492,9
881,31493,10
881,31494,11
881,31495,12
881,31496,13
881,31497,14
881,31498,15
881,31499,16
881,31500,17
881,31501,18
881,31502,19
881,31503,20
881,31504,21
881,31505,22
881,31506,23
881,31507,24
881,31508,25
881,31509,26
882,31510,0
882,31511,1
882,31512,2
882,31513,3
882,31514,4
882,31515,5
882,31516,6
882,31517,7
882,31518,8
882,31519,9
882,31520,10
882,31521,11
882,31522,12
882,31523,13
882,31524,14
882,31525,15
882,31526,16
882,31527,17
882,31528,18
882,31529,19
882,31530,20
882,31531,21
882,31532,22
882,31533,23
882,31534,24
882,31535,25
882,31536,26
883,31538,0
883,31539,1
883,31540,2
883,31541,3
883,31542,4
883,31543,5
883,31544,6
883,31545,7
883,31546,8
883,31547,9
883,31548,10
883,31549,11
883,31550,12
883,31551,13
883,31552,14
883,31553,15
883,31554,16
883,31555,17
883,31556,18
883,31557,19
883,31558,20
883,31559,21
883,31560,22
883,31561,23
883,31562,24
884,31563,0
884,31564,1
884,31565,2
884,31566,3
884,31567,4
884,31568,5
884,31569,6
884,31570,7
884,31571,8
884,31572,9
884,31573,10
884,31574,11
884,31575,12
884,31576,13
884,31577,14
884,31578,15
884,31579,16
884,31580,17
884,31581,18
884,31582,19
884,31583,20
884,31584,21
884,31585,22
884,31586,23
885,31587,0
885,31588,1
885,31589,2
885,31590,3
885,31591,4
885,31592,5
885,31593,6
885,31594,7
885,31595,8
885,31596,9
885,31597,10
885,31598,11
885,31599,12
885,31600,13
885,31601,14
885,31602,15
885,31603,16
885,31604,17
885,31605,18
885,31606,19
885,31607,20
885,31608,21
885,31609,22
885,31610,23
886,31611,0
886,31612,1
886,31613,2
886,31614,3
886,31615,4
886,31616,5
886,31617,6
886,31618,7
886,31619,8
886,31620,9
886,31621,10
886,31622,11
886,31623,12
886,31624,13
886,31625,14
886,31626,15
886,31627,16
886,31628,17
886,31629,18
886,31630,19
886,31631,20
886,31632,21
886,31633,22
886,31634,23
887,31635,0
887,31636,1
887,31637,2
887,31638,3
887,31639,4
887,31640,5
887,31641,6
887,31642,7
887,31643,8
887,31644,9
887,31645,10
887,31646,11
887,31647,12
887,31648,13
887,31649,14
887,31650,15
887,31651,16
887,31652,17
887,31653,18
887,31654,19
887,31655,20
887,31656,21
888,31657,0
888,31658,1
888,31659,2
888,31660,3
888,31661,4
888,31662,5
888,31663,6
888,31664,7
888,31665,8
888,31666,9
888,31667,10
888,31668,11
888,31669,12
888,31670,13
888,31671,14
888,31672,15
888,31673,16
888,31674,17
888,31675,18
888,31676,19
888,31677,20
888,31678,21
889,31679,0
889,31680,1
889,31681,2
889,31682,3
889,31683,4
889,31684,5
889,31685,6
889,31686,7
889,31687,8
889,31688,9
889,31689,10
889,31690,11
889,31691,12
889,31692,13
889,31693,14
889,31694,15
889,31695,16
889,31696,17
889,31697,18
889,31698,19
889,31699,20
889,31700,21
889,31701,22
889,31702,23
889,31703,24
889,31704,25
889,31705,26
889,31706,27
889,31707,28
889,31708,29
889,31709,30
889,31710,31
889,31711,32
889,31712,33
889,31713,34
890,31714,0
890,31715,1
890,31716,2
890,31717,3
890,31718,4
890,31719,5
890,31720,6
890,31721,7
890,31722,8
890,31723,9
890,31724,10
890,31725,11
890,31726,12
890,31727,13
890,31728,14
890,31729,15
890,31730,16
890,31731,17
890,31732,18
890,31733,19
890,31734,20
890,31735,21
890,31736,22
891,31737,0
891,31738,1
891,31739,2
891,31740,3
891,31741,4
891,31742,5
891,31743,6
891,31744,7
891,31745,8
891,31746,9
891,31747,10
891,31748,11
891,31749,12
891,31750,13
891,31751,14
891,31752,15
891,31753,16
891,31754,17
891,31755,18
891,31756,19
891,31757,20
891,31758,21
891,31759,22
891,31760,23
891,31761,24
891,31762,25
891,31763,26
891,31764,27
891,31765,28
891,31766,29
891,31767,30
891,31768,31
891,31769,32
891,31770,33
891,31771,34
891,31772,35
891,31773,36
891,31774,37
891,31775,38
891,31776,39
891,31777,40
891,31778,41
892,31779,0
892,31780,1
892,31781,2
892,31782,3
892,31783,4
892,31784,5
892,31785,6
892,31786,7
892,31787,8
892,31788,9
892,31789,10
892,31790,11
892,31791,12
892,31792,13
892,31793,14
892,31794,15
892,31795,16
892,31796,17
892,31797,18
892,31798,19
892,31799,20
892,31800,21
892,31801,22
893,31802,0
893,31803,1
893,31804,2
893,31805,3
893,31806,4
893,31807,5
893,31808,6
893,31809,7
893,31810,8
893,31811,9
893,31812,10
893,31813,11
893,31814,12
893,31815,13
893,31816,14
893,31817,15
893,31818,16
893,31819,17
893,31820,18
893,31821,19
893,31822,20
893,31823,21
894,31824,0
894,31825,1
894,31826,2
894,31827,3
894,31828,4
894,31829,5
894,31830,6
894,31831,7
894,31832,8
894,31833,9
894,31834,10
894,31835,11
894,31836,12
894,31837,13
894,31838,14
894,31839,15
894,31840,16
894,31841,17
894,31842,18
894,31843,19
894,31844,20
894,31845,21
894,31846,22
894,31847,23
894,31848,24
894,31849,25
894,31850,26
894,31851,27
894,31852,28
894,31853,29
894,31854,30
894,31855,31
894,31856,32
894,31857,33
894,31858,34
894,31859,35
894,31860,36
894,31861,37
894,31862,38
894,31863,39
894,31864,40
894,31865,41
895,31866,0
895,31867,1
895,31868,2
895,31869,3
895,31870,4
895,31871,5
895,31872,6
895,31873,7
895,31874,8
895,31875,9
895,31876,10
895,31877,11
895,31878,12
895,31879,13
895,31880,14
895,31881,15
895,31882,16
895,31883,17
895,31884,18
895,31885,19
895,31886,20
895,31887,21
895,31888,22
895,31889,23
895,31890,24
895,31891,25
895,31892,26
895,31893,27
895,31894,28
895,31895,29
895,31896,30
895,31897,31
895,31898,32
895,31899,33
895,31900,34
895,31901,35
895,31902,36
895,31903,37
895,31904,38
895,31905,39
895,31906,40
895,31907,41
896,31908,0
896,31909,1
896,31910,2
896,31911,3
896,31912,4
896,31913,5
896,31914,6
896,31915,7
896,31916,8
896,31917,9
896,31918,10
896,31919,11
896,31920,13
896,31921,14
896,31922,15
896,31923,16
896,31924,17
896,31925,18
896,31926,19
896,31927,20
896,31928,21
896,31929,22
896,31930,23
896,31931,24
896,31932,25
896,31933,26
896,31934,27
896,31935,28
896,31936,29
896,31937,30
896,31938,31
896,31939,32
896,31940,33
897,31941,0
897,31942,1
897,31943,2
897,31944,3
897,31945,4
897,31946,5
897,31947,6
897,31948,7
897,31949,8
897,31950,9
897,31951,10
897,31952,11
897,31953,12
897,31954,13
897,31955,14
897,31956,15
897,31957,16
897,31958,17
897,31959,18
897,31960,19
897,31961,20
897,31962,21
897,31963,23
897,31964,24
897,31965,25
897,31966,26
897,31967,27
897,31968,28
897,31969,29
897,31970,30
897,31971,31
897,31972,32
897,31973,33
898,31974,0
898,31975,1
898,31976,2
898,31977,3
898,31978,4
898,31979,5
898,31980,6
898,31981,7
898,31982,8
898,31983,9
898,31984,10
898,31985,11
899,31986,0
899,31987,1
899,31988,2
899,31989,3
899,31990,4
899,31991,5
899,31992,6
899,31993,7
899,31994,8
899,31995,9
899,31996,10
899,31997,11
900,31998,0
900,31999,1
900,32000,2
900,32001,3
900,32002,4
900,32003,5
900,32004,6
900,32005,7
900,32006,8
900,32007,9
900,32008,10
900,32009,11
900,32010,12
900,32011,13
900,32012,14
901,32013,0
901,32014,1
901,32015,2
901,32016,3
901,32017,4
901,32018,5
901,32019,6
901,32020,7
901,32021,8
901,32022,9
901,32023,10
901,32024,11
901,32025,12
901,32026,13
901,32027,14
902,32028,0
902,32029,1
902,32030,2
902,32031,3
902,32032,4
902,32033,5
902,32034,6
902,32035,7
902,32036,8
902,32037,9
902,32038,10
902,32039,11
902,32040,12
902,32041,13
902,32042,14
903,32043,0
903,32044,1
903,32045,2
903,32046,3
903,32047,4
903,32048,5
903,32049,6
903,32050,7
903,32051,8
903,32052,9
903,32053,10
903,32054,11
903,32055,12
903,32056,13
903,32057,14
904,32058,0
904,32059,1
904,32060,2
904,32061,3
904,32062,4
904,32063,5
904,32064,6
904,32065,7
904,32066,8
904,32067,9
904,32068,10
904,32069,11
904,32070,12
904,32071,13
904,32072,14
904,32073,15
904,32074,16
904,32075,17
904,32076,18
904,32077,19
904,32078,20
904,32079,21
904,32080,22
904,32081,23
904,32082,24
904,32083,25
904,32084,26
904,32085,27
904,32086,28
904,32087,29
904,32088,30
904,32089,31
904,32090,32
904,32091,33
904,32092,34
904,32093,35
904,32094,36
904,32095,37
904,32096,38
904,32097,39
904,32098,40
904,32099,41
904,32100,42
904,32101,43
904,32102,44
904,32103,45
904,32104,46
904,32105,47
904,32106,48
905,32107,0
905,32108,1
905,32109,2
905,32110,3
905,32111,4
905,32112,5
905,32113,6
905,32114,7
905,32115,8
905,32116,9
905,32117,10
905,32118,11
905,32119,12
905,32120,13
905,32121,14
905,32122,15
905,32123,16
905,32124,17
905,32125,18
905,32126,19
905,32127,20
905,32128,21
905,32129,22
905,32130,23
905,32131,24
905,32132,25
905,32133,26
905,32134,27
905,32135,28
905,32136,29
905,32137,30
905,32138,31
905,32139,32
905,32140,33
905,32141,34
905,32142,35
905,32143,36
905,32144,37
905,32145,38
905,32146,39
905,32147,40
905,32148,41
905,32149,42
905,32150,43
905,32151,44
905,32152,45
905,32153,46
905,32154,47
905,32155,48
905,32156,49
906,32157,0
906,32158,1
906,32159,2
906,32160,3
906,32161,4
906,32162,5
906,32163,6
906,32164,7
906,32165,8
906,32166,9
906,32167,10
906,32168,11
906,32169,12
906,32170,13
906,32171,14
906,32172,15
906,32173,16
906,32174,17
906,32175,18
906,32176,19
906,32177,20
906,32178,21
906,32179,22
906,32180,23
906,32181,24
906,32182,25
906,32183,26
906,32184,27
906,32185,28
906,32186,29
906,32187,30
906,32188,31
906,32189,32
907,32190,0
907,32191,1
907,32192,2
907,32193,3
907,32194,4
907,32195,5
907,32196,6
907,32197,7
907,32198,8
907,32199,9
907,32200,10
907,32201,11
907,32202,12
907,32203,13
907,32204,14
907,32205,15
907,32206,16
907,32207,17
907,32208,18
907,32209,19
907,32210,20
907,32211,21
907,32212,22
907,32213,23
907,32214,24
907,32215,25
907,32216,26
907,32217,27
907,32218,28
907,32219,29
907,32220,30
907,32221,31
907,32222,32
907,32223,33
907,32224,34
907,32225,35
907,32226,36
907,32227,37
907,32228,38
907,32229,39
907,32230,40
907,32231,41
907,32232,42
907,32233,43
907,32234,44
907,32235,45
907,32236,46
907,32237,47
908,32238,0
908,32239,1
908,32240,2
908,32241,3
908,32242,4
908,32243,5
908,32244,6
908,32245,7
908,32246,8
908,32247,9
908,32248,10
908,32249,11
908,32250,12
908,32251,13
908,32252,14
908,32253,15
908,32254,16
908,32255,17
908,32256,18
908,32257,19
908,32258,20
908,32259,21
908,32260,22
908,32261,23
908,32262,24
908,32263,25
908,32264,26
908,32265,27
908,32266,28
908,32267,29
908,32268,30
908,32269,31
908,32270,32
908,32271,33
908,32272,34
908,32273,35
908,32274,36
908,32275,37
908,32276,38
909,32277,0
909,32278,1
909,32279,2
909,32280,3
909,32281,4
909,32282,5
909,32283,6
909,32284,7
909,32285,8
909,32286,9
909,32287,10
909,32288,11
909,32289,12
909,32290,13
909,32291,14
909,32292,15
909,32293,16
909,32294,17
909,32295,18
909,32296,19
909,32297,20
909,32298,21
909,32299,22
909,32300,23
909,32301,24
909,32302,25
909,32303,26
909,32304,27
909,32305,28
909,32306,29
909,32307,30
909,32308,31
909,32309,32
909,32310,33
909,32311,34
909,32312,35
909,32313,36
909,32314,37
909,32315,38
910,32316,0
910,32317,1
910,32318,2
910,32319,3
910,32320,4
910,32321,5
910,32322,6
910,32323,7
910,32324,8
910,32325,9
910,32326,10
910,32327,11
910,32328,12
910,32329,13
910,32330,14
910,32331,15
910,32332,16
910,32333,17
910,32334,18
910,32335,19
910,32336,20
910,32337,21
911,32338,0
911,32339,1
911,32340,2
911,32341,3
911,32342,4
911,32343,5
911,32344,6
911,32345,7
911,32346,8
911,32347,9
911,32348,10
911,32349,11
911,32350,12
911,32351,13
911,32352,14
911,32353,15
911,32354,16
911,32355,17
911,32356,18
911,32357,19
912,32358,0
912,32359,1
912,32360,2
912,32361,3
912,32362,4
912,32363,5
912,32364,6
912,32365,7
912,32366,8
912,32367,9
912,32368,10
912,32369,11
912,32370,12
912,32371,13
912,32372,14
912,32373,15
912,32374,16
912,32375,17
912,32376,18
912,32377,19
912,32378,20
912,32379,21
912,32380,22
912,32381,23
912,32382,24
912,32383,25
912,32384,26
912,32385,27
912,32386,28
912,32387,29
912,32388,30
912,32389,31
912,32390,32
912,32391,33
912,32392,34
912,32393,35
912,32394,36
912,32395,37
912,32396,38
912,32397,39
912,32398,40
912,32399,41
912,32400,42
912,32401,43
912,32402,44
912,32403,45
912,32404,46
912,32405,47
913,32406,0
913,32407,1
913,32408,2
913,32409,3
913,32410,4
913,32411,5
913,32412,6
913,32413,7
913,32414,8
913,32415,9
913,32416,10
913,32417,11
913,32418,12
913,32419,13
913,32420,14
913,32421,15
913,32422,16
913,32423,17
913,32424,18
913,32425,19
913,32426,20
913,32427,21
913,32428,22
913,32429,23
913,32430,24
913,32431,25
913,32432,26
913,32433,27
913,32434,28
913,32435,29
913,32436,30
913,32437,31
913,32438,32
913,32439,33
913,32440,34
913,32441,35
913,32442,36
913,32443,37
913,32444,38
913,32445,39
913,32446,40
913,32447,41
913,32448,42
913,32449,43
913,32450,44
913,32451,45
913,32452,46
913,32453,47
913,32454,48
914,32455,0
914,32456,1
914,32457,2
914,32458,3
914,32459,4
914,32460,5
914,32461,6
914,32462,7
914,32463,8
914,32464,9
914,32465,10
914,32466,11
914,32467,12
914,32468,13
914,32469,14
914,32470,15
914,32471,16
914,32472,17
914,32473,18
914,32474,19
914,32475,20
914,32476,21
914,32477,22
914,32478,23
914,32479,24
914,32480,25
914,32481,26
914,32482,27
914,32483,28
914,32484,29
914,32485,30
914,32486,31
914,32487,32
914,32488,33
914,32489,34
914,32490,35
914,32491,36
914,32492,37
914,32493,38
914,32494,39
914,32495,40
914,32496,41
914,32497,42
914,32498,43
914,32499,44
914,32500,45
914,32501,46
914,32502,47
915,32503,0
915,32504,1
915,32505,2
915,32506,3
915,32507,4
915,32508,5
915,32509,6
915,32510,7
915,32511,8
915,32512,9
915,32513,10
915,32514,11
915,32515,12
915,32516,13
915,32517,14
915,32518,15
915,32519,16
915,32520,17
915,32521,18
915,32522,19
915,32523,20
915,32524,21
915,32525,22
915,32526,23
915,32527,24
916,32528,0
916,32529,1
916,32530,2
916,32531,3
916,32532,4
916,32533,5
916,32534,6
916,32535,7
916,32536,8
916,32537,9
916,32538,10
916,32539,11
916,32540,12
916,32541,13
916,32542,14
916,32543,15
916,32544,16
916,32545,17
916,32546,18
916,32547,19
916,32548,20
916,32549,21
916,32550,22
916,32551,23
916,32552,24
916,32553,25
917,32554,0
917,32555,1
917,32556,2
917,32557,3
917,32558,4
917,32559,5
917,32560,6
917,32561,7
917,32562,8
917,32563,9
917,32564,10
917,32565,11
917,32566,12
917,32567,13
917,32568,14
917,32569,15
917,32570,16
917,32571,17
917,32572,18
917,32573,19
917,32574,20
917,32575,21
917,32576,22
917,32577,23
917,32578,24
917,32579,25
917,32580,26
917,32581,27
917,32582,28
917,32583,29
917,32584,30
917,32585,31
917,32586,32
917,32587,33
917,32588,34
917,32589,35
917,32590,36
917,32591,37
917,32592,38
917,32593,39
917,32594,40
917,32595,41
917,32596,42
917,32597,43
917,32598,44
917,32599,45
917,32600,46
917,32601,47
917,32602,48
917,32603,49
918,32604,0
918,32605,1
918,32606,2
918,32607,3
918,32608,4
918,32609,5
918,32610,6
918,32611,7
918,32612,8
918,32613,9
918,32614,10
918,32615,11
918,32616,12
918,32617,13
918,32618,14
918,32619,15
918,32620,16
918,32621,17
918,32622,18
918,32623,19
918,32624,20
918,32625,21
918,32626,22
918,32627,23
918,32628,24
918,32629,25
918,32630,26
918,32631,27
918,32632,28
918,32633,29
918,32634,30
918,32635,31
918,32636,32
918,32637,33
918,32638,34
918,32639,35
918,32640,36
918,32641,37
918,32642,38
918,32643,39
918,32644,40
918,32645,41
918,32646,42
918,32647,43
918,32648,44
918,32649,45
918,32650,46
919,32651,0
919,32652,1
919,32653,2
919,32654,3
919,32655,4
919,32656,5
919,32657,6
919,32658,7
919,32659,8
919,32660,9
919,32661,10
919,32662,11
919,32663,12
919,32664,13
919,32665,14
919,32666,15
919,32667,16
919,32668,17
919,32669,18
919,32670,19
919,32671,20
919,32672,21
919,32673,22
919,32674,23
919,32675,24
919,32676,25
919,32677,26
919,32678,27
919,32679,28
919,32680,29
919,32681,30
919,32682,31
919,32683,32
919,32684,33
919,32685,34
919,32686,35
919,32687,36
919,32688,37
919,32689,38
919,32690,39
919,32691,40
919,32692,41
919,32693,42
919,32694,43
919,32695,44
919,32696,45
919,32697,46
919,32698,47
919,32699,48
919,32700,49
919,32701,50
919,32702,51
919,32703,52
919,32704,53
919,32705,54
919,32706,55
920,32707,0
920,32708,1
920,32709,2
920,32710,3
920,32711,4
920,32712,5
920,32713,6
920,32714,7
920,32715,8
920,32716,9
920,32717,10
920,32718,11
920,32719,12
920,32720,13
920,32721,14
920,32722,15
920,32723,16
920,32724,17
920,32725,18
920,32726,19
920,32727,20
920,32728,21
920,32729,22
920,32730,23
920,32731,24
920,32732,25
920,32733,26
920,32734,27
920,32735,28
920,32736,29
920,32737,30
920,32738,31
920,32739,32
920,32740,33
920,32741,34
920,32742,35
920,32743,36
920,32744,37
920,32745,38
920,32746,39
920,32747,40
920,32748,41
920,32749,42
920,32750,43
920,32751,44
920,32752,45
920,32753,46
920,32754,47
920,32755,48
920,32756,49
920,32757,50
920,32758,51
920,32759,52
920,32760,53
921,32761,0
921,32762,1
921,32763,2
921,32764,3
921,32765,4
921,32766,5
921,32767,6
921,32768,7
921,32769,8
921,32770,9
921,32771,10
921,32772,11
921,32773,12
921,32774,13
921,32775,14
921,32776,15
921,32777,16
921,32778,17
921,32779,18
921,32780,19
921,32781,20
921,32782,21
921,32783,22
921,32784,23
921,32785,24
921,32786,25
921,32787,26
921,32788,27
921,32789,28
922,32790,0
922,32791,1
922,32792,2
922,32793,3
922,32794,4
922,32795,5
922,32796,6
922,32797,7
922,32798,8
922,32799,9
922,32800,10
922,32801,11
922,32802,12
922,32803,13
922,32804,14
922,32805,15
922,32806,16
922,32807,17
922,32808,18
922,32809,19
922,32810,20
922,32811,21
922,32812,22
922,32813,23
922,32814,24
922,32815,25
922,32816,26
922,32817,27
922,32818,28
922,32819,29
923,32820,0
923,32821,1
923,32822,2
923,32823,3
923,32824,4
923,32825,5
923,32826,6
923,32827,7
923,32828,8
923,32829,9
923,32830,10
923,32831,11
923,32832,12
923,32833,13
923,32834,14
923,32835,15
923,32836,16
923,32837,17
924,32838,0
924,32839,1
924,32840,2
924,32841,3
924,32842,4
924,32843,5
924,32844,6
924,32845,7
924,32846,8
924,32847,9
924,32848,10
924,32849,11
924,32850,12
924,32851,13
924,32852,14
924,32853,15
924,32854,16
924,32855,17
924,32856,18
925,32857,0
925,32858,1
925,32859,2
925,32860,3
925,32861,4
925,32862,5
925,32863,6
925,32864,7
925,32865,8
925,32866,9
925,32867,10
925,32868,11
925,32869,12
925,32870,13
925,32871,14
925,32872,15
925,32873,16
925,32874,17
925,32875,18
925,32876,19
925,32877,20
925,32878,21
925,32879,22
925,32880,23
925,32881,24
925,32882,25
925,32883,26
926,32884,0
926,32885,1
926,32886,2
926,32887,3
926,32888,4
926,32889,5
926,32890,6
926,32891,7
926,32892,8
926,32893,9
926,32894,10
926,32895,11
926,32896,12
926,32897,13
926,32898,14
926,32899,15
926,32900,16
926,32901,17
926,32902,18
926,32903,19
926,32904,20
926,32905,21
926,32906,22
926,32907,23
927,32908,0
927,32909,1
927,32910,2
927,32911,3
927,32912,4
927,32913,5
927,32914,6
927,32915,7
927,32916,8
927,32917,9
927,32918,10
927,32919,11
927,32920,12
927,32921,13
927,32922,14
927,32923,15
927,32924,16
927,32925,17
927,32926,18
927,32927,19
927,32928,20
927,32929,21
927,32930,22
927,32931,23
927,32932,24
927,32933,25
927,32934,26
927,32935,27
927,32936,28
928,32937,0
928,32938,1
928,32939,2
928,32940,3
928,32941,4
928,32942,5
928,32943,6
928,32944,7
928,32945,8
928,32946,9
928,32947,10
928,32948,11
928,32949,12
928,32950,13
928,32951,14
928,32952,15
928,32953,16
928,32954,17
928,32955,18
928,32956,19
928,32957,20
928,32958,21
928,32959,22
928,32960,23
928,32961,24
928,32962,25
928,32963,26
928,32964,27
928,32965,28
928,32966,29
928,32967,30
928,32968,31
928,32969,32
928,32970,33
928,32971,34
928,32972,35
928,32973,36
928,32974,37
928,32975,38
928,32976,39
928,32977,40
929,32978,0
929,32979,1
929,32980,2
929,32981,3
929,32982,4
929,32983,5
929,32984,6
929,32985,7
929,32986,8
929,32987,9
929,32988,10
929,32989,11
929,32990,12
929,32991,13
929,32992,14
929,32993,15
929,32994,16
929,32995,17
929,32996,18
929,32997,19
929,32998,20
929,32999,21
929,33000,22
929,33001,23
929,33002,24
929,33003,25
929,33004,26
929,33005,27
929,33006,28
929,33007,29
929,33008,30
929,33009,31
929,33010,32
929,33011,33
929,33012,34
929,33013,35
929,33014,36
929,33015,37
929,33016,38
929,33017,39
929,33018,40
930,33019,0
930,33020,1
930,33021,2
930,33022,3
930,33023,4
930,33024,5
930,33025,6
930,33026,7
930,33027,8
930,33028,9
930,33029,10
930,33030,11
930,33031,12
930,33032,13
930,33033,14
930,33034,15
930,33035,16
930,33036,17
930,33037,18
930,33038,19
930,33039,20
930,33040,21
930,33041,22
930,33042,23
930,33043,24
930,33044,25
930,33045,26
930,33046,27
930,33047,28
930,33048,29
930,33049,30
930,33050,31
930,33051,32
930,33052,33
930,33053,34
930,33054,35
930,33055,36
930,33056,37
930,33057,38
930,33058,39
930,33059,40
930,33060,41
930,33061,42
930,33062,43
930,33063,44
930,33064,45
930,33065,46
930,33066,47
930,33067,48
930,33068,49
930,33069,50
931,33070,0
931,33071,1
931,33072,2
931,33073,3
931,33074,4
931,33075,5
931,33076,6
931,33077,7
931,33078,8
931,33079,9
931,33080,10
931,33081,11
931,33082,12
931,33083,13
931,33084,14
931,33085,15
931,33086,16
931,33087,17
931,33088,18
931,33089,19
931,33090,20
931,33091,21
931,33092,22
931,33093,23
931,33094,24
931,33095,25
931,33096,26
931,33097,27
931,33098,28
931,33099,29
931,33100,30
931,33101,31
931,33102,32
931,33103,33
931,33104,34
931,33105,35
931,33106,36
931,33107,37
931,33108,38
931,33109,39
931,33110,40
931,33111,41
931,33112,42
931,33113,43
931,33114,44
931,33115,45
931,33116,46
931,33117,47
931,33118,48
931,33119,49
931,33120,50
932,33121,0
932,33122,1
932,33123,2
932,33124,3
932,33125,4
932,33126,5
932,33127,6
932,33128,7
932,33129,8
932,33130,9
932,33131,10
932,33132,11
932,33133,12
932,33134,13
932,33135,14
932,33136,15
932,33137,16
932,33138,17
932,33139,18
932,33140,19
932,33141,20
932,33142,21
932,33143,22
932,33144,23
932,33145,24
932,33146,25
932,33147,26
932,33148,27
932,33149,28
932,33150,29
932,33151,30
932,33152,31
932,33153,32
932,33154,33
932,33155,34
933,33156,0
933,33157,1
933,33158,2
933,33159,3
933,33160,4
933,33161,5
933,33162,6
933,33163,7
933,33164,8
933,33165,9
933,33166,10
933,33167,11
933,33168,12
933,33169,13
933,33170,14
933,33171,15
933,33172,16
933,33173,17
933,33174,18
933,33175,19
933,33176,20
933,33177,21
933,33178,22
933,33179,23
933,33180,24
933,33181,25
933,33182,26
933,33183,27
933,33184,28
933,33185,29
933,33186,30
933,33187,31
933,33188,32
933,33189,33
933,33190,34
934,33191,0
934,33192,1
934,33193,2
934,33194,3
934,33195,4
934,33196,5
934,33197,6
934,33198,7
934,33199,8
934,33200,9
934,33201,10
934,33202,11
934,33203,12
934,33204,13
934,33205,14
934,33206,15
934,33207,16
934,33208,17
934,33209,18
934,33210,19
934,33211,20
934,33212,21
934,33213,22
934,33214,23
934,33215,24
934,33216,25
934,33217,26
934,33218,27
934,33219,28
934,33220,29
934,33221,30
934,33222,31
934,33223,32
934,33224,33
934,33225,34
934,33226,35
934,33227,36
934,33228,37
934,33229,38
934,33230,39
934,33231,40
934,33232,41
934,33233,42
934,33234,43
934,33235,44
934,33236,45
935,33237,0
935,33238,1
935,33239,2
935,33240,3
935,33241,4
935,33242,5
935,33243,6
935,33244,7
935,33245,8
935,33246,9
935,33247,10
935,33248,11
935,33249,12
935,33250,13
935,33251,14
935,33252,15
935,33253,16
935,33254,17
935,33255,18
935,33256,19
935,33257,20
935,33258,21
935,33259,22
935,33260,23
935,33261,24
935,33262,25
935,33263,26
935,33264,27
935,33265,28
935,33266,29
935,33267,30
935,33268,31
935,33269,32
935,33270,33
935,33271,34
935,33272,35
935,33273,36
935,33274,37
935,33275,38
935,33276,39
935,33277,40
935,33278,41
935,33279,42
935,33280,43
935,33281,44
935,33282,45
936,33283,0
936,33284,1
936,33285,2
936,33286,3
936,33287,4
936,33288,5
936,33289,6
936,33290,7
936,33291,8
936,33292,9
936,33293,10
936,33294,11
936,33295,12
936,33296,13
936,33297,14
936,33298,15
936,33299,16
936,33300,17
936,33301,18
936,33302,19
936,33303,20
936,33304,21
936,33305,22
936,33306,23
936,33307,24
936,33308,25
936,33309,26
936,33310,27
936,33311,28
936,33312,29
936,33313,30
936,33314,31
936,33315,32
936,33316,33
936,33317,34
936,33318,35
936,33319,36
936,33320,37
936,33321,38
936,33322,39
937,33323,0
937,33324,1
937,33325,2
937,33326,3
937,33327,4
937,33328,5
937,33329,6
937,33330,7
937,33331,8
937,33332,9
937,33333,10
937,33334,11
937,33335,12
937,33336,13
937,33337,14
937,33338,15
937,33339,16
937,33340,17
937,33341,18
937,33342,19
937,33343,20
937,33344,21
937,33345,22
937,33346,23
937,33347,24
937,33348,25
937,33349,26
937,33350,27
937,33351,28
937,33352,29
937,33353,30
937,33354,31
937,33355,32
937,33356,33
937,33357,34
937,33358,35
937,33359,36
937,33360,37
937,33361,38
938,33362,0
938,33363,1
938,33364,2
938,33365,3
938,33366,4
938,33367,5
938,33368,6
938,33369,7
938,33370,8
938,33371,9
938,33372,10
938,33373,11
938,33374,12
938,33375,13
938,33376,14
938,33377,15
938,33378,16
938,33379,17
938,33380,18
938,33381,19
938,33382,20
938,33383,21
939,33384,0
939,33385,1
939,33386,2
939,33387,3
939,33388,4
939,33389,5
939,33390,6
939,33391,7
939,33392,8
939,33393,9
939,33394,10
939,33395,11
939,33396,12
939,33397,13
939,33398,14
939,33399,15
939,33400,16
940,33401,0
940,33402,1
940,33403,2
940,33404,3
940,33405,4
940,33406,5
940,33407,6
940,33408,7
940,33409,8
940,33410,9
940,33411,10
940,33412,11
940,33413,12
940,33414,13
940,33415,14
940,33416,15
940,33417,16
941,33418,0
941,33419,1
941,33420,2
941,33421,3
941,33422,4
941,33423,5
941,33424,6
941,33425,7
941,33426,8
941,33427,9
941,33428,10
941,33429,11
941,33430,12
941,33431,13
941,33432,14
941,33433,15
941,33434,16
941,33435,17
941,33436,18
941,33437,19
942,33438,0
942,33439,1
942,33440,2
942,33441,3
942,33442,4
942,33443,5
942,33444,6
942,33445,7
942,33446,8
942,33447,9
942,33448,10
942,33449,11
942,33450,12
943,33451,0
943,33452,1
943,33453,2
943,33454,3
943,33455,4
943,33456,5
943,33457,6
943,33458,7
943,33459,8
943,33460,9
943,33461,10
943,33462,11
943,33463,12
943,33464,13
943,33465,14
943,33466,15
943,33467,16
943,33468,17
943,33469,18
943,33470,19
943,33471,20
943,33472,21
943,33473,22
943,33474,23
943,33475,24
943,33476,25
943,33477,26
943,33478,27
943,33479,28
943,33480,29
943,33481,30
943,33482,31
943,33483,32
943,33484,33
943,33485,34
943,33486,35
943,33487,36
943,33488,37
943,33489,38
943,33490,39
943,33491,40
943,33492,41
943,33493,42
943,33494,43
943,33495,44
943,33496,45
943,33497,46
943,33498,47
943,33499,48
943,33500,49
943,33501,50
943,33502,51
943,33503,52
943,33504,53
944,33505,0
944,33506,1
944,33507,2
944,33508,3
944,33509,4
944,33510,5
944,33511,6
944,33512,7
944,33513,8
944,33514,9
944,33515,10
944,33516,11
944,33517,12
944,33518,13
944,33519,14
944,33520,15
944,33521,16
944,33522,17
944,33523,18
944,33524,19
944,33525,20
944,33526,21
944,33527,22
944,33528,23
944,33529,24
944,33530,25
944,33531,26
944,33532,27
944,33533,28
944,33534,29
944,33535,30
944,33536,31
944,33537,32
944,33538,33
944,33539,34
944,33540,35
945,33541,0
945,33542,1
945,33543,2
945,33544,3
945,33545,4
945,33546,5
945,33547,6
945,33548,7
945,33549,8
945,33550,9
945,33551,10
945,33552,11
945,33553,12
945,33554,13
945,33555,14
945,33556,15
945,33557,16
945,33558,17
945,33559,18
945,33560,19
945,33561,20
945,33562,21
945,33563,22
945,33564,23
945,33565,24
945,33566,25
945,33567,26
945,33568,27
945,33569,28
945,33570,29
945,33571,30
945,33572,31
945,33573,32
945,33574,33
945,33575,34
945,33576,35
945,33577,36
946,33578,0
946,33579,1
946,33580,2
946,33581,3
946,33582,4
946,33583,5
946,33584,6
946,33585,7
946,33586,8
946,33587,9
946,33588,10
946,33589,11
946,33590,12
946,33591,13
946,33592,14
946,33593,15
946,33594,16
946,33595,17
946,33596,18
946,33597,19
946,33598,20
946,33599,21
946,33600,22
946,33601,23
946,33602,24
946,33603,25
946,33604,26
946,33605,27
946,33606,28
946,33607,29
946,33608,30
946,33609,31
946,33610,32
946,33611,33
946,33612,34
946,33613,35
946,33614,36
946,33615,37
946,33616,38
946,33617,39
946,33618,40
946,33619,41
946,33620,42
946,33621,43
946,33622,44
946,33623,45
946,33624,46
946,33625,47
946,33626,48
947,33627,0
947,33628,1
947,33629,2
947,33630,3
947,33631,4
947,33632,5
947,33633,6
947,33634,7
947,33635,8
947,33636,9
947,33637,10
947,33638,11
947,33639,12
947,33640,13
947,33641,14
947,33642,15
947,33643,16
947,33644,17
947,33645,18
947,33646,19
947,33647,20
947,33648,21
947,33649,22
947,33650,23
947,33651,24
947,33652,25
947,33653,26
947,33654,27
947,33655,28
947,33656,29
947,33657,30
947,33658,31
947,33659,32
947,33660,33
947,33661,34
947,33662,35
947,33663,36
947,33664,37
947,33665,38
947,33666,39
947,33667,40
947,33668,41
947,33669,42
947,33670,43
947,33671,44
947,33672,45
947,33673,46
947,33674,47
947,33675,48
948,33676,0
948,33677,1
948,33678,2
948,33679,3
948,33680,4
948,33681,5
948,33682,6
948,33683,7
948,33684,8
948,33685,9
948,33686,10
948,33687,11
948,33688,12
948,33689,13
948,33690,14
948,33691,15
948,33692,16
948,33693,17
948,33694,18
948,33695,19
948,33696,20
948,33697,21
948,33698,22
948,33699,23
948,33700,24
948,33701,25
949,33702,0
949,33703,1
949,33704,2
949,33705,3
949,33706,4
949,33707,5
949,33708,6
949,33709,7
949,33710,8
949,33711,9
949,33712,10
949,33713,11
949,33714,12
949,33715,13
949,33716,14
949,33717,15
949,33718,16
949,33719,17
949,33720,18
949,33721,19
949,33722,20
949,33723,21
949,33724,22
949,33725,23
949,33726,24
949,33727,25
949,33728,26
949,33729,27
949,33730,28
950,33731,0
950,33732,1
950,33733,2
950,33734,3
950,33735,4
950,33736,5
950,33737,6
950,33738,7
950,33739,8
950,33740,9
950,33741,10
950,33742,11
950,33743,12
950,33744,13
950,33745,14
950,33746,15
950,33747,16
950,33748,17
950,33749,18
950,33750,19
950,33751,20
950,33752,21
950,33753,22
950,33754,23
950,33755,24
950,33756,25
950,33757,26
950,33758,27
950,33759,28
951,33760,0
951,33761,1
951,33762,2
951,33763,3
951,33764,4
951,33765,5
951,33766,6
951,33767,7
951,33768,8
951,33769,9
951,33770,10
951,33771,11
951,33772,12
951,33773,13
951,33774,14
951,33775,15
951,33776,16
951,33777,17
951,33778,18
951,33779,19
951,33780,20
951,33781,21
951,33782,22
951,33783,23
951,33784,24
951,33785,25
951,33786,26
951,33787,27
951,33788,28
951,33789,29
951,33790,30
952,33791,0
952,33792,1
952,33793,2
952,33794,3
952,33795,4
952,33796,5
952,33797,6
952,33798,7
952,33799,8
952,33800,9
952,33801,10
952,33802,11
952,33803,12
952,33804,13
952,33805,14
952,33806,15
952,33807,16
952,33808,17
952,33809,18
952,33810,19
952,33811,20
952,33812,21
952,33813,22
952,33814,23
952,33815,24
952,33816,25
952,33817,26
952,33818,27
952,33819,28
952,33820,29
952,33821,30
952,33822,31
952,33823,32
953,33824,0
953,33825,1
953,33826,2
953,33827,3
953,33828,4
953,33829,5
953,33830,6
953,33831,7
953,33832,8
953,33833,9
953,33834,10
953,33835,11
953,33836,12
953,33837,13
953,33838,14
953,33839,15
953,33840,16
953,33841,17
953,33842,18
953,33843,19
953,33844,20
953,33845,21
953,33846,22
953,33847,23
953,33848,24
953,33849,25
953,33850,26
953,33851,27
953,33852,28
953,33853,29
953,33854,30
953,33855,31
953,33856,32
953,33857,33
953,33858,34
954,33859,0
954,33860,1
954,33861,2
954,33862,3
954,33863,4
954,33864,5
954,33865,6
954,33866,7
954,33867,8
954,33868,9
954,33869,10
954,33870,11
954,33871,12
954,33872,13
954,33873,14
954,33874,15
954,33875,16
954,33876,17
954,33877,18
954,33878,19
954,33879,20
954,33880,21
954,33881,22
954,33882,23
954,33883,24
954,33884,25
955,33885,0
955,33886,1
955,33887,2
955,33888,3
955,33889,4
955,33890,5
955,33891,6
955,33892,7
955,33893,8
955,33894,9
955,33895,10
955,33896,11
955,33897,12
955,33898,13
955,33899,14
955,33900,15
955,33901,16
955,33902,17
955,33903,18
955,33904,19
955,33905,20
955,33906,21
955,33907,22
955,33908,23
955,33909,24
955,33910,25
955,33911,26
955,33912,27
955,33913,28
955,33914,29
955,33915,30
956,33916,0
956,33917,1
956,33918,2
956,33919,3
956,33920,4
956,33921,5
956,33922,6
956,33923,7
956,33924,8
956,33925,9
956,33926,10
956,33927,11
956,33928,12
956,33929,13
956,33930,14
956,33931,15
956,33932,16
956,33933,17
956,33934,18
956,33935,19
956,33936,20
956,33937,21
956,33938,22
956,33939,23
956,33940,24
956,33941,25
956,33942,26
956,33943,27
956,33944,28
957,33945,0
957,33946,1
957,33947,2
957,33948,3
957,33949,4
957,33950,5
957,33951,6
957,33952,7
957,33953,8
957,33954,9
957,33955,10
957,33956,11
957,33957,12
957,33958,13
957,33959,14
957,33960,15
957,33961,16
957,33962,17
957,33963,18
957,33964,19
957,33965,20
957,33966,21
957,33967,22
957,33968,23
957,33969,24
957,33970,25
957,33971,26
957,33972,27
957,33973,28
957,33974,29
957,33975,30
957,33976,31
957,33977,32
957,33978,33
957,33979,34
957,33980,35
957,33981,36
958,33982,0
958,33983,1
958,33984,2
958,33985,3
958,33986,4
958,33987,5
958,33988,6
958,33989,7
958,33990,8
958,33991,9
958,33992,10
958,33993,11
958,33994,12
958,33995,13
958,33996,14
958,33997,15
958,33998,16
958,33999,17
958,34000,18
958,34001,19
958,34002,20
958,34003,21
958,34004,22
958,34005,23
958,34006,24
958,34007,25
958,34008,26
958,34009,27
958,34010,28
958,34011,29
958,34012,30
958,34013,31
958,34014,32
958,34015,33
958,34016,34
958,34017,35
959,34018,0
959,34019,1
959,34020,2
959,34021,3
959,34022,4
959,34023,5
959,34024,6
959,34025,7
959,34026,8
959,34027,9
959,34028,10
959,34029,11
959,34030,12
959,34031,13
959,34032,14
959,34033,15
959,34034,16
959,34035,17
959,34036,18
959,34037,19
959,34038,20
959,34039,21
959,34040,22
959,34041,23
959,34042,24
959,34043,25
959,34044,26
959,34045,27
959,34046,28
959,34047,29
